NO polarizer: t (s)	NO polarizer: int (a.u.)	YES polarizer: t (s)	YES polarizer: int (a.u.)	
0.000000	12.891181	0.000000	3.273531
0.047454	12.891181	0.038152	3.273531
0.088251	12.891181	0.076588	3.273531
0.127390	12.891181	0.118912	3.285602
0.167858	12.888936	0.157051	3.285602
0.209435	12.888936	0.197229	3.285602
0.252341	12.888936	0.242783	3.307984
0.297742	12.890150	0.283237	3.307984
0.336375	12.890150	0.352468	3.283936
0.378649	12.890150	0.394283	3.283936
0.419561	12.890294	0.434543	3.283936
0.467642	12.890294	0.475357	3.283936
0.503790	12.890294	0.520102	3.276878
0.545957	12.910231	0.588265	3.276878
0.621738	12.910231	0.631796	3.298592
0.661728	12.910231	0.670203	3.298592
0.706143	12.904429	0.712118	3.298592
0.747602	12.904429	0.750967	3.281491
0.784701	12.904429	0.819201	3.281491
0.829667	12.901767	0.856241	3.281491
0.871636	12.901767	0.897107	3.280489
0.911580	12.901767	0.935779	3.280489
0.958505	12.914289	0.972939	3.280489
0.995048	12.914289	1.012923	3.284935
1.067279	12.905721	1.058304	3.284935
1.113546	12.905721	1.095478	3.284935
1.159431	12.905721	1.166098	3.291290
1.195368	12.905721	1.206859	3.291290
1.235474	12.930491	1.242795	3.291290
1.297499	12.930491	1.285703	3.284772
1.341301	12.927393	1.327097	3.284772
1.381166	12.927393	1.401117	3.284772
1.421970	12.927393	1.448304	3.302524
1.459104	12.927393	1.489909	3.302524
1.503607	12.911665	1.526155	3.302524
1.545092	12.911665	1.588178	3.271653
1.582952	12.911665	1.624039	3.271653
1.625731	12.917909	1.661410	3.271653
1.666478	12.917909	1.703567	3.283967
1.705863	12.917909	1.742451	3.283967
1.753486	12.927123	1.780483	3.283967
1.793267	12.927123	1.823386	3.291105
1.836941	12.927123	1.862124	3.291105
1.875685	12.928296	1.899272	3.291105
1.920031	12.928296	1.935601	3.291105
1.959198	12.928296	1.977448	3.296760
2.029267	12.934328	2.016829	3.296760
2.072274	12.934328	2.053275	3.296760
2.108254	12.934328	2.094763	3.290395
2.156199	12.934635	2.134702	3.290395
2.194398	12.934635	2.174510	3.290395
2.265039	12.934635	2.219745	3.288428
2.310080	12.944768	2.282859	3.288428
2.350347	12.944768	2.320535	3.288428
2.391142	12.944768	2.360624	3.304699
2.434543	12.921529	2.401411	3.304699
2.498073	12.921529	2.441407	3.304699
2.543409	12.946747	2.485867	3.276603
2.583287	12.946747	2.545225	3.276603
2.624145	12.946747	2.580804	3.276603
2.661900	12.946747	2.620718	3.305762
2.709843	12.947875	2.663045	3.305762
2.748048	12.947875	2.701521	3.305762
2.787456	12.947875	2.763054	3.302255
2.834601	12.934587	2.805825	3.302255
2.880412	12.934587	2.842810	3.302255
2.920746	12.934587	2.886067	3.299376
3.002085	12.946833	2.928607	3.299376
3.043167	12.946833	2.994359	3.299376
3.086635	12.940765	3.038036	3.321236
3.130572	12.940765	3.079196	3.321236
3.168065	12.940765	3.119518	3.321236
3.211460	12.959789	3.161303	3.318985
3.250348	12.959789	3.227887	3.318985
3.314971	12.959789	3.267134	3.318985
3.359625	12.942396	3.309442	3.300768
3.396812	12.942396	3.350718	3.300768
3.435622	12.942396	3.387873	3.300768
3.479065	12.947532	3.430011	3.315391
3.520763	12.947532	3.472968	3.315391
3.580365	12.947532	3.510413	3.315391
3.620665	12.941338	3.574094	3.316908
3.660223	12.941338	3.615361	3.316908
3.703272	12.941338	3.652111	3.316908
3.746900	12.964763	3.695129	3.305539
3.813694	12.964763	3.734697	3.305539
3.855276	12.964763	3.809880	3.329064
3.894322	12.962904	3.852439	3.329064
3.938717	12.962904	3.889802	3.329064
3.977105	12.962904	3.929762	3.329064
4.049025	12.958376	3.970551	3.329908
4.090040	12.958376	4.042769	3.329908
4.127409	12.971908	4.080597	3.306972
4.170556	12.971908	4.120722	3.306972
4.209817	12.971908	4.158500	3.306972
4.247443	12.971908	4.195302	3.306972
4.294325	12.826713	4.237788	3.308445
4.331239	12.826713	4.282990	3.308445
4.397553	12.827635	4.320433	3.308445
4.436412	12.827635	4.384613	3.322268
4.483654	12.827635	4.424548	3.322268
4.520067	12.827635	4.462586	3.322268
4.561392	12.821903	4.507504	3.321674
4.630755	12.821903	4.544758	3.321674
4.670013	12.823135	4.619425	3.324147
4.712290	12.823135	4.658504	3.324147
4.755599	12.823135	4.701470	3.324147
4.794688	12.823135	4.742674	3.323650
4.843764	12.816173	4.804680	3.323650
4.886364	12.816173	4.841483	3.323650
4.924103	12.827939	4.879949	3.310760
4.972399	12.827939	4.926283	3.310760
5.008295	12.827939	4.962027	3.310760
5.046596	12.827939	5.026083	3.304547
5.117191	12.844363	5.068250	3.304547
5.157882	12.844363	5.104105	3.304547
5.196521	12.844363	5.146173	3.320383
5.243870	12.812523	5.186924	3.320383
5.283676	12.812523	5.260303	3.320383
5.323092	12.812523	5.305398	3.322818
5.365880	12.800225	5.346904	3.322818
5.404574	12.800225	5.384899	3.322818
5.442760	12.800225	5.427825	3.316582
5.485098	12.814060	5.494123	3.316582
5.528020	12.814060	5.534786	3.327953
5.600973	12.808973	5.580057	3.327953
5.643715	12.808973	5.619411	3.327953
5.681625	12.808973	5.656536	3.327953
5.720128	12.808973	5.697884	3.327695
5.764943	12.810795	5.742982	3.327695
5.805386	12.810795	5.780692	3.327695
5.845016	12.810795	5.855206	3.325592
5.886800	12.794760	5.893383	3.325592
5.928378	12.794760	5.932607	3.325592
5.966356	12.794760	5.973392	3.320844
6.006354	12.776067	6.013123	3.320844
6.049057	12.776067	6.075176	3.320844
6.086370	12.776067	6.116373	3.320574
6.124806	12.768254	6.155390	3.320574
6.166240	12.768254	6.191283	3.320574
6.206826	12.768254	6.234221	3.335465
6.244413	12.768254	6.278907	3.335465
6.286651	12.793915	6.317691	3.335465
6.329697	12.793915	6.392794	3.324252
6.364946	12.793915	6.433130	3.324252
6.408666	12.813135	6.470174	3.324252
6.449111	12.813135	6.515246	3.325596
6.522023	12.813135	6.577085	3.325596
6.566241	12.810114	6.616954	3.328675
6.605572	12.810114	6.657670	3.328675
6.649886	12.810114	6.694555	3.328675
6.688108	12.809402	6.731582	3.328675
6.728287	12.809402	6.774183	3.330217
6.804256	12.802885	6.812625	3.330217
6.843935	12.802885	6.851030	3.330217
6.884616	12.802885	6.897392	3.312658
6.924300	12.806215	6.934073	3.312658
6.966876	12.806215	7.002131	3.312658
7.004997	12.806215	7.041688	3.320430
7.047060	12.806215	7.084258	3.320430
7.085706	12.814401	7.123827	3.320430
7.161659	12.814401	7.167699	3.331075
7.200496	12.802722	7.208035	3.331075
7.244942	12.802722	7.246002	3.331075
7.282452	12.802722	7.284533	3.320722
7.326178	12.795985	7.326162	3.320722
7.366132	12.795985	7.364997	3.320722
7.430296	12.795985	7.401109	3.320722
7.469024	12.795985	7.444711	3.336067
7.507215	12.801151	7.482770	3.336067
7.546297	12.801151	7.520950	3.336067
7.587489	12.801151	7.566922	3.325915
7.626480	12.812532	7.605994	3.325915
7.668133	12.812532	7.676569	3.320649
7.709434	12.812532	7.717786	3.320649
7.755030	12.828945	7.755540	3.320649
7.793992	12.828945	7.795304	3.320649
7.836226	12.828945	7.838315	3.343724
7.874591	12.821505	7.910938	3.343724
7.925854	12.821505	7.952667	3.322325
7.961826	12.821505	7.993942	3.322325
8.000766	12.830568	8.030341	3.322325
8.042124	12.830568	8.068819	3.322325
8.082937	12.830568	8.113428	3.328047
8.120360	12.830568	8.152010	3.328047
8.196161	12.834056	8.221595	3.325674
8.234644	12.834056	8.262685	3.325674
8.275745	12.838785	8.298945	3.325674
8.319794	12.838785	8.341351	3.349583
8.356533	12.838785	8.381026	3.349583
8.398747	12.825965	8.454539	3.349583
8.441407	12.825965	8.494161	3.354360
8.483195	12.825965	8.533213	3.354360
8.522398	12.825965	8.573427	3.354360
8.561586	12.825301	8.617876	3.349312
8.600842	12.825301	8.676636	3.349312
8.640810	12.825301	8.714625	3.349312
8.679305	12.818998	8.753865	3.345661
8.722555	12.818998	8.791771	3.345661
8.760864	12.818998	8.830130	3.345661
8.822849	12.829443	8.867387	3.345661
8.865204	12.829443	8.910930	3.335989
8.902368	12.829443	8.951554	3.335989
8.945002	12.832696	8.988307	3.335989
8.986069	12.832696	9.053473	3.347916
9.054716	12.832696	9.088931	3.347916
9.098463	12.850243	9.126340	3.347916
9.136146	12.850243	9.167923	3.353441
9.177796	12.850243	9.206455	3.353441
9.217587	12.855167	9.245333	3.353441
9.257138	12.855167	9.288404	3.341564
9.325549	12.854166	9.328274	3.341564
9.365499	12.854166	9.391314	3.341564
9.406463	12.854166	9.430904	3.362170
9.443822	12.854166	9.472959	3.362170
9.484707	12.864086	9.512731	3.362170
9.521906	12.864086	9.554477	3.364568
9.560724	12.864086	9.627255	3.364568
9.599431	12.881565	9.665620	3.364568
9.642381	12.881565	9.707790	3.367352
9.679650	12.881565	9.747559	3.367352
9.717660	12.881565	9.786853	3.367352
9.793078	12.877245	9.827317	3.359584
9.833916	12.877245	9.868382	3.359584
9.873575	12.870563	9.906374	3.359584
9.912685	12.870563	9.950978	3.360537
9.952628	12.870563	9.989132	3.360537
9.992967	12.870563	10.049133	3.360537
10.040420	12.858335	10.091202	3.365681
10.077952	12.858335	10.135539	3.365681
10.117695	12.858335	10.178132	3.365681
10.186519	12.873931	10.227057	3.402171
10.224436	12.873931	10.267804	3.402171
10.264176	12.873931	10.306632	3.402171
10.317104	12.888280	10.349485	3.430087
10.361544	12.888280	10.389642	3.430087
10.398227	12.879382	10.429361	3.430087
10.463990	12.879382	10.465241	3.430087
10.500450	12.879382	10.508080	3.481204
10.542341	12.897530	10.545910	3.481204
10.587687	12.897530	10.587149	3.481204
10.626018	12.897530	10.631158	3.496332
10.664935	12.897530	10.672345	3.496332
10.711089	12.890211	10.714058	3.496332
10.749074	12.890211	10.758563	3.491241
10.826066	12.896109	10.797015	3.491241
10.864983	12.896109	10.856471	3.491241
10.903679	12.896109	10.897058	3.467413
10.947516	12.935733	10.938678	3.467413
10.987893	12.935733	10.980361	3.467413
11.029713	12.935733	11.023480	3.444815
11.071613	12.917294	11.063747	3.444815
11.138794	12.917294	11.099794	3.444815
11.178938	12.917294	11.139681	3.393204
11.218634	12.908880	11.180934	3.393204
11.260767	12.908880	11.221338	3.393204
11.299561	12.908880	11.257998	3.393204
11.367146	12.913475	11.303481	3.348215
11.409500	12.913475	11.343150	3.348215
11.446900	12.913475	11.384625	3.348215
11.490453	12.917098	11.427466	3.320250
11.531130	12.917098	11.466486	3.320250
11.601572	12.941296	11.507169	3.320250
11.645101	12.941296	11.551610	3.279990
11.680803	12.941296	11.590269	3.279990
11.720378	12.941296	11.650694	3.279990
11.762993	12.932877	11.689590	3.266866
11.805787	12.932877	11.735065	3.266866
11.842261	12.932877	11.776537	3.266866
11.886838	12.927419	11.817736	3.215574
11.927754	12.927419	11.859472	3.215574
11.967424	12.927419	11.898610	3.215574
12.006203	12.928275	11.937330	3.239898
12.071439	12.928275	11.977200	3.239898
12.111304	12.928275	12.017060	3.239898
12.157795	12.949518	12.054293	3.239898
12.194160	12.949518	12.095668	3.252851
12.233370	12.949518	12.131281	3.252851
12.279202	12.963630	12.171760	3.252851
12.323314	12.963630	12.215957	3.240372
12.382919	12.963630	12.255857	3.240372
12.428897	12.953853	12.296094	3.240372
12.467395	12.953853	12.332444	3.240372
12.508673	12.953853	12.375187	3.236115
12.554107	12.956822	12.414386	3.236115
12.618975	12.956822	12.450951	3.236115
12.662464	12.989791	12.491984	3.221739
12.702922	12.989791	12.528897	3.221739
12.746635	12.989791	12.566843	3.221739
12.785594	12.989791	12.605759	3.221739
12.853527	12.990977	12.647532	3.226140
12.894858	12.990977	12.687101	3.226140
12.931706	12.993031	12.752275	3.251666
12.977776	12.993031	12.790725	3.251666
13.015734	12.993031	12.830447	3.251666
13.088151	12.983486	12.872806	3.251666
13.128186	12.983486	12.914195	3.262920
13.163221	12.983486	12.982903	3.262920
13.207678	12.985618	13.027963	3.263050
13.250741	12.985618	13.067182	3.263050
13.323425	12.981297	13.107339	3.263050
13.367716	12.981297	13.148068	3.263492
13.404616	12.981297	13.216325	3.263492
13.446120	12.981297	13.254840	3.263492
13.489535	13.007765	13.297398	3.268658
13.556168	13.007765	13.340497	3.268658
13.594347	13.007765	13.378206	3.268658
13.638397	12.988425	13.438046	3.264705
13.675060	12.988425	13.476128	3.264705
13.713385	12.988425	13.514615	3.264705
13.757174	13.004715	13.556017	3.283456
13.796589	13.004715	13.592657	3.283456
13.855968	12.999460	13.630766	3.283456
13.903112	12.999460	13.672050	3.283456
13.941011	12.999460	13.718749	3.263671
13.981221	12.999460	13.758477	3.263671
14.024135	13.001463	13.795273	3.263671
14.087098	13.001463	13.837591	3.262090
14.129302	13.010342	13.880508	3.262090
14.169352	13.010342	13.919291	3.262090
14.211915	13.010342	13.984242	3.277157
14.253398	13.010248	14.024770	3.277157
14.329890	13.010248	14.062864	3.277157
14.374953	13.010248	14.106406	3.275771
14.416712	13.009142	14.148020	3.275771
14.461221	13.009142	14.223517	3.287429
14.500658	13.009142	14.262961	3.287429
14.575778	13.004052	14.306529	3.287429
14.619722	13.004052	14.350616	3.285648
14.657960	13.015363	14.424946	3.285648
14.701132	13.015363	14.462644	3.285648
14.740854	13.015363	14.503151	3.268235
14.810986	13.027617	14.542529	3.268235
14.854895	13.027617	14.582722	3.268235
14.892763	13.027617	14.630147	3.273536
14.938136	13.003242	14.669732	3.273536
14.979837	13.003242	14.709540	3.273536
15.042632	13.003242	14.748711	3.278698
15.087846	13.019206	14.789346	3.278698
15.126083	13.019206	14.828587	3.278698
15.164851	13.019206	14.865846	3.278698
15.210096	13.010658	14.909647	3.287610
15.250051	13.010658	14.951951	3.287610
15.306967	13.010658	14.988514	3.287610
15.351520	13.023762	15.051775	3.281350
15.390532	13.023762	15.090357	3.281350
15.431450	13.023762	15.130093	3.281350
15.473705	13.036186	15.172462	3.292218
15.541079	13.036186	15.211858	3.292218
15.582701	13.036186	15.248966	3.292218
15.623640	13.035930	15.294053	3.285728
15.665309	13.035930	15.332118	3.285728
15.704767	13.035930	15.393569	3.285728
15.774435	12.889086	15.437167	3.296504
15.816918	12.889086	15.480582	3.296504
15.854771	12.883062	15.522301	3.296504
15.897408	12.883062	15.564400	3.278780
15.939144	12.883062	15.630130	3.278780
16.009984	12.893784	15.667544	3.278780
16.054255	12.893784	15.708688	3.266096
16.090319	12.893784	15.749866	3.266096
16.132469	12.887716	15.788055	3.266096
16.172831	12.887716	15.828641	3.276090
16.240683	12.887716	15.866302	3.276090
16.285396	12.867178	15.905584	3.276090
16.323160	12.867178	15.949359	3.279451
16.367268	12.867178	15.986231	3.279451
16.406338	12.882577	16.053007	3.279451
16.455698	12.882577	16.092612	3.256570
16.491871	12.882577	16.135901	3.256570
16.532485	12.886047	16.180155	3.256570
16.577380	12.886047	16.220398	3.261734
16.615414	12.886047	16.260485	3.261734
16.656165	12.872044	16.297709	3.261734
16.699546	12.872044	16.337554	3.238463
16.737101	12.872044	16.378426	3.238463
16.809465	12.857455	16.418764	3.238463
16.849075	12.857455	16.455863	3.238463
16.888714	12.857455	16.495502	3.244582
16.929147	12.854376	16.533475	3.244582
16.971521	12.854376	16.571926	3.244582
17.015000	12.854376	16.614163	3.228749
17.051295	12.842094	16.657922	3.228749
17.098625	12.842094	16.698044	3.228749
17.137766	12.842094	16.735558	3.228956
17.178341	12.842094	16.775493	3.228956
17.220504	12.846570	16.814078	3.228956
17.291369	12.846570	16.850693	3.228956
17.337115	12.861082	16.898048	3.187949
17.379642	12.861082	16.936026	3.187949
17.422767	12.861082	16.996879	3.187949
17.461833	12.872038	17.039314	3.147686
17.511073	12.872038	17.083050	3.147686
17.548785	12.872038	17.124727	3.147686
17.590087	12.872038	17.168190	4.425363
17.632891	12.849118	17.206770	4.425363
17.694881	12.849118	17.245806	4.425363
17.737768	12.860672	17.285502	4.424833
17.777026	12.860672	17.325270	4.424833
17.819664	12.860672	17.364729	4.424833
17.858449	12.862595	17.401906	4.424833
17.904938	12.862595	17.443391	4.432662
17.940765	12.862595	17.480901	4.432662
17.981832	12.862595	17.519066	4.432662
18.024653	12.886080	17.565914	4.440170
18.085646	12.886080	17.606815	4.440170
18.123216	12.886080	17.682470	4.431989
18.161289	12.875410	17.723271	4.431989
18.201535	12.875410	17.762138	4.431989
18.239868	12.875410	17.803812	4.431989
18.281521	12.855334	17.846339	4.434672
18.321763	12.855334	17.914719	4.434672
18.361332	12.855334	17.956670	4.449326
18.399776	12.863559	17.999581	4.449326
18.440655	12.863559	18.039476	4.449326
18.479767	12.863559	18.082949	4.453833
18.517471	12.863559	18.149768	4.453833
18.564890	12.848965	18.186662	4.453833
18.601734	12.848965	18.228336	4.423872
18.639856	12.848965	18.268418	4.423872
18.701600	12.871710	18.305409	4.423872
18.742198	12.871710	18.348366	4.437322
18.779249	12.871710	18.389721	4.437322
18.823384	12.871643	18.428423	4.437322
18.862975	12.871643	18.505491	4.437082
18.901314	12.871643	18.543147	4.437082
18.946138	12.873975	18.580360	4.437082
18.984574	12.873975	18.620741	4.450837
19.023345	12.873975	18.664240	4.450837
19.066825	12.880238	18.701424	4.450837
19.106300	12.880238	18.761911	4.467964
19.147849	12.880238	18.801043	4.467964
19.185641	12.880238	18.838794	4.467964
19.234462	12.878755	18.879837	4.455975
19.272756	12.878755	18.918757	4.455975
19.309072	12.878755	18.956390	4.455975
19.352580	12.909139	18.997998	4.455975
19.397923	12.909139	19.042713	4.451283
19.436172	12.909139	19.089855	4.451283
19.512585	12.875172	19.133353	4.451283
19.550627	12.875172	19.182591	4.444169
19.591077	12.875172	19.221754	4.444169
19.635932	12.883072	19.262896	4.436335
19.673240	12.883072	19.307637	4.436335
19.714780	12.883072	19.369389	4.436335
19.757416	12.900586	19.407370	4.421435
19.826322	12.900586	19.448549	4.421435
19.868826	12.902677	19.487713	4.421435
19.912801	12.902677	19.523496	4.421435
19.951808	12.902677	19.564280	4.382824
19.994364	12.902677	19.603686	4.382824
20.037087	12.912503	19.640517	4.382824
20.107334	12.912503	19.684823	4.370545
20.150663	12.912483	19.726067	4.370545
20.188560	12.912483	19.763119	4.370545
20.228124	12.912483	19.825405	4.363209
20.275208	12.906554	19.865667	4.363209
20.315082	12.906554	19.903499	4.363209
20.371775	12.906554	19.943483	4.405632
20.413496	12.929771	19.982099	4.405632
20.454629	12.929771	20.020366	4.405632
20.497190	12.929771	20.065960	4.445527
20.537699	12.944279	20.109835	4.445527
20.608085	12.944279	20.149858	4.445527
20.650576	12.944279	20.187355	4.445527
20.690801	12.937660	20.228949	4.444092
20.734041	12.937660	20.272727	4.444092
20.772458	12.937660	20.309923	4.444092
20.842985	12.939843	20.378082	4.434442
20.885056	12.939843	20.420038	4.434442
20.922688	12.939843	20.459594	4.434442
20.966786	12.956846	20.505557	4.473001
21.006355	12.956846	20.545185	4.473001
21.076848	12.958802	20.614225	4.504244
21.120883	12.958802	20.655314	4.504244
21.157262	12.958802	20.693333	4.504244
21.198835	12.968943	20.731190	4.504244
21.240725	12.968943	20.773742	4.511855
21.309910	12.968943	20.812565	4.511855
21.355273	12.973251	20.851453	4.511855
21.392596	12.973251	20.898174	4.509353
21.431219	12.973251	20.936054	4.509353
21.475177	12.967436	21.005680	4.517874
21.515389	12.967436	21.048968	4.517874
21.572259	12.967436	21.089410	4.517874
21.616209	12.975743	21.130873	4.517874
21.656692	12.975743	21.173467	4.547192
21.697629	12.975743	21.213895	4.547192
21.739111	12.984260	21.250852	4.547192
21.806487	12.984260	21.294144	4.550125
21.847986	12.984260	21.334508	4.550125
21.889775	12.996124	21.371510	4.550125
21.933249	12.996124	21.409155	4.533533
21.972000	12.996124	21.453562	4.533533
22.041432	12.981291	21.490519	4.533533
22.082343	12.981291	21.528322	4.533533
22.120202	12.981291	21.575479	4.566772
22.166174	12.987180	21.613473	4.566772
22.205496	12.987180	21.682273	4.581908
22.279530	12.989759	21.722649	4.581908
22.324770	12.989759	21.759974	4.581908
22.365450	12.989759	21.800631	4.581908
22.412810	13.002399	21.843854	4.588490
22.454191	13.002399	21.902600	4.588490
22.530769	13.054166	21.941949	4.625373
22.574373	13.054166	21.985188	4.625373
22.611112	13.054166	22.025707	4.625373
22.652893	13.021798	22.066361	4.604679
22.694981	13.021798	22.121840	4.604679
22.762988	13.021798	22.160072	4.604679
22.806229	13.014515	22.197807	4.604679
22.845067	13.014515	22.238884	4.572484
22.887927	13.014515	22.277654	4.572484
22.926456	13.044235	22.313135	4.572484
22.976465	13.044235	22.356898	4.576477
23.012415	13.044235	22.394651	4.576477
23.053583	13.044235	22.436151	4.576477
23.094585	13.036249	22.479510	4.548316
23.133928	13.036249	22.521991	4.548316
23.172958	13.036249	22.563992	4.548316
23.223648	13.055903	22.602556	4.548316
23.262553	13.055903	22.642933	4.541238
23.301893	13.055903	22.683848	4.541238
23.345200	13.039781	22.721229	4.541238
23.384919	13.039781	22.769594	4.512094
23.422427	13.039781	22.805718	4.512094
23.463912	13.050534	22.870829	4.501619
23.505315	13.050534	22.912134	4.501619
23.541955	13.050534	22.954691	4.501619
23.580981	13.045289	22.993871	4.501619
23.624913	13.045289	23.035791	4.479151
23.660895	13.045289	23.078290	4.479151
23.699039	13.045289	23.115229	4.479151
23.740758	13.047879	23.155783	4.464157
23.779262	13.047879	23.194207	4.464157
23.817883	13.047879	23.233460	4.464157
23.856101	13.069120	23.275691	4.455469
23.904031	13.069120	23.315040	4.455469
23.942401	13.069120	23.351719	4.455469
23.992041	13.034212	23.388586	4.455469
24.030986	13.034212	23.431504	4.420686
24.072288	13.034212	23.471037	4.420686
24.114590	13.034212	23.507246	4.420686
24.157213	13.044412	23.548273	4.410755
24.223993	13.044412	23.588994	4.410755
24.264562	13.049760	23.653633	4.410755
24.304260	13.049760	23.697920	4.387134
24.343821	13.049760	23.737309	4.387134
24.382734	13.078506	23.775641	4.387134
24.427248	13.078506	23.816399	4.359258
24.464051	13.078506	23.885333	4.359258
24.506455	13.078506	23.924753	4.359258
24.548205	13.068254	23.966257	4.348349
24.600065	13.068254	24.004498	4.348349
24.640820	13.068254	24.040886	4.348349
24.679652	13.064632	24.083546	4.309819
24.722933	13.064632	24.127070	4.309819
24.761402	13.064632	24.165244	4.309819
24.831581	13.060714	24.230567	4.287481
24.874985	13.060714	24.270737	4.287481
24.911614	13.060714	24.306281	4.287481
24.958498	13.063118	24.350632	4.273475
24.999604	13.063118	24.389733	4.273475
25.069288	12.954718	24.448198	4.273475
25.113198	12.954718	24.491501	4.242352
25.150300	12.954718	24.534039	4.242352
25.194493	12.941090	24.574985	4.242352
25.237071	12.941090	24.615478	4.238031
25.300166	12.941090	24.687010	4.238031
25.343626	12.935692	24.723091	4.238031
25.385313	12.935692	24.764122	4.208142
25.424904	12.935692	24.802873	4.208142
25.468004	12.930794	24.840001	4.208142
25.506814	12.930794	24.879894	4.167353
25.550001	12.930794	24.923657	4.167353
25.589029	12.913556	24.962100	4.167353
25.662863	12.913556	25.027826	4.149443
25.700068	12.913556	25.069118	4.149443
25.744849	12.940397	25.107072	4.149443
25.789587	12.940397	25.150566	4.129506
25.828886	12.940397	25.194448	4.129506
25.894691	12.925638	25.234054	4.129506
25.937179	12.925638	25.296009	4.096142
25.973752	12.925638	25.333502	4.096142
26.015145	12.899373	25.369238	4.096142
26.057560	12.899373	25.408854	4.084148
26.092974	12.899373	25.457872	4.084148
26.134552	12.886361	25.497284	4.084148
26.172968	12.886361	25.559958	4.050568
26.211877	12.886361	25.600837	4.050568
26.248450	12.886361	25.639739	4.050568
26.292359	12.913967	25.687879	4.032508
26.330832	12.913967	25.724247	4.032508
26.370490	12.913967	25.795186	4.032508
26.443150	12.907652	25.838591	4.022309
26.481454	12.907652	25.877927	4.022309
26.522583	12.907652	25.917888	4.022309
26.573972	12.888254	25.963167	3.987360
26.611495	12.888254	26.015551	3.987360
26.653856	12.894796	26.054035	3.987360
26.695767	12.894796	26.097222	3.933034
26.735141	12.894796	26.135775	3.933034
26.774709	12.894796	26.173245	3.933034
26.814898	12.896794	26.214069	3.915631
26.858853	12.896794	26.258612	3.915631
26.896947	12.896794	26.296593	3.915631
26.957711	12.900461	26.361752	3.906575
27.000340	12.900461	26.401351	3.906575
27.038019	12.900461	26.440155	3.906575
27.083389	12.923868	26.485023	3.866018
27.123480	12.923868	26.523437	3.866018
27.194259	12.887613	26.564754	3.866018
27.237998	12.887613	26.606483	3.827375
27.274690	12.887613	26.651526	3.827375
27.316260	12.887613	26.688690	3.827375
27.359440	12.907447	26.724528	3.827375
27.428720	12.907447	26.767893	3.815072
27.472619	12.899313	26.812512	3.815072
27.510840	12.899313	26.850185	3.815072
27.554846	12.899313	26.925232	3.791107
27.593619	12.909792	26.965700	3.791107
27.645337	12.909792	27.005224	3.791107
27.682776	12.909792	27.048919	3.755413
27.724206	12.909792	27.087028	3.755413
27.768754	12.923327	27.158138	3.722286
27.805537	12.923327	27.197892	3.722286
27.870131	12.894510	27.236347	3.722286
27.910017	12.894510	27.278376	3.683725
27.950561	12.894510	27.316217	3.683725
27.988390	12.920105	27.354546	3.683725
28.030514	12.920105	27.395942	3.683725
28.070711	12.920105	27.440636	3.654183
28.107828	12.920105	27.486555	3.654183
28.156195	12.909005	27.524810	3.654183
28.193583	12.909005	27.569324	3.627334
28.236429	12.909005	27.612896	3.627334
28.275698	12.925131	27.652269	3.627334
28.320164	12.925131	27.718104	3.622137
28.358594	12.925131	27.756237	3.622137
28.431420	12.935110	27.793881	3.622137
28.474343	12.935110	27.837516	3.571141
28.511399	12.935110	27.882881	3.571141
28.558948	12.938847	27.919959	3.571141
28.596182	12.938847	27.983114	3.542931
28.665549	12.933599	28.021062	3.542931
28.709419	12.933599	28.059080	3.542931
28.744584	12.933599	28.104450	3.519158
28.786938	12.930415	28.145093	3.519158
28.828163	12.930415	28.184549	3.519158
28.898169	12.930415	28.236303	3.483547
28.940089	12.957080	28.275685	3.483547
28.976324	12.957080	28.341792	3.470958
29.019165	12.957080	28.383233	3.470958
29.056525	12.969567	28.425799	3.470958
29.104919	12.969567	28.469677	3.424208
29.140755	12.969567	28.510194	3.424208
29.176044	12.969567	28.550786	3.424208
29.219611	12.951679	28.590298	3.424208
29.257893	12.951679	28.631604	3.402289
29.296740	12.951679	28.669956	3.402289
29.339632	12.969068	28.708699	3.402289
29.377602	12.969068	28.750771	3.372419
29.440797	12.969068	28.788788	3.372419
29.481822	12.978720	28.826631	3.372419
29.523486	12.978720	28.865636	3.345778
29.563726	12.978720	28.913847	3.345778
29.605860	12.988331	28.954230	3.345778
29.644103	12.988331	28.994027	3.345778
29.684531	12.988331	29.036259	3.328424
29.721850	12.988331	29.108271	3.328424
29.767886	12.999282	29.149079	3.303443
29.805292	12.999282	29.192322	3.303443
29.844826	12.999282	29.233621	3.303443
29.918575	12.984927	29.274979	3.262886
29.965868	12.984927	29.316810	3.262886
30.013052	12.993094	29.355381	3.262886
30.051854	12.993094	29.397165	3.232305
30.091388	12.993094	29.439342	3.232305
30.138623	13.014508	29.478075	3.232305
30.207107	13.014508	29.514930	3.232305
30.244016	13.014508	29.558398	3.180938
30.286589	13.005707	29.597118	3.180938
30.327550	13.005707	29.638649	3.180938
30.366555	13.005707	29.681679	3.150429
30.410898	13.016371	29.721812	3.150429
30.451234	13.016371	29.761992	3.150429
30.489468	13.016371	29.805085	3.094112
30.529586	13.020440	29.844900	3.094112
30.570446	13.020440	29.904400	3.094112
30.609966	13.020440	29.944175	3.042360
30.648138	13.020440	29.988640	3.042360
30.690272	13.036754	30.031981	3.042360
30.731018	13.036754	30.073318	3.018149
30.767813	13.036754	30.116007	3.018149
30.810601	13.044498	30.154404	3.018149
30.849578	13.044498	30.192644	2.987442
30.887996	13.044498	30.233982	2.987442
30.927294	13.059829	30.272996	2.987442
30.968561	13.059829	30.310908	2.987442
31.013634	13.059829	30.356541	2.965030
31.051863	13.059829	30.397473	2.965030
31.096773	13.061271	30.439020	2.965030
31.137742	13.061271	30.481367	2.934047
31.213650	13.053363	30.521458	2.934047
31.256330	13.053363	30.561635	2.934047
31.294532	13.053363	30.605067	2.936810
31.339355	13.058725	30.645211	2.936810
31.377295	13.058725	30.719436	2.936810
31.445910	13.058725	30.759279	2.909968
31.490239	13.082982	30.802186	2.909968
31.527943	13.082982	30.843566	2.909968
31.569514	13.082982	30.885961	2.901922
31.609859	13.109887	30.926538	2.901922
31.649741	13.109887	30.966333	2.901922
31.711716	13.109887	31.005875	2.887771
31.756608	13.072891	31.045273	2.887771
31.794642	13.072891	31.083481	2.887771
31.837852	13.072891	31.119206	2.887771
31.877388	13.090241	31.163209	2.893180
31.916250	13.090241	31.199905	2.893180
31.979321	13.090241	31.239176	2.893180
32.028400	13.080616	31.284335	2.868253
32.066245	13.080616	31.325243	2.868253
32.105537	13.080616	31.367317	2.868253
32.152651	13.096447	31.412362	2.861607
32.190851	13.096447	31.450525	2.861607
32.258339	13.102581	31.516707	2.861607
32.302913	13.102581	31.558131	2.867331
32.340923	13.102581	31.602636	2.867331
32.379607	13.102581	31.644796	2.867331
32.423944	13.100059	31.687918	2.906322
32.462792	13.100059	31.728846	2.906322
32.501678	13.100059	31.768193	2.906322
32.546452	13.088905	31.809061	2.907904
32.587926	13.088905	31.848415	2.907904
32.625849	13.088905	31.887933	2.907904
32.668072	13.099914	31.924645	2.907904
32.712123	13.099914	31.967860	2.905394
32.749299	13.099914	32.008347	2.905394
32.790395	13.099562	32.046012	2.905394
32.830627	13.099562	32.114134	2.900789
32.868996	13.099562	32.153240	2.900789
32.907419	13.099562	32.193095	2.915041
32.949095	13.097234	32.233460	2.915041
32.996940	13.097234	32.270078	2.915041
33.034706	13.097234	32.308882	2.915041
33.078732	13.095193	32.355406	2.909533
33.121315	13.095193	32.393799	2.909533
33.195867	13.097355	32.455873	2.909533
33.241256	13.097355	32.499924	2.923753
33.278946	13.097355	32.541556	2.923753
33.321952	13.097355	32.583979	2.923753
33.362691	12.972062	32.627582	2.943453
33.430684	12.972062	32.668629	2.943453
33.470127	12.980146	32.706516	2.943453
33.508441	12.980146	32.747081	2.934267
33.548258	12.980146	32.787027	2.934267
33.588055	12.968933	32.823487	2.934267
33.630209	12.968933	32.862617	2.934267
33.674127	12.968933	32.905324	2.951723
33.709636	12.968933	32.942014	2.951723
33.761313	12.944986	32.980648	2.951723
33.812020	12.944986	33.025243	2.973615
33.851059	12.944986	33.063064	2.973615
33.890607	12.944532	33.127337	2.973615
33.933100	12.944532	33.171405	2.970411
33.978452	12.944532	33.209813	2.970411
34.025239	12.948654	33.251205	2.970411
34.072232	12.948654	33.292606	2.957091
34.113282	12.948654	33.362219	2.957091
34.184571	12.951779	33.404511	2.989077
34.228199	12.951779	33.444424	2.989077
34.271410	12.933282	33.482998	2.989077
34.317117	12.933282	33.519438	2.989077
34.357437	12.933282	33.580687	3.002702
34.432568	12.924519	33.619523	3.002702
34.474600	12.924519	33.659119	3.002702
34.511194	12.924519	33.699958	3.010622
34.557119	12.905122	33.739531	3.010622
34.596972	12.905122	33.777606	3.010622
34.665839	12.925595	33.822411	3.023577
34.710543	12.925595	33.859576	3.023577
34.747299	12.925595	33.899498	3.023577
34.795030	12.921743	33.941011	3.017955
34.837423	12.921743	33.981905	3.017955
34.901659	12.921743	34.025076	3.017955
34.955220	12.927768	34.060956	3.014884
34.993196	12.927768	34.108349	3.014884
35.037434	12.927768	34.147964	3.014884
35.078896	12.919781	34.184897	3.014884
35.129594	12.919781	34.232486	3.035572
35.166739	12.919781	34.269556	3.035572
35.212280	12.919194	34.329834	3.035572
35.254879	12.919194	34.370004	3.024075
35.292899	12.919194	34.412400	3.024075
35.333372	12.931318	34.453573	3.024075
35.386410	12.931318	34.492709	3.040669
35.423860	12.931318	34.534258	3.040669
35.468328	12.948041	34.572073	3.040669
35.506177	12.948041	34.614618	3.041586
35.571696	12.948041	34.654036	3.041586
35.616098	12.942383	34.691210	3.041586
35.654905	12.942383	34.729286	3.041586
35.695519	12.942383	34.771461	3.037094
35.739770	12.933865	34.808738	3.037094
35.804785	12.933865	34.846500	3.037094
35.847945	12.933865	34.891546	3.050989
35.887820	12.962952	34.931484	3.050989
35.930539	12.962952	35.003003	3.035933
35.968746	12.962952	35.045830	3.035933
36.039562	12.947618	35.083870	3.035933
36.080943	12.947618	35.124189	3.035933
36.118415	12.955947	35.168426	3.039851
36.161386	12.955947	35.232945	3.039851
36.199579	12.955947	35.273054	3.031130
36.263812	12.939682	35.315769	3.031130
36.307901	12.939682	35.353190	3.031130
36.343625	12.939682	35.392231	3.029177
36.386742	12.951847	35.438075	3.029177
36.427539	12.951847	35.476754	3.029177
36.496875	12.951847	35.547524	3.044209
36.540555	12.956461	35.589197	3.044209
36.578522	12.956461	35.626309	3.044209
36.616771	12.956461	35.669261	3.019865
36.659792	12.974328	35.709548	3.019865
36.700108	12.974328	35.779191	3.019865
36.763612	12.974328	35.820837	3.014941
36.808352	12.985023	35.860354	3.014941
36.846962	12.985023	35.900738	3.014941
36.889463	12.985023	35.941175	4.687745
36.931196	12.966645	36.000608	4.687745
36.999100	12.966645	36.038785	4.687745
37.039324	12.966645	36.080095	4.697445
37.077502	12.975487	36.118222	4.697445
37.121527	12.975487	36.158439	4.697445
37.159822	12.975487	36.198000	4.700598
37.233717	12.969502	36.239836	4.700598
37.275560	12.969502	36.277660	4.700598
37.316033	13.002463	36.319589	4.700598
37.360106	13.002463	36.361922	4.699505
37.399603	13.002463	36.410183	4.699505
37.469284	13.000242	36.445956	4.699505
37.511819	13.000242	36.486860	4.715228
37.550704	13.000242	36.532513	4.715228
37.595368	12.999049	36.568909	4.715228
37.634178	12.999049	36.642837	4.711858
37.701880	12.999049	36.683511	4.711858
37.748885	13.017153	36.720514	4.711858
37.786953	13.017153	36.764413	4.732163
37.825776	13.017153	36.803132	4.732163
37.871332	13.032602	36.878117	4.722263
37.912160	13.032602	36.917173	4.722263
37.985700	13.037935	36.958491	4.722263
38.026800	13.037935	36.998430	4.726700
38.062661	13.037935	37.063959	4.726700
38.099812	13.037935	37.101149	4.726700
38.143975	13.024810	37.142120	4.706136
38.181690	13.024810	37.189391	4.706136
38.220322	13.024810	37.226623	4.706136
38.260468	13.029042	37.300254	4.710515
38.301560	13.029042	37.340938	4.710515
38.341042	13.029042	37.378874	4.710515
38.382484	13.031234	37.426675	4.763139
38.424642	13.031234	37.466474	4.763139
38.496272	13.031234	37.535235	4.763206
38.541192	13.047401	37.577691	4.763206
38.578702	13.047401	37.617427	4.763206
38.620232	13.047401	37.657090	4.763206
38.657695	13.063946	37.700040	4.741948
38.696968	13.063946	37.769406	4.741948
38.764775	13.063946	37.809750	4.748940
38.813753	13.081641	37.849221	4.748940
38.851529	13.081641	37.888605	4.748940
38.893289	13.081641	37.927366	4.748940
38.932823	13.036642	37.970850	4.719647
38.982328	13.036642	38.007230	4.719647
39.018384	13.036642	38.044240	4.719647
39.055900	13.071480	38.091334	4.736361
39.101563	13.071480	38.130551	4.736361
39.141728	13.071480	38.192564	4.697709
39.182588	13.084309	38.233002	4.697709
39.227825	13.084309	38.273483	4.697709
39.265724	13.084309	38.313573	4.697709
39.306321	13.084309	38.356541	4.673619
39.347853	13.099345	38.400125	4.673619
39.419099	13.099345	38.438589	4.673619
39.460997	13.087700	38.479127	4.627588
39.501727	13.087700	38.519882	4.627588
39.545302	13.087700	38.558360	4.627588
39.582877	13.092096	38.600026	4.622927
39.642171	13.092096	38.640425	4.622927
39.678948	13.092096	38.679027	4.622927
39.724085	13.094686	38.721882	4.622927
39.763792	13.094686	38.765245	4.591340
39.828888	13.094686	38.833298	4.591340
39.873835	13.101499	38.875725	4.554925
39.915647	13.101499	38.914824	4.554925
39.958240	13.101499	38.953464	4.554925
39.996111	13.112984	38.998046	4.502594
40.044661	13.112984	39.038795	4.502594
40.082170	13.112984	39.098849	4.502594
40.125678	13.099697	39.140893	4.466326
40.165542	13.099697	39.180171	4.466326
40.233854	13.099697	39.219863	4.466326
40.277969	13.105335	39.258238	4.466326
40.315725	13.105335	39.323158	4.465506
40.364756	13.105335	39.360347	4.465506
40.407617	13.116533	39.401544	4.414803
40.458597	13.116533	39.442030	4.414803
40.495068	13.116533	39.478279	4.414803
40.535527	13.118263	39.515929	4.414803
40.578238	13.118263	39.561763	4.357751
40.616852	13.118263	39.598918	4.357751
40.657475	13.121580	39.663664	4.319281
40.703218	13.121580	39.708325	4.319281
40.740740	13.121580	39.748626	4.319281
40.782760	13.112097	39.791962	4.243625
40.824501	13.112097	39.834366	4.243625
40.890057	13.112097	39.874321	4.243625
40.932524	13.108390	39.910879	4.243625
40.971447	13.108390	39.949966	4.226138
41.009631	13.108390	39.988987	4.226138
41.050208	13.108390	40.028899	4.226138
41.098237	13.113557	40.070512	4.169601
41.156517	13.113557	40.112381	4.169601
41.199075	13.136310	40.150345	4.169601
41.238059	13.136310	40.192211	4.125583
41.280364	13.136310	40.235664	4.125583
41.321436	13.130075	40.308920	4.125583
41.391514	13.130075	40.351943	4.114134
41.431202	13.130075	40.388931	4.114134
41.471282	13.116500	40.429626	4.114134
41.513594	13.116500	40.470222	4.067072
41.553442	13.116500	40.540979	4.067072
41.623785	13.114911	40.580086	4.067072
41.666775	13.114911	40.622397	4.041076
41.704282	13.114911	40.664645	4.041076
41.751856	13.121773	40.701721	4.041076
41.789210	13.121773	40.764966	4.009356
41.863943	13.126762	40.804122	4.009356
41.905564	13.126762	40.840673	4.009356
41.944161	13.126762	40.883206	3.952834
41.986792	13.131305	40.924392	3.952834
42.028404	13.131305	40.962695	3.952834
42.097029	13.131305	41.004003	3.936768
42.141336	12.985874	41.041899	3.936768
42.178603	12.985874	41.081389	3.936768
42.216439	12.985874	41.121282	3.936768
42.262506	12.977250	41.166313	3.903007
42.301362	12.977250	41.208699	3.903007
42.361937	12.977250	41.246469	3.903007
42.406619	12.990639	41.286650	3.874031
42.446104	12.990639	41.328248	3.874031
42.484653	12.990639	41.368698	3.874031
42.527564	12.987184	41.414123	3.840436
42.568619	12.987184	41.453446	3.840436
42.606528	12.987184	41.493298	3.840436
42.642965	12.987184	41.534925	3.793907
42.688165	12.989897	41.573576	3.793907
42.726650	12.989897	41.611950	3.793907
42.772437	12.989897	41.648147	3.793907
42.816177	12.975981	41.691618	3.763773
42.891183	12.975981	41.734716	3.763773
42.933669	12.949813	41.774266	3.763773
42.971416	12.949813	41.846734	3.704954
43.012698	12.949813	41.883594	3.704954
43.050818	12.949813	41.922410	3.682156
43.099483	12.987553	41.963379	3.682156
43.136550	12.987553	42.003201	3.682156
43.172622	12.987553	42.041941	3.682156
43.217006	12.960077	42.089891	3.639745
43.256767	12.960077	42.125760	3.639745
43.293907	12.960077	42.192944	3.598203
43.371455	12.951306	42.233432	3.598203
43.409943	12.951306	42.274572	3.598203
43.448273	12.951306	42.316268	3.548479
43.491029	12.945287	42.357899	3.548479
43.531104	12.945287	42.399310	3.548479
43.568430	12.945287	42.437243	3.548479
43.614400	12.949307	42.478318	3.515388
43.650818	12.949307	42.518315	3.515388
43.689295	12.949307	42.557174	3.515388
43.757343	12.943223	42.599248	3.461738
43.797791	12.943223	42.641510	3.461738
43.834968	12.943223	42.678412	3.461738
43.876870	12.963873	42.716263	3.424614
43.918299	12.963873	42.760386	3.424614
43.956095	12.963873	42.801157	3.424614
43.996669	12.946254	42.870007	3.383907
44.033621	12.946254	42.912802	3.383907
44.073718	12.946254	42.949267	3.383907
44.115513	12.960651	42.988506	3.343007
44.156362	12.960651	43.034970	3.343007
44.197582	12.960651	43.100998	3.343007
44.234015	12.960651	43.144098	3.302768
44.283407	12.960482	43.185336	3.302768
44.321341	12.960482	43.223048	3.302768
44.358012	12.960482	43.262013	3.272615
44.399163	12.967980	43.337004	3.272615
44.439724	12.967980	43.374172	3.272615
44.479873	12.967980	43.415474	3.219974
44.521707	12.956441	43.453389	3.219974
44.562583	12.956441	43.491815	3.219974
44.599379	12.956441	43.533752	3.189330
44.635819	12.956441	43.573925	3.189330
44.678414	12.957105	43.612367	3.189330
44.731903	12.957105	43.682926	3.164401
44.769020	12.957105	43.722792	3.164401
44.816797	12.961162	43.760878	3.164401
44.854683	12.961162	43.803088	3.122627
44.904702	12.961162	43.844670	3.122627
44.945827	12.958020	43.882595	3.122627
44.992934	12.958020	43.948086	3.082688
45.030355	12.958020	43.988093	3.082688
45.072351	12.963800	44.024648	3.082688
45.140697	12.963800	44.063971	3.037319
45.179318	12.963800	44.111367	3.037319
45.221794	12.975112	44.153342	3.037319
45.262764	12.975112	44.217641	3.019194
45.300121	12.975112	44.258456	3.019194
45.342144	12.961181	44.295381	3.019194
45.382111	12.961181	44.342155	3.019762
45.420628	12.961181	44.380815	3.019762
45.459001	12.977527	44.444838	3.019762
45.500007	12.977527	44.486673	3.024665
45.539714	12.977527	44.527158	3.024665
45.578624	12.977527	44.567394	3.024665
45.621071	12.953900	44.612453	2.998305
45.661618	12.953900	44.651278	2.998305
45.696255	12.953900	44.688810	2.998305
45.742766	12.993114	44.728830	2.992343
45.782187	12.993114	44.768771	2.992343
45.856638	12.982570	44.808322	2.992343
45.900089	12.982570	44.845782	2.992343
45.935533	12.982570	44.890846	2.980462
45.973538	12.982570	44.929655	2.980462
46.018763	12.970178	44.970102	2.980462
46.057452	12.970178	45.014193	2.991845
46.122978	12.975657	45.055882	2.991845
46.162683	12.975657	45.098456	2.991845
46.200110	12.975657	45.141355	3.037336
46.238634	12.975657	45.179982	3.037336
46.282185	12.986942	45.242037	3.037336
46.322087	12.986942	45.284858	3.015297
46.362799	12.986942	45.328514	3.015297
46.408135	13.015677	45.369462	3.015297
46.467280	13.015677	45.409435	3.015124
46.508149	12.992682	45.451005	3.015124
46.553724	12.992682	45.489290	3.015124
46.596231	12.992682	45.528944	3.002363
46.634366	12.992682	45.570765	3.002363
46.715019	12.985760	45.608974	3.002363
46.755885	12.985760	45.645955	3.002363
46.793508	13.011114	45.690663	3.018648
46.838677	13.011114	45.733091	3.018648
46.876502	13.011114	45.769959	3.018648
46.950153	13.006247	45.841313	3.039497
46.991424	13.006247	45.879214	3.039497
47.027789	13.006247	45.918607	3.035207
47.071792	13.030822	45.958572	3.035207
47.109811	13.030822	45.996925	3.035207
47.183783	13.030970	46.036455	3.035207
47.226088	13.030970	46.083930	3.057224
47.262422	13.030970	46.126061	3.057224
47.306339	13.030970	46.200501	3.060766
47.349538	13.031706	46.240068	3.060766
47.418911	13.031706	46.282227	3.060766
47.459893	13.022335	46.324635	3.074411
47.499482	13.022335	46.365143	3.074411
47.542969	13.022335	46.406362	3.074411
47.581978	13.049566	46.443583	3.074411
47.632406	13.049566	46.484801	3.085182
47.671233	13.049566	46.522468	3.085182
47.709484	13.049566	46.560684	3.085182
47.748379	13.044458	46.603075	3.084988
47.787891	13.044458	46.640435	3.084988
47.828334	13.044458	46.677138	3.084988
47.880474	13.035303	46.715549	3.084988
47.920058	13.035303	46.757179	3.092228
47.957271	13.035303	46.796480	3.092228
47.997867	13.039580	46.833766	3.092228
48.038348	13.039580	46.874630	3.105323
48.075118	13.039580	46.915511	3.105323
48.118351	13.041743	46.982898	3.105323
48.157005	13.041743	47.026486	3.140502
48.218251	13.041743	47.063900	3.140502
48.262303	13.059207	47.101490	3.140502
48.299483	13.059207	47.143201	3.129863
48.346769	13.059207	47.202803	3.129863
48.391405	13.084252	47.240205	3.129863
48.467831	13.084252	47.283632	3.124125
48.510438	13.084252	47.323689	3.124125
48.557527	13.064620	47.361929	3.124125
48.601538	13.064620	47.400946	3.128404
48.637731	13.088836	47.446574	3.128404
48.687691	13.088836	47.485170	3.128404
48.723996	13.088836	47.552654	3.125231
48.765418	13.088836	47.594916	3.125231
48.806767	13.084866	47.630313	3.125231
48.871855	13.084866	47.673466	3.141571
48.911195	13.084866	47.714723	3.141571
48.958987	13.098376	47.784440	3.141571
48.998494	13.098376	47.825962	3.160472
49.039407	13.115346	47.866879	3.160472
49.079903	13.115346	47.904769	3.160472
49.122639	13.115346	47.954332	3.146852
49.160631	13.115346	48.005017	3.146852
49.232327	13.106226	48.043249	3.146852
49.273656	13.106226	48.084683	3.146131
49.312540	13.105833	48.124362	3.146131
49.355970	13.105833	48.163393	3.146131
49.394779	13.105833	48.204741	3.148107
49.469304	13.126482	48.246793	3.148107
49.511289	13.126482	48.284778	3.148107
49.546686	13.126482	48.348678	4.798206
49.589470	13.144940	48.387660	4.798206
49.629756	13.144940	48.422624	4.798206
49.702755	13.144940	48.459378	4.802610
49.745425	13.121645	48.512261	4.802610
49.783596	13.121645	48.553101	4.802610
49.826587	13.121645	48.627010	4.804539
49.868279	13.123238	48.669737	4.804539
49.918175	13.123238	48.706144	4.804539
49.953629	13.123238	48.752280	4.805080
49.994312	13.117197	48.790219	4.805080
50.039512	13.117197	48.863662	4.829858
50.078589	13.117197	48.904111	4.829858
50.120781	13.126900	48.947861	4.829858
50.175578	13.126900	48.983886	4.829858
50.213125	13.126900	49.053226	4.843319
50.255512	13.152638	49.088720	4.843319
50.297508	13.152638	49.128812	4.842989
50.334955	13.152638	49.169089	4.842989
50.373151	13.152638	49.207182	4.842989
50.417402	13.124024	49.243803	4.842989
50.454686	13.124024	49.291867	4.802861
50.491864	13.124024	49.330139	4.802861
50.537615	13.132700	49.397936	4.819068
50.575188	13.132700	49.441057	4.819068
50.613328	13.132700	49.479330	4.819068
50.653259	13.140670	49.540567	4.856359
50.692510	13.140670	49.584594	4.856359
50.733058	13.140670	49.619458	4.856359
50.769986	13.140670	49.661561	4.849737
50.812661	13.139530	49.705918	4.849737
50.854000	13.139530	49.775045	4.849737
50.889326	13.139530	49.819939	4.834989
50.932605	13.154633	49.859340	4.834989
50.974687	13.154633	49.900485	4.834989
51.012171	13.154633	49.947753	4.833393
51.054698	13.145132	49.992003	4.833393
51.100493	13.145132	50.030253	4.833393
51.139287	13.145132	50.070367	4.834378
51.180137	13.145132	50.110875	4.834378
51.221955	13.141844	50.149879	4.834378
51.265800	13.141844	50.187359	4.834378
51.304671	13.141844	50.239558	4.794444
51.379296	13.010863	50.276215	4.794444
51.416411	13.010863	50.318342	4.777284
51.456949	13.018920	50.361506	4.777284
51.499395	13.018920	50.401982	4.777284
51.535099	13.018920	50.438262	4.777284
51.573934	13.018920	50.479015	4.737287
51.618400	13.019026	50.521306	4.737287
51.659459	13.019026	50.559144	4.737287
51.695332	13.019026	50.629031	4.719452
51.744685	13.000573	50.671354	4.719452
51.782950	13.000573	50.707602	4.719452
51.823238	13.000573	50.752213	4.683797
51.864655	12.984777	50.792747	4.683797
51.904412	12.984777	50.862722	4.641608
51.973522	12.984777	50.903841	4.641608
52.016604	13.003381	50.943190	4.641608
52.055910	13.003381	50.983799	4.641608
52.095268	13.003381	51.026548	4.608691
52.134648	12.995722	51.095894	4.608691
52.173917	12.995722	51.136378	4.561227
52.212259	12.995722	51.174979	4.561227
52.253110	12.991437	51.212017	4.561227
52.291188	12.991437	51.247906	4.561227
52.330723	12.991437	51.289283	4.539837
52.368917	12.991437	51.332212	4.539837
52.411813	12.971977	51.369343	4.539837
52.451788	12.971977	51.440765	4.499277
52.492908	12.971977	51.480005	4.499277
52.534137	12.957047	51.518592	4.446765
52.578724	12.957047	51.559191	4.446765
52.619550	12.957047	51.598627	4.446765
52.694424	12.964497	51.636677	4.446765
52.737120	12.964497	51.683650	4.401156
52.773320	12.964497	51.721038	4.401156
52.818019	12.968580	51.779554	4.401156
52.857744	12.968580	51.820065	4.348342
52.930096	12.964028	51.862872	4.348342
52.972874	12.964028	51.926249	4.293986
53.009745	12.964028	51.966630	4.293986
53.055050	12.965593	52.005512	4.293986
53.094951	12.965593	52.042975	4.293986
53.160935	12.965593	52.110922	4.249701
53.201026	12.956812	52.149320	4.249701
53.239644	12.956812	52.190494	4.226619
53.276799	12.956812	52.232635	4.226619
53.318987	12.960263	52.270462	4.226619
53.359755	12.960263	52.308560	4.226619
53.399127	12.960263	52.358225	4.167794
53.436736	12.973325	52.423693	4.167794
53.480359	12.973325	52.463442	4.115456
53.517944	12.973325	52.505812	4.115456
53.559952	12.973325	52.544646	4.115456
53.601064	12.982681	52.583496	4.115456
53.662483	12.982681	52.625635	4.061937
53.699594	12.982681	52.666081	4.061937
53.741603	12.963044	52.705824	4.061937
53.780599	12.963044	52.753071	4.022199
53.819613	12.963044	52.790071	4.022199
53.864124	12.967850	52.855866	4.022199
53.902790	12.967850	52.897593	4.001337
53.944040	12.967850	52.938787	4.001337
53.981256	12.973291	52.978830	4.001337
54.025711	12.973291	53.023072	3.939621
54.064382	12.973291	53.063437	3.939621
54.101663	12.973291	53.101754	3.939621
54.145920	12.991393	53.141686	3.893867
54.184959	12.991393	53.181109	3.893867
54.225302	12.991393	53.219493	3.893867
54.267426	12.984240	53.260122	3.893867
54.337867	12.984240	53.301862	3.842259
54.378583	12.984240	53.338338	3.842259
54.417317	12.984993	53.375351	3.842259
54.460831	12.984993	53.421246	3.815990
54.499012	12.984993	53.461884	3.815990
54.570823	12.969475	53.532755	3.766535
54.610139	12.969475	53.574166	3.766535
54.646186	12.987970	53.612451	3.766535
54.692447	12.987970	53.653274	3.766535
54.733104	12.987970	53.695678	3.711642
54.803490	13.013694	53.768060	3.711642
54.846274	13.013694	53.809220	3.663150
54.884618	13.013694	53.849521	3.663150
54.930224	13.008339	53.888016	3.663150
54.970180	13.008339	53.930409	3.624791
55.039227	13.004323	53.973897	3.624791
55.083933	13.004323	54.011862	3.624791
55.121327	13.004323	54.081065	3.587454
55.163050	13.004323	54.119818	3.587454
55.210549	13.005768	54.157598	3.587454
55.269841	13.005768	54.198802	3.559906
55.310576	13.005768	54.242216	3.559906
55.350646	13.024928	54.280165	3.559906
55.390907	13.024928	54.351899	3.488752
55.428771	13.024928	54.391115	3.488752
55.468969	13.023849	54.429249	3.488752
55.506855	13.023849	54.471995	3.450170
55.545302	13.023849	54.511866	3.450170
55.582017	13.021313	54.549837	3.450170
55.627641	13.021313	54.594697	3.428150
55.665296	13.021313	54.638967	3.428150
55.702952	13.021313	54.678113	3.428150
55.776027	13.042606	54.717315	3.428150
55.814828	13.042606	54.758251	3.400351
55.857374	13.050779	54.799467	3.400351
55.895735	13.050779	54.842414	3.400351
55.937965	13.050779	54.886830	3.344865
55.974910	13.050779	54.960184	3.344865
56.025741	13.050140	55.005043	3.304312
56.062811	13.050140	55.044208	3.304312
56.098988	13.050140	55.084891	3.304312
56.144563	13.074232	55.124450	3.302605
56.183557	13.074232	55.196882	3.302605
56.223058	13.074232	55.237259	3.302605
56.266243	13.052875	55.281311	3.310929
56.306055	13.052875	55.324823	3.310929
56.342835	13.052875	55.382593	3.310929
56.413322	13.056465	55.424382	3.291486
56.456879	13.056465	55.466800	3.291486
56.494296	13.056465	55.503246	3.291486
56.541526	13.062487	55.545242	3.295597
56.583869	13.062487	55.586295	3.295597
56.650924	13.070052	55.624420	3.295597
56.694933	13.070052	55.669463	3.273907
56.731291	13.070052	55.708224	3.273907
56.772443	13.070052	55.749086	3.273907
56.816244	13.092667	55.789714	3.306662
56.883383	13.092667	55.834544	3.306662
56.922514	13.064336	55.876887	3.306662
56.961368	13.064336	55.913059	3.306662
57.000045	13.064336	55.954835	3.287762
57.037793	13.064336	55.992438	3.287762
57.077305	13.081203	56.028592	3.287762
57.117245	13.081203	56.075300	3.290665
57.154617	13.081203	56.114441	3.290665
57.193918	13.101311	56.184893	3.290665
57.235223	13.101311	56.226485	3.297089
57.274763	13.101311	56.269444	3.297089
57.314674	13.121796	56.310420	3.297089
57.357768	13.121796	56.353959	3.295214
57.399004	13.121796	56.394690	3.295214
57.436353	13.121796	56.432924	3.295214
57.483845	13.111176	56.472765	3.308041
57.521556	13.111176	56.513418	3.308041
57.559807	13.111176	56.551175	3.308041
57.634726	13.113146	56.588883	3.308041
57.675330	13.113146	56.629830	3.314361
57.714144	13.112498	56.664811	3.314361
57.753786	13.112498	56.702624	3.314361
57.792525	13.112498	56.756413	3.339089
57.832781	13.112498	56.796851	3.339089
57.879107	13.128913	56.859001	3.335350
57.917726	13.128913	56.901040	3.335350
57.961340	13.128913	56.936663	3.335350
58.001308	13.150018	56.977192	3.335350
58.038140	13.150018	57.020253	3.343235
58.105386	13.150018	57.095071	3.343235
58.150392	13.136416	57.139011	3.352152
58.188488	13.136416	57.179799	3.352152
58.227973	13.136416	57.220533	3.352152
58.274714	13.134952	57.258803	3.368395
58.313426	13.134952	57.317948	3.368395
58.388247	13.141570	57.354872	3.368395
58.428826	13.141570	57.396107	3.375206
58.466430	13.141570	57.439391	3.375206
58.504533	13.141570	57.478835	3.375206
58.548818	13.143599	57.518758	3.396060
58.589321	13.143599	57.569211	3.396060
58.655078	13.171508	57.607373	3.396060
58.697258	13.171508	57.677136	3.409320
58.734910	13.171508	57.716664	3.409320
58.772611	13.171508	57.752522	3.409320
58.816682	13.153781	57.793581	3.396472
58.858799	13.153781	57.834808	3.396472
58.895148	13.153781	57.893361	3.396472
58.945736	13.146018	57.934413	3.405327
59.000603	13.146018	57.973644	3.405327
59.039302	13.155708	58.013220	3.405327
59.078856	13.155708	58.053834	3.394294
59.118011	13.155708	58.112339	3.394294
59.154776	13.155708	58.150547	3.394294
59.193813	13.162242	58.188047	3.395728
59.234556	13.162242	58.230088	3.395728
59.273676	13.162242	58.269415	3.395728
59.314186	13.170476	58.306331	3.395728
59.362184	13.170476	58.349642	3.418340
59.406533	13.170476	58.388546	3.418340
59.446844	13.157475	58.429759	3.418340
59.489579	13.157475	58.476768	3.443731
59.528867	13.157475	58.515625	3.443731
59.566103	13.157475	58.555267	3.443731
59.605954	13.158845	58.596117	4.876637
59.644976	13.158845	58.636883	4.876637
59.687730	13.158845	58.674654	4.876637
59.727295	13.021638	58.712962	4.876637
59.794530	13.021638	58.754827	4.887460
59.835675	13.021638	58.792297	4.887460
59.879623	13.034092	58.831228	4.887460
59.922596	13.034092	58.877491	4.851094
59.960093	13.034092	58.916421	4.851094
60.005824	13.031886	58.984642	4.851094
60.051061	13.031886	59.028569	4.861435
60.126816	13.010290	59.064867	4.861435
60.171695	13.010290	59.105803	4.861435
60.208582	13.010290	59.147510	4.838143
60.251453	13.004921	59.221093	4.838143
60.293005	13.004921	59.261725	4.835704
60.357614	13.004921	59.302014	4.835704
60.399005	12.985980	59.341672	4.835704
60.437967	12.985980	59.382745	4.835704
60.477213	12.985980	59.457386	4.797955
60.520617	12.992352	59.494675	4.797955
60.558942	12.992352	59.535193	4.780245
60.603220	12.992352	59.574498	4.780245
60.641654	12.991073	59.614365	4.780245
60.694168	12.991073	59.655624	4.775099
60.730320	12.991073	59.699336	4.775099
60.766270	12.991073	59.736768	4.775099
60.806447	12.971344	59.803732	4.745280
60.846897	12.971344	59.845170	4.745280
60.886802	12.971344	59.883871	4.745280
60.954501	12.962312	59.921142	4.734147
60.992002	12.962312	59.960410	4.734147
61.030713	12.962312	60.002163	4.734147
61.074285	12.965110	60.043957	4.734147
61.116116	12.965110	60.088083	4.691507
61.153039	12.965110	60.126662	4.691507
61.197370	12.984295	60.163774	4.691507
61.236895	12.984295	60.203918	4.659027
61.299146	12.984295	60.246428	4.659027
61.346233	12.987869	60.284914	4.659027
61.383619	12.987869	60.356090	4.596487
61.421746	12.987869	60.403158	4.596487
61.466999	12.968841	60.440492	4.596487
61.506948	12.968841	60.485164	4.565762
61.567857	12.982926	60.525397	4.565762
61.607988	12.982926	60.584454	4.565762
61.644002	12.982926	60.625438	4.512769
61.682340	12.982926	60.667237	4.512769
61.725151	12.975930	60.704686	4.512769
61.767657	12.975930	60.746834	4.476086
61.804818	12.975930	60.788651	4.476086
61.849285	13.000751	60.826361	4.476086
61.923117	13.000751	60.898334	4.434846
61.960524	13.000751	60.937740	4.434846
62.002627	12.974564	60.973737	4.434846
62.041226	12.974564	61.020287	4.380172
62.080322	12.974564	61.055971	4.380172
62.118517	12.976341	61.119315	4.361904
62.160844	12.976341	61.161894	4.361904
62.197136	12.976341	61.200611	4.361904
62.236355	12.976341	61.241570	4.361904
62.278008	12.974404	61.287798	4.342374
62.321180	12.974404	61.324274	4.342374
62.359093	12.974404	61.365141	4.342374
62.400536	12.981091	61.405710	4.306379
62.439785	12.981091	61.452962	4.306379
62.478804	12.981091	61.487869	4.306379
62.519555	13.007929	61.558797	4.262759
62.561563	13.007929	61.596993	4.262759
62.603602	13.007929	61.637547	4.262759
62.640946	12.984409	61.679703	4.229955
62.683910	12.984409	61.741163	4.229955
62.723785	12.984409	61.777770	4.229955
62.762838	12.984409	61.823257	4.188657
62.801701	13.007885	61.860850	4.188657
62.840653	13.007885	61.900846	4.188657
62.877307	13.007885	61.941158	4.146333
62.916802	12.995378	62.008043	4.146333
62.963749	12.995378	62.050428	4.106400
63.006794	12.995378	62.093894	4.106400
63.046152	13.012243	62.134993	4.106400
63.088416	13.012243	62.171506	4.106400
63.129787	13.012243	62.242400	4.077512
63.174080	13.041754	62.280739	4.077512
63.232306	13.041754	62.320351	4.033355
63.272826	13.041754	62.365176	4.033355
63.310600	13.020421	62.402797	4.033355
63.355193	13.020421	62.442096	4.033355
63.394467	13.020421	62.489287	4.030770
63.460656	13.032394	62.528483	4.030770
63.499518	13.032394	62.587637	4.030770
63.538368	13.032394	62.629232	3.973067
63.578202	13.023956	62.673716	3.973067
63.620718	13.023956	62.711335	3.973067
63.658447	13.023956	62.775974	3.934703
63.694448	13.023956	62.812403	3.934703
63.740892	13.034737	62.850460	3.896310
63.783894	13.034737	62.892717	3.896310
63.821426	13.034737	62.930884	3.896310
63.872671	13.054828	62.969298	3.896310
63.910028	13.054828	63.015243	3.860747
63.952749	13.054828	63.051273	3.860747
63.992887	13.053458	63.121442	3.837646
64.030818	13.053458	63.166682	3.837646
64.105656	13.053458	63.203360	3.837646
64.147139	13.061775	63.278587	3.800119
64.188193	13.061775	63.319536	3.800119
64.224946	13.061775	63.355168	3.800119
64.266781	13.058802	63.396876	3.758202
64.306573	13.058802	63.438559	3.758202
64.346011	13.058802	63.514037	3.758202
64.389813	13.080922	63.556521	3.739229
64.428191	13.080922	63.595201	3.739229
64.472687	13.080922	63.635020	3.739229
64.508979	13.069237	63.682653	3.691843
64.560166	13.069237	63.734321	3.691843
64.595541	13.069237	63.771011	3.691843
64.632719	13.069237	63.810896	3.670161
64.678611	13.075685	63.851466	3.670161
64.718728	13.075685	63.889527	3.670161
64.760360	13.075685	63.930375	3.648775
64.803544	13.096800	63.972074	3.648775
64.841735	13.096800	64.010194	3.648775
64.882286	13.096800	64.080727	3.601965
64.939115	13.102360	64.118312	3.601965
64.979948	13.102360	64.154296	3.601965
65.021439	13.102360	64.192356	3.571126
65.063833	13.133394	64.239766	3.571126
65.104671	13.133394	64.278573	3.571126
65.141381	13.133394	64.347797	3.566910
65.183618	13.125078	64.386049	3.566910
65.221539	13.125078	64.423618	3.566910
65.258621	13.125078	64.467789	3.538167
65.296944	13.125078	64.504899	3.538167
65.341247	13.117292	64.566063	3.538167
65.380032	13.117292	64.606690	3.513445
65.421351	13.117292	64.646786	3.513445
65.460765	13.129078	64.685717	3.513445
65.502621	13.129078	64.728739	3.493322
65.540442	13.129078	64.770075	3.493322
65.605545	13.133280	64.808641	3.493322
65.647170	13.133280	64.854753	3.489890
65.683511	13.133280	64.895409	3.489890
65.726439	13.152902	64.970293	3.489890
65.766901	13.152902	65.009951	3.482234
65.839456	13.139580	65.053719	3.482234
65.880718	13.139580	65.096350	3.482234
65.918522	13.139580	65.138878	3.493817
65.961163	13.139580	65.181983	3.493817
66.001278	13.145379	65.219872	3.493817
66.040638	13.145379	65.258758	3.487596
66.107924	13.145379	65.298967	3.487596
66.152586	13.135950	65.336618	3.487596
66.190334	13.135950	65.372435	3.487596
66.232826	13.135950	65.416052	3.490529
66.273656	13.149811	65.453221	3.490529
66.311622	13.149811	65.493699	3.490529
66.388038	13.158220	65.536921	3.467660
66.431503	13.158220	65.577266	3.467660
66.467844	13.158220	65.617577	3.467660
66.508688	13.150662	65.662102	3.473988
66.550271	13.150662	65.700062	3.473988
66.620737	13.150662	65.770355	3.473988
66.665562	13.166003	65.811544	3.491616
66.704217	13.166003	65.854406	3.491616
66.746551	13.166003	65.894703	3.491616
66.784755	13.160553	65.936810	3.491495
66.835217	13.160553	65.977872	3.491495
66.871758	13.160553	66.017320	3.491495
66.912097	13.159379	66.056827	3.492940
66.957282	13.159379	66.096452	3.492940
66.997510	13.159379	66.135600	3.492940
67.040255	13.152241	66.171536	3.492940
67.087747	13.152241	66.213906	3.511932
67.124391	13.152241	66.251963	3.511932
67.166194	13.151562	66.291557	3.511932
67.206042	13.151562	66.334527	3.542855
67.278698	13.151562	66.374066	3.542855
67.324171	13.147575	66.417074	3.542855
67.363022	13.147575	66.459407	3.520936
67.406138	13.147575	66.498938	3.520936
67.445424	13.037974	66.570575	3.520936
67.502050	13.037974	66.612868	3.532605
67.539886	13.037974	66.653717	3.532605
67.585045	13.017489	66.694828	3.532605
67.623474	13.017489	66.735241	3.552641
67.686202	13.017489	66.776448	3.552641
67.728949	13.029401	66.813868	3.552641
67.773075	13.029401	66.852605	3.533987
67.816535	13.029401	66.891913	3.533987
67.855608	13.023511	66.929489	3.533987
67.900473	13.023511	66.964789	3.533987
67.936190	13.023511	67.010093	3.557167
67.979809	13.011820	67.053389	3.557167
68.018764	13.011820	67.090772	3.557167
68.093695	13.011820	67.165682	3.559595
68.140432	13.000990	67.204086	3.559595
68.177673	13.000990	67.241154	3.559595
68.216464	13.000990	67.285794	3.570265
68.262059	13.006955	67.324747	3.570265
68.302198	13.006955	67.363808	3.570265
68.362321	13.006955	67.410150	3.558631
68.402283	12.986509	67.449657	3.558631
68.441538	12.986509	67.520948	3.587147
68.478569	12.986509	67.562432	3.587147
68.520536	12.953144	67.604377	3.587147
68.559016	12.953144	67.644146	3.587147
68.601215	12.953144	67.685767	3.595918
68.639375	12.986697	67.725479	3.595918
68.705303	12.986697	67.762474	3.595918
68.746434	12.986697	67.804032	3.702647
68.786144	12.964363	67.843503	3.702647
68.831456	12.964363	67.881835	3.702647
68.869294	12.964363	67.920147	4.581779
68.940635	12.987963	67.960512	4.581779
68.982373	12.987963	67.997799	4.581779
69.017836	12.987963	68.034419	4.581779
69.063954	12.971984	68.079681	4.592468
69.104285	12.971984	68.120144	4.592468
69.174267	12.965559	68.179533	4.592980
69.217619	12.965559	68.222678	4.592980
69.255335	12.965559	68.261334	4.592980
69.294459	12.965559	68.301681	4.592980
69.337007	12.985161	68.345606	4.607368
69.408362	12.985161	68.420403	4.607368
69.451140	12.993825	68.462330	4.602399
69.490552	12.993825	68.500616	4.602399
69.533518	12.993825	68.540386	4.602399
69.573755	13.004226	68.585605	4.595858
69.629512	13.004226	68.650531	4.595858
69.664931	13.004226	68.687745	4.595858
69.706450	13.004226	68.726569	4.580971
69.750545	12.997131	68.768063	4.580971
69.791271	12.997131	68.808229	4.580971
69.829782	12.997131	68.847264	4.608943
69.902855	12.994436	68.887331	4.608943
69.940447	12.994436	68.927243	4.608943
69.985927	12.987540	68.968390	4.608943
70.024669	12.987540	69.012520	4.592911
70.066669	12.987540	69.050874	4.592911
70.103099	12.987540	69.086586	4.592911
70.179327	12.988419	69.127211	4.578933
70.217018	12.988419	69.172561	4.578933
70.256228	13.011807	69.210758	4.578933
70.295630	13.011807	69.278641	4.570480
70.340844	13.011807	69.319786	4.570480
70.388128	13.004804	69.356333	4.570480
70.427967	13.004804	69.400424	4.531376
70.470174	13.004804	69.440575	4.531376
70.506891	13.004804	69.510909	4.531376
70.546727	13.026817	69.556108	4.502064
70.584950	13.026817	69.595690	4.502064
70.624854	13.026817	69.634152	4.502064
70.664342	13.017005	69.684158	4.481944
70.707931	13.017005	69.734083	4.481944
70.746428	13.017005	69.773568	4.453948
70.823731	13.038012	69.815518	4.453948
70.865222	13.038012	69.853918	4.453948
70.900918	13.038012	69.892906	4.453948
70.945477	13.034057	69.934035	4.400708
70.986104	13.034057	69.977355	4.400708
71.059060	13.027092	70.014193	4.400708
71.102041	13.027092	70.078419	4.379571
71.139368	13.027092	70.115005	4.379571
71.184438	13.040264	70.153240	4.379571
71.225701	13.040264	70.196925	4.358765
71.290700	13.040264	70.240391	4.358765
71.335059	13.037828	70.279705	4.358765
71.371400	13.037828	70.342660	4.319854
71.414688	13.037828	70.382309	4.319854
71.453538	13.057921	70.419412	4.319854
71.501906	13.057921	70.460423	4.274205
71.538098	13.057921	70.502152	4.274205
71.580645	13.077110	70.540242	4.274205
71.626253	13.077110	70.610117	4.225458
71.665201	13.077110	70.650322	4.225458
71.704551	13.077110	70.686426	4.225458
71.750615	13.060842	70.726226	4.183245
71.788289	13.060842	70.772039	4.183245
71.829637	13.060842	70.810327	4.183245
71.872935	13.072089	70.875485	4.160047
71.930702	13.072089	70.914939	4.160047
71.973918	13.081877	70.952244	4.160047
72.013215	13.081877	70.996717	4.094643
72.054709	13.081877	71.035637	4.094643
72.094412	13.081877	71.089922	4.094643
72.168158	13.091078	71.131527	4.056190
72.209758	13.091078	71.172145	4.056190
72.250576	13.104677	71.209243	4.056190
72.295471	13.104677	71.256399	4.023294
72.335119	13.104677	71.296282	4.023294
72.402915	13.104369	71.335770	4.023294
72.444627	13.104369	71.378714	4.000880
72.481422	13.104369	71.422304	4.000880
72.527996	13.109104	71.461321	4.000880
72.569185	13.109104	71.498610	4.000880
72.634397	13.109104	71.539332	3.979312
72.679094	13.106345	71.583714	3.979312
72.717283	13.106345	71.620647	3.979312
72.759400	13.106345	71.692025	3.945423
72.800599	13.141839	71.734206	3.945423
72.849494	13.141839	71.772097	3.945423
72.886269	13.141839	71.818780	3.913180
72.928898	13.145128	71.873287	3.913180
72.972249	13.145128	71.910383	3.913180
73.010004	13.145128	71.952466	3.902804
73.074689	13.153910	71.990972	3.902804
73.115186	13.153910	72.027954	3.902804
73.152983	13.153910	72.071752	3.890709
73.196848	13.146929	72.114098	3.890709
73.237551	13.146929	72.152354	3.890709
73.275102	13.146929	72.222222	3.895909
73.322628	13.150105	72.260109	3.895909
73.359423	13.150105	72.296389	3.895909
73.402732	13.150105	72.341213	3.858071
73.441204	13.176474	72.385822	3.858071
73.484832	13.176474	72.423461	3.858071
73.524300	13.176474	72.485467	3.853810
73.590886	13.159508	72.523784	3.853810
73.632542	13.159508	72.559911	3.853810
73.667409	13.159508	72.603462	3.860045
73.711809	13.155728	72.646157	3.860045
73.753516	13.155728	72.684995	3.860045
73.824056	13.155728	72.747812	3.864936
73.868387	13.159615	72.786613	3.864936
73.905711	13.159615	72.824878	3.864936
73.948389	13.159615	72.867770	3.860399
73.989023	13.166850	72.906135	3.860399
74.037772	13.166850	72.946288	3.860399
74.074241	13.166850	72.991104	3.832169
74.114516	13.178782	73.030526	3.832169
74.159906	13.178782	73.105210	3.832169
74.198136	13.178782	73.147663	3.839336
74.239644	13.172399	73.189449	3.839336
74.283378	13.172399	73.231664	3.839336
74.322533	13.172399	73.274030	3.820109
74.363579	13.172399	73.315946	3.820109
74.404623	13.163963	73.354647	3.820109
74.466614	13.163963	73.396982	3.805673
74.509990	13.153818	73.436155	3.805673
74.551211	13.153818	73.473639	3.805673
74.594202	13.153818	73.511038	3.805673
74.633922	13.153818	73.554353	3.814408
74.681207	13.172070	73.598136	3.814408
74.720695	13.172070	73.637825	3.814408
74.762232	13.172070	73.700276	3.794350
74.806319	13.064126	73.738418	3.794350
74.873680	13.064126	73.778049	3.800637
74.915704	13.029244	73.818827	3.800637
74.957083	13.029244	73.855471	3.800637
74.998720	13.029244	73.894227	3.800637
75.036203	13.032792	73.940943	3.806229
75.082827	13.032792	73.979325	3.806229
75.120428	13.032792	74.044585	3.800431
75.162511	13.032792	74.084743	3.800431
75.205237	13.027573	74.126552	3.800431
75.264127	13.027573	74.167880	3.800431
75.309383	13.018052	74.210194	3.814842
75.347712	13.018052	74.251882	3.814842
75.390954	13.018052	74.289778	3.814842
75.427744	13.018052	74.331976	3.809211
75.477903	13.020791	74.370822	3.809211
75.514775	13.020791	74.409563	3.809211
75.551111	13.020791	74.447133	3.795122
75.595928	12.994977	74.488163	3.795122
75.637493	12.994977	74.525723	3.795122
75.675816	12.994977	74.566024	3.795122
75.721260	12.995797	74.614597	3.805275
75.763138	12.995797	74.651712	3.805275
75.800090	12.995797	74.722662	3.832541
75.859402	12.977699	74.768248	3.832541
75.899546	12.977699	74.805259	3.832541
75.935576	12.977699	74.847394	3.829224
75.974812	12.982923	74.887579	3.829224
76.016555	12.982923	74.954963	3.829224
76.053582	12.982923	74.999382	3.809080
76.091034	12.988500	75.038301	3.809080
76.138216	12.988500	75.079204	3.809080
76.178722	12.988500	75.118674	3.831409
76.214787	12.988500	75.190049	3.831409
76.257940	12.975613	75.228433	3.831409
76.298750	12.975613	75.267933	3.830641
76.336773	12.975613	75.307614	3.830641
76.377999	12.988224	75.343537	3.830641
76.417833	12.988224	75.385428	3.840572
76.455554	12.988224	75.427608	3.840572
76.495737	12.972973	75.465318	3.840572
76.539068	12.972973	75.533723	3.839929
76.580032	12.972973	75.573032	3.839929
76.616878	12.972973	75.613270	3.839929
76.660750	12.993438	75.652694	3.833497
76.701695	12.993438	75.692228	3.833497
76.762602	12.993438	75.733063	3.833497
76.815218	12.990602	75.776286	3.849607
76.853487	12.990602	75.821753	3.849607
76.892178	12.982431	75.859658	3.849607
76.937637	12.982431	75.895301	3.849607
76.975159	12.982431	75.936712	3.872855
77.045861	12.984953	75.979444	3.872855
77.089625	12.984953	76.017700	3.872855
77.127830	12.984953	76.094819	3.885144
77.166687	12.989671	76.134640	3.885144
77.213187	12.989671	76.172667	3.885144
77.251204	12.989671	76.215435	3.890408
77.291095	12.989671	76.254378	3.890408
77.337844	13.028635	76.313266	3.890408
77.376872	13.028635	76.364376	3.929369
77.414924	13.028635	76.407421	3.929369
77.457980	13.004731	76.444025	3.929369
77.499027	13.004731	76.484102	4.020673
77.536754	13.004731	76.523444	4.020673
77.578467	12.997362	76.564711	4.020673
77.619775	12.997362	76.608441	4.353920
77.657106	12.997362	76.648957	4.353920
77.697729	13.014983	76.687975	4.353920
77.739138	13.014983	76.727605	4.348256
77.780118	13.014983	76.772790	4.348256
77.816309	13.014983	76.810414	4.348256
77.860582	13.011577	76.878775	4.365482
77.900402	13.011577	76.918882	4.365482
77.962240	13.011577	76.955281	4.365482
78.008282	13.031783	76.999649	4.358695
78.046715	13.031783	77.041940	4.358695
78.090951	13.031783	77.080356	4.358695
78.130850	13.029145	77.147114	4.356944
78.171688	13.029145	77.187783	4.356944
78.244892	13.031439	77.225875	4.356944
78.286078	13.031439	77.267647	4.355587
78.323281	13.031439	77.309236	4.355587
78.365652	13.032307	77.347314	4.355587
78.413351	13.032307	77.409938	4.353060
78.460240	13.032307	77.449472	4.353060
78.498439	13.041180	77.485542	4.353060
78.541272	13.041180	77.523852	4.335459
78.583334	13.041180	77.565916	4.335459
78.621709	13.041180	77.608695	4.335459
78.696385	13.062240	77.647998	4.332836
78.734696	13.062240	77.722095	4.332836
78.775918	13.066053	77.759447	4.332836
78.817050	13.066053	77.802530	4.335729
78.855491	13.066053	77.844018	4.335729
78.894591	13.047996	77.881440	4.335729
78.939633	13.047996	77.942087	4.310688
78.976304	13.047996	77.982784	4.310688
79.013887	13.047996	78.020384	4.310688
79.088762	13.056969	78.063325	4.290008
79.128930	13.056969	78.101649	4.290008
79.167117	13.068775	78.140686	4.290008
79.207018	13.068775	78.185189	4.272819
79.245597	13.068775	78.223454	4.272819
79.283544	13.068775	78.282533	4.272819
79.328196	13.093481	78.320496	4.273498
79.366145	13.093481	78.363911	4.273498
79.405992	13.093481	78.406015	4.273498
79.447917	13.097520	78.442019	4.273498
79.522748	13.097520	78.487411	4.250316
79.565441	13.101530	78.526077	4.250316
79.606618	13.101530	78.563088	4.250316
79.646251	13.101530	78.604638	4.231813
79.685407	13.101530	78.644031	4.231813
79.729530	13.126527	78.680698	4.231813
79.767327	13.126527	78.723618	4.203576
79.810610	13.126527	78.760786	4.203576
79.850193	13.119271	78.801017	4.203576
79.916261	13.119271	78.843997	4.203576
79.955398	13.119271	78.885867	4.202696
80.002166	13.152386	78.928314	4.202696
80.046391	13.152386	78.964112	4.202696
80.082071	13.152386	79.005428	4.181342
80.131022	13.110200	79.045023	4.181342
80.171542	13.110200	79.082017	4.181342
80.209486	13.110200	79.127873	4.168803
80.249139	13.143583	79.166885	4.168803
80.290037	13.143583	79.237144	4.168803
80.327591	13.143583	79.282126	4.160200
80.365895	13.148673	79.332705	4.160200
80.406958	13.148673	79.371243	4.160200
80.448093	13.148673	79.415926	4.132459
80.484644	13.148673	79.454285	4.132459
80.530882	13.162232	79.493451	4.132459
80.569024	13.162232	79.541670	4.107498
80.631178	13.162232	79.582593	4.107498
80.675793	13.159618	79.656709	4.103467
80.714354	13.159618	79.698432	4.103467
80.756472	13.159618	79.736742	4.103467
80.796450	13.146814	79.779714	4.088295
80.851679	13.146814	79.818390	4.088295
80.889915	13.146814	79.890067	4.088295
80.935970	13.145294	79.931078	4.078475
80.974159	13.145294	79.970831	4.078475
81.039730	13.159499	80.009841	4.078475
81.083015	13.159499	80.047992	4.048332
81.121602	13.159499	80.111903	4.048332
81.162811	13.159499	80.149611	4.048332
81.204195	13.175290	80.189336	4.027290
81.272712	13.175290	80.230243	4.027290
81.315681	13.164203	80.267860	4.027290
81.355117	13.164203	80.304845	4.017773
81.397521	13.164203	80.346771	4.017773
81.433163	13.164203	80.383602	4.017773
81.480396	13.150020	80.420680	4.017773
81.517289	13.150020	80.466941	4.015606
81.558157	13.150020	80.506768	4.015606
81.599621	13.178196	80.583057	4.011370
81.662991	13.178196	80.624876	4.011370
81.706273	13.152792	80.662615	4.011370
81.744238	13.152792	80.704784	4.000875
81.788804	13.152792	80.744061	4.000875
81.825263	13.152792	80.814827	4.000875
81.876379	13.178752	80.855467	3.998713
81.912979	13.178752	80.894165	3.998713
81.948465	13.178752	80.936138	3.998713
81.994462	13.024979	80.975709	4.036584
82.034569	13.024979	81.049140	4.036584
82.073422	13.024979	81.086715	4.036584
82.116384	13.015244	81.127414	4.055258
82.158238	13.015244	81.166139	4.055258
82.195957	13.015244	81.202122	4.055258
82.235622	13.015244	81.239320	4.055258
82.277629	13.009160	81.286357	4.057416
82.316416	13.009160	81.324059	4.057416
82.385780	13.019643	81.396117	4.076938
82.426218	13.019643	81.435015	4.076938
82.464847	13.019643	81.472599	4.076938
82.504813	13.034445	81.517064	4.121075
82.544729	13.034445	81.557865	4.121075
82.584948	13.034445	81.627241	4.121075
82.621198	13.034445	81.667254	4.133130
82.666701	12.981951	81.707262	4.133130
82.706820	12.981951	81.746000	4.133130
82.771667	12.979430	81.787014	4.169970
82.814826	12.979430	81.827440	4.169970
82.852770	12.979430	81.865226	4.169970
82.894963	12.958060	81.904774	4.195707
82.934470	12.958060	81.953464	4.195707
83.005836	12.958060	81.991632	4.195707
83.048922	12.982938	82.063448	4.204525
83.089195	12.982938	82.105609	4.204525
83.131538	12.982938	82.146968	4.204525
83.170871	12.999916	82.191171	4.188736
83.216816	12.999916	82.234387	4.188736
83.253240	12.999916	82.274642	4.188736
83.294446	12.977265	82.315241	4.178683
83.338844	12.977265	82.354545	4.178683
83.397730	12.977265	82.392238	4.178683
83.435447	12.977265	82.430284	4.178683
83.474850	12.985570	82.476623	4.191973
83.514328	12.985570	82.514207	4.191973
83.555289	12.985570	82.579308	4.190088
83.593651	12.983436	82.622251	4.190088
83.637378	12.983436	82.663773	4.190088
83.676635	12.983436	82.737041	4.188747
83.746085	12.992740	82.777981	4.188747
83.787805	12.992740	82.813685	4.188747
83.824839	12.992740	82.855271	4.189538
83.869450	13.012021	82.895071	4.189538
83.910493	13.012021	82.956568	4.189538
83.982232	12.997237	82.998749	4.181728
84.026575	12.997237	83.037287	4.181728
84.063002	12.997237	83.077320	4.181728
84.107061	12.995223	83.120496	4.194145
84.147914	12.995223	83.177195	4.194145
84.214115	12.995223	83.214559	4.194145
84.257990	13.001163	83.254862	4.189852
84.294722	13.001163	83.294514	4.189852
84.337526	13.001163	83.333403	4.189852
84.376634	12.992031	83.372078	4.189852
84.427215	12.992031	83.425547	4.189361
84.464104	12.992031	83.463424	4.189361
84.506221	12.995533	83.524208	4.178867
84.551007	12.995533	83.567966	4.178867
84.589647	12.995533	83.603379	4.178867
84.629576	12.995533	83.645629	4.182417
84.676667	13.003525	83.686559	4.182417
84.713791	13.003525	83.756113	4.182417
84.758264	13.003525	83.797752	4.202908
84.797944	13.019642	83.838722	4.202908
84.839695	13.019642	83.879173	4.202908
84.909464	13.017533	83.924639	4.201280
84.953910	13.017533	83.978390	4.201280
84.990296	13.017533	84.016441	4.201280
85.032189	13.017533	84.058006	4.196330
85.075038	13.049562	84.097862	4.196330
85.142252	13.049562	84.135035	4.196330
85.185708	13.022267	84.175131	4.189223
85.223039	13.022267	84.221236	4.189223
85.264919	13.022267	84.258111	4.189223
85.305400	13.034014	84.297856	4.189223
85.363867	13.034014	84.349243	4.199616
85.404594	13.034014	84.391909	4.199616
85.446383	13.038165	84.466287	4.220838
85.490015	13.038165	84.508947	4.220838
85.528938	13.038165	84.547752	4.220838
85.597402	13.051427	84.590788	4.196991
85.639543	13.051427	84.626503	4.196991
85.675815	13.051427	84.699318	4.196991
85.717704	13.082206	84.742765	4.196041
85.760778	13.082206	84.782874	4.196041
85.797803	13.082206	84.821850	4.196041
85.839835	13.048200	84.861920	4.220413
85.877639	13.048200	84.918973	4.220413
85.916578	13.048200	84.955607	4.220413
85.955794	13.048200	84.996467	4.214856
85.996494	13.067894	85.037234	4.214856
86.035935	13.067894	85.074798	4.214856
86.075788	13.067894	85.115925	4.233029
86.115778	13.088126	85.162422	4.233029
86.158892	13.088126	85.201990	4.233029
86.196136	13.088126	85.265603	4.248565
86.267756	13.083221	85.305655	4.248565
86.311172	13.083221	85.342577	4.248565
86.347189	13.083221	85.386771	4.248860
86.393302	13.097202	85.426066	4.248860
86.433315	13.097202	85.485127	4.248860
86.503159	13.090772	85.526037	4.275532
86.545164	13.090772	85.565024	4.275532
86.581781	13.090772	85.604552	4.275532
86.624267	13.110639	85.644587	4.373667
86.664734	13.110639	85.703813	4.373667
86.734293	13.110639	85.740693	4.373667
86.774187	13.117623	85.777936	4.150865
86.814323	13.117623	85.819372	4.150865
86.855590	13.117623	85.857990	4.150865
86.895181	13.117623	85.895903	4.150865
86.934480	13.137008	85.942694	4.139433
86.974223	13.137008	85.978971	4.139433
87.015831	13.137008	86.049811	4.131729
87.059460	13.149989	86.091573	4.131729
87.104439	13.149989	86.134934	4.131729
87.142259	13.149989	86.172840	4.135670
87.207475	13.134228	86.234867	4.135670
87.249183	13.134228	86.271652	4.135670
87.288654	13.134228	86.312167	4.122244
87.333817	13.139743	86.353384	4.122244
87.374461	13.139743	86.391618	4.122244
87.439755	13.142063	86.429153	4.122244
87.481201	13.142063	86.473301	4.133224
87.518262	13.142063	86.511267	4.133224
87.559854	13.142063	86.581320	4.116662
87.601154	13.174687	86.625480	4.116662
87.672011	13.174687	86.665275	4.116662
87.714715	13.161544	86.738456	4.113524
87.755493	13.161544	86.779311	4.113524
87.797988	13.161544	86.816983	4.113524
87.836958	13.154196	86.861763	4.109191
87.882310	13.154196	86.900123	4.109191
87.918870	13.154196	86.973346	4.097312
87.960380	13.154196	87.016178	4.097312
88.009986	13.142041	87.054862	4.097312
88.080928	13.142041	87.095748	4.097312
88.125371	13.144930	87.142402	4.101205
88.162019	13.144930	87.179743	4.101205
88.200165	13.144930	87.220116	4.101205
88.244636	13.169283	87.258936	4.095047
88.284107	13.169283	87.302017	4.095047
88.347685	13.169283	87.340318	4.095047
88.389689	13.169950	87.402060	4.077316
88.429754	13.169950	87.439272	4.077316
88.472322	13.169950	87.478670	4.077316
88.512968	13.163235	87.519006	4.084755
88.581699	13.163235	87.581973	4.084755
88.624837	13.156551	87.621587	4.084755
88.664760	13.156551	87.661313	4.093271
88.709531	13.156551	87.700984	4.093271
88.747794	13.156551	87.740757	4.093271
88.815786	13.020537	87.803514	4.098454
88.857730	13.020537	87.841825	4.098454
88.896388	13.044780	87.878788	4.098454
88.942886	13.044780	87.920221	4.091953
88.982696	13.044780	87.957901	4.091953
89.049812	13.021395	87.996127	4.091953
89.093863	13.021395	88.037056	4.091953
89.129096	13.021395	88.081603	4.083493
89.172449	13.012091	88.121167	4.083493
89.215276	13.012091	88.156580	4.083493
89.283912	13.012091	88.201206	4.089146
89.329491	12.999717	88.246127	4.089146
89.367914	12.999717	88.283887	4.089146
89.408926	12.999717	88.362987	4.107687
89.451373	13.004255	88.404181	4.107687
89.521800	13.004255	88.442551	4.107687
89.560283	13.004255	88.485583	4.094844
89.602392	13.001148	88.547768	4.094844
89.641115	13.001148	88.586811	4.111290
89.679107	13.001148	88.628511	4.111290
89.720527	12.964602	88.667096	4.111290
89.761476	12.964602	88.706046	4.092560
89.800208	12.964602	88.746405	4.092560
89.842166	12.947295	88.785424	4.092560
89.880000	12.947295	88.822889	4.092560
89.919963	12.947295	88.868755	4.112829
89.959692	12.947295	88.907059	4.112829
90.004501	12.978018	88.970467	4.112829
90.041118	12.978018	89.012019	4.121312
90.087112	12.978018	89.056097	4.121312
90.127133	12.977242	89.098598	4.121312
90.167623	12.977242	89.141690	4.130921
90.210390	12.977242	89.184567	4.130921
90.258899	12.991694	89.222445	4.130921
90.295555	12.991694	89.263034	4.140637
90.333475	12.991694	89.303765	4.140637
90.377990	12.982558	89.344754	4.140637
90.418047	12.982558	89.384633	4.124267
90.458472	12.982558	89.430384	4.124267
90.500670	12.977161	89.468266	4.124267
90.540339	12.977161	89.508562	4.152343
90.599759	12.977161	89.548799	4.152343
90.641011	12.986223	89.587613	4.152343
90.681565	12.986223	89.623634	4.152343
90.720084	12.986223	89.668541	4.149367
90.756176	12.986223	89.739826	4.149367
90.798643	12.991955	89.781745	4.156779
90.841195	12.991955	89.827821	4.156779
90.878491	12.991955	89.870236	4.156779
90.924974	12.984786	89.909742	4.151202
90.962932	12.984786	89.955144	4.151202
91.006845	12.984786	89.992165	4.151202
91.046565	12.994089	90.030370	4.151202
91.090782	12.994089	90.075191	4.168427
91.129029	12.994089	90.114689	4.168427
91.194919	12.983245	90.181669	4.221386
91.239269	12.983245	90.222923	4.221386
91.275525	12.983245	90.259898	4.221386
91.322125	12.981814	90.300263	4.221386
91.360873	12.981814	90.343336	4.220017
91.429766	13.020003	90.411825	4.220017
91.473018	13.020003	90.452780	4.237187
91.509563	13.020003	90.496625	4.237187
91.550896	13.020003	90.538142	4.237187
91.592588	13.015798	90.576964	4.276535
91.661101	13.015798	90.648253	4.276535
91.705096	13.013348	90.686454	4.276535
91.744321	13.013348	90.728946	4.291918
91.786931	13.013348	90.769112	4.291918
91.826602	13.026527	90.807270	4.291918
91.878607	13.026527	90.847513	4.325940
91.914984	13.026527	90.893762	4.325940
91.955566	13.026527	90.932240	4.325940
92.000928	13.008330	90.993416	4.338667
92.041840	13.008330	91.033084	4.338667
92.083344	13.008330	91.072342	4.338667
92.141103	13.032638	91.118064	4.391105
92.178917	13.032638	91.158000	4.391105
92.224935	13.039147	91.222214	4.391105
92.266274	13.039147	91.269251	4.387932
92.339541	13.039147	91.307827	4.387932
92.380759	13.052650	91.346885	4.387932
92.420335	13.052650	91.388321	4.433752
92.463085	13.052650	91.460972	4.433752
92.505001	13.049733	91.499532	4.433752
92.573613	13.049733	91.543550	4.486598
92.614306	13.049733	91.582628	4.486598
92.656631	13.044290	91.624034	4.486598
92.697885	13.044290	91.668238	4.494309
92.734566	13.044290	91.736877	4.494309
92.793979	13.075354	91.774276	4.527237
92.836000	13.075354	91.820703	4.527237
92.872916	13.075354	91.858325	4.527237
92.918768	13.080923	91.901042	4.555953
92.956642	13.080923	91.942009	4.555953
93.028239	13.069102	92.004363	4.555953
93.071737	13.069102	92.044993	4.569865
93.108702	13.069102	92.084619	4.569865
93.150125	13.069102	92.124536	4.569865
93.192360	13.082003	92.161317	4.569865
93.261847	13.082003	92.225385	4.575984
93.305956	13.105346	92.263053	4.575984
93.346818	13.105346	92.301886	4.577357
93.389244	13.105346	92.343545	4.577357
93.426972	13.131759	92.381948	4.577357
93.472888	13.131759	92.418859	4.577357
93.509860	13.131759	92.466958	4.567272
93.550143	13.131759	92.503770	4.567272
93.592558	13.122577	92.570182	4.567272
93.655121	13.122577	92.620853	4.573958
93.692070	13.122577	92.663999	4.573958
93.732225	13.128964	92.706663	4.556223
93.771158	13.128964	92.750208	4.556223
93.810904	13.128964	92.790292	4.556223
93.851043	13.136711	92.829864	4.565272
93.893682	13.136711	92.876184	4.565272
93.932133	13.136711	92.915440	4.565272
94.000645	13.153385	92.952813	4.565272
94.042938	13.153385	93.000339	4.557166
94.078645	13.153385	93.038857	4.557166
94.125921	13.163280	93.102397	4.553311
94.166135	13.163280	93.150091	4.553311
94.237280	13.158903	93.187707	4.553311
94.278543	13.158903	93.245892	4.535158
94.314694	13.158903	93.288670	4.535158
94.355832	13.158903	93.326834	4.535158
94.398149	13.151826	93.367187	4.535158
94.470627	13.151826	93.409119	4.549686
94.515037	13.157327	93.480095	4.549686
94.555506	13.157327	93.522842	4.536878
94.597930	13.157327	93.564673	4.536878
94.639722	13.156846	93.604311	4.536878
94.707593	13.156846	93.643901	4.502158
94.746705	13.156846	93.701380	4.502158
94.794350	13.184681	93.740509	4.502158
94.836648	13.184681	93.780436	4.505524
94.908583	13.161345	93.820941	4.505524
94.950489	13.161345	93.857335	4.505524
94.989272	13.161345	93.895452	4.505524
95.033344	13.156168	93.938335	4.524402
95.073166	13.156168	93.982946	4.524402
95.139421	13.156168	94.022165	4.524402
95.181058	13.162997	94.090871	4.505122
95.221498	13.162997	94.130281	4.505122
95.262883	13.162997	94.167804	4.505122
95.302786	13.170037	94.213461	4.513692
95.359739	13.170037	94.252672	4.513692
95.394894	13.170037	94.327389	4.509901
95.439135	13.046761	94.367849	4.509901
95.480151	13.046761	94.411886	4.509901
95.545247	13.046761	94.455544	4.495632
95.591141	13.030219	94.527126	4.495632
95.629797	13.030219	94.567582	4.495632
95.672693	13.030219	94.608638	4.514500
95.712927	13.025601	94.647302	4.514500
95.762042	13.025601	94.683923	4.514500
95.798167	13.025601	94.726070	4.528403
95.840027	13.011703	94.766882	4.528403
95.882862	13.011703	94.804133	4.528403
95.923479	13.011703	94.846379	4.526460
95.988402	13.020943	94.884768	4.526460
96.029492	13.020943	94.927973	4.526460
96.065696	13.020943	94.968131	4.526460
96.107543	12.998223	95.009714	4.530259
96.150369	12.998223	95.051622	4.530259
96.187743	12.998223	95.089662	4.530259
96.227372	12.987996	95.132291	4.563970
96.268316	12.987996	95.171103	4.563970
96.307014	12.987996	95.208154	4.563970
96.348146	12.987996	95.255889	4.607903
96.387518	12.971135	95.293673	4.607903
96.429095	12.971135	95.361666	4.607903
96.466178	12.971135	95.403884	3.774728
96.532044	12.986200	95.445637	3.774728
96.574334	12.986200	95.488904	3.774728
96.611076	12.986200	95.531906	3.759560
96.655965	12.988769	95.571947	3.759560
96.694386	12.988769	95.610174	3.759560
96.767992	12.986875	95.653378	3.748120
96.812510	12.986875	95.694207	3.748120
96.848515	12.986875	95.733060	3.748120
96.890543	12.986875	95.771172	3.748120
96.934943	12.962578	95.815155	3.749265
97.000535	12.962578	95.852634	3.749265
97.045494	12.982166	95.888595	3.749265
97.085556	12.982166	95.935167	3.733906
97.128822	12.982166	95.974059	3.733906
97.165605	12.970455	96.048857	3.733976
97.214787	12.970455	96.089016	3.733976
97.254748	12.970455	96.125803	3.733976
97.293647	12.970455	96.168115	3.733976
97.335434	12.995382	96.212348	3.724200
97.373363	12.995382	96.281527	3.724200
97.411802	12.995382	96.324617	3.705788
97.484969	12.975817	96.366376	3.705788
97.522718	12.975817	96.404799	3.705788
97.565307	12.984923	96.445947	3.700966
97.605891	12.984923	96.502307	3.700966
97.645168	12.984923	96.539898	3.700966
97.681528	12.984923	96.580654	3.693281
97.731057	12.991355	96.622727	3.693281
97.771704	12.991355	96.660787	3.693281
97.834658	13.007145	96.700278	3.694295
97.873667	13.007145	96.745707	3.694295
97.920794	13.007145	96.786481	3.694295
97.959826	13.021660	96.850265	3.699966
98.000501	13.021660	96.890698	3.699966
98.064374	13.021660	96.927457	3.699966
98.105096	13.005530	96.968181	3.699966
98.144590	13.005530	97.010078	3.707613
98.183719	13.005530	97.082062	3.707613
98.221963	13.017980	97.124831	3.708360
98.263214	13.017980	97.165482	3.708360
98.304832	13.017980	97.204724	3.708360
98.343081	13.017980	97.246310	3.772593
98.389218	13.008807	97.303977	3.772593
98.426955	13.008807	97.345419	3.772593
98.464631	13.008807	97.393101	3.789949
98.534620	13.012425	97.434628	3.789949
98.573682	13.012425	97.471347	3.789949
98.609980	13.012425	97.510798	3.797551
98.652343	13.033927	97.555238	3.797551
98.692586	13.033927	97.593607	3.797551
98.729314	13.033927	97.664931	3.819332
98.775527	13.039732	97.703044	3.819332
98.812293	13.039732	97.739411	3.819332
98.857411	13.039732	97.777818	3.825412
98.894687	13.046592	97.818008	3.825412
98.942246	13.046592	97.857291	3.825412
98.977915	13.046592	97.899855	3.825412
99.017232	13.046592	97.951304	3.900794
99.080879	13.041312	97.988780	3.900794
99.119087	13.041312	98.028539	3.900794
99.161023	13.091010	98.068362	3.902003
99.199201	13.091010	98.106682	3.902003
99.241731	13.091010	98.147047	3.902003
99.280840	13.091010	98.187599	3.923401
99.346014	13.073627	98.254797	3.923401
99.385920	13.073627	98.290545	3.923401
99.423376	13.057579	98.333694	3.942435
99.468118	13.057579	98.372601	3.942435
99.507912	13.057579	98.411965	3.942435
99.581275	13.077698	98.451325	3.992237
99.624202	13.077698	98.490973	3.992237
99.661017	13.077698	98.528441	3.992237
99.706688	13.080324	98.568512	3.992237
99.747351	13.080324	98.621101	4.022909
99.816132	13.080324	98.657927	4.022909
99.860562	13.111317	98.726560	4.046343
99.896584	13.111317	98.764170	4.046343
99.937914	13.111317	98.806167	4.046343
99.979955	13.123699	98.851183	4.074069
100.053705	13.123699	98.891203	4.074069
100.090971	13.123699	98.931640	4.074069
100.135420	13.107202	98.969866	4.074069
100.172732	13.107202	99.010797	4.111846
100.212125	13.107202	99.052179	4.111846
100.257683	13.125584	99.089552	4.111846
100.296517	13.125584	99.136883	4.153124
100.363284	13.133987	99.174830	4.153124
100.404635	13.133987	99.243552	4.178575
100.441887	13.133987	99.289243	4.178575
100.480626	13.133987	99.326890	4.178575
100.525734	13.143546	99.383770	4.225340
100.564615	13.143546	99.424378	4.225340
100.606555	13.143546	99.460835	4.225340
100.649883	13.139999	99.499925	4.225340
100.693907	13.139999	99.546237	4.239287
100.735168	13.139999	99.585106	4.239287
100.774694	13.152671	99.652295	4.288964
100.817955	13.152671	99.693355	4.288964
100.856042	13.152671	99.728346	4.288964
100.927148	13.170283	99.769314	4.288964
100.971476	13.170283	99.810785	4.306610
101.007212	13.170283	99.871958	4.306610
101.053757	13.149569	99.914226	4.352689
101.090313	13.149569	99.955727	4.352689
101.163893	13.157380	99.994633	4.352689
101.206112	13.157380	100.034034	4.352881
101.243084	13.157380	100.097910	4.352881
101.284814	13.157380	100.137351	4.352881
101.330413	13.152288	100.176304	4.399305
101.399768	13.152288	100.215142	4.399305
101.445292	13.164742	100.253797	4.399305
101.484458	13.164742	100.292013	4.399305
101.527742	13.164742	100.340212	4.430154
101.567026	13.148147	100.379119	4.430154
101.616138	13.148147	100.454025	4.454258
101.653599	13.148147	100.493189	4.454258
101.691925	13.148147	100.530347	4.454258
101.736759	13.154422	100.569901	4.454258
101.774125	13.154422	100.612557	4.509221
101.839920	13.178824	100.673887	4.509221
101.879007	13.178824	100.713769	4.527045
101.919093	13.178824	100.755259	4.527045
101.958749	13.033769	100.793671	4.527045
102.000066	13.033769	100.832257	4.576022
102.040616	13.033769	100.871808	4.576022
102.079251	13.033769	100.910261	4.576022
102.127819	13.004626	100.952003	4.576022
102.165552	13.004626	100.993005	4.639627
102.202317	13.004626	101.050868	4.639627
102.274823	13.004045	101.087018	4.639627
102.317363	13.004045	101.129011	4.665679
102.356240	13.008456	101.172552	4.665679
102.394320	13.008456	101.210664	4.665679
102.434431	13.008456	101.285547	4.683743
102.473591	13.008456	101.326384	4.683743
102.518464	13.008976	101.364430	4.683743
102.557193	13.008976	101.411784	4.726023
102.599157	13.008976	101.448126	4.726023
102.640723	12.980448	101.520977	4.748663
102.691166	12.980448	101.563526	4.748663
102.727914	12.980448	101.604200	4.748663
102.769160	12.962466	101.648199	4.767733
102.811879	12.962466	101.722420	4.767733
102.850996	12.962466	101.758682	4.767733
102.890554	12.962466	101.802466	4.779765
102.935851	12.941031	101.846087	4.779765
102.971523	12.941031	101.883299	4.779765
103.011084	12.941031	101.956657	4.793131
103.055936	12.968442	101.996749	4.793131
103.128476	12.968442	102.036519	4.798747
103.171833	12.977974	102.079033	4.798747
103.210535	12.977974	102.118006	4.798747
103.249831	12.977974	102.178287	4.809913
103.291534	12.977974	102.217523	4.809913
103.335222	12.964428	102.257943	4.809913
103.371872	12.964428	102.294691	4.809913
103.416562	12.964428	102.339397	4.815324
103.457075	12.973029	102.378718	4.815324
103.518755	12.973029	102.417102	4.815324
103.558805	12.970502	102.464881	4.807015
103.601826	12.970502	102.501581	4.807015
103.639703	12.970502	102.563406	4.807015
103.680331	12.970502	102.606315	4.794070
103.723712	12.977785	102.650712	4.794070
103.783898	12.977785	102.692605	4.794070
103.825328	12.993230	102.734576	4.778442
103.866860	12.993230	102.774358	4.778442
103.909132	12.993230	102.811781	4.778442
103.947106	12.993230	102.853614	4.771640
103.994122	12.969315	102.892754	4.771640
104.030513	12.969315	102.930243	4.771640
104.070299	12.969315	102.967267	4.771640
104.112514	12.976989	103.009939	4.773674
104.176662	12.976989	103.051124	4.773674
104.217222	12.976989	103.089009	4.773674
104.257824	12.987972	103.158951	4.761209
104.296454	12.987972	103.199084	4.761209
104.338885	12.987972	103.239962	4.765206
104.380287	12.990429	103.282361	4.765206
104.422912	12.990429	103.320601	4.765206
104.461761	12.990429	103.359135	4.767435
104.534840	12.999182	103.405096	4.767435
104.576051	12.999182	103.439549	4.767435
104.614335	12.999182	103.505087	4.757285
104.659782	12.999528	103.546546	4.757285
104.700496	12.999528	103.588841	4.757285
104.768706	13.014302	103.626955	4.757285
104.814261	13.014302	103.709579	4.766506
104.850208	13.014302	103.745615	4.766506
104.893173	13.010323	103.797347	4.779638
104.934796	13.010323	103.835542	4.779638
105.001038	13.010323	103.875650	4.779638
105.045218	13.030266	103.916257	4.779507
105.083488	13.030266	103.989672	4.779507
105.125387	13.030266	104.027563	4.779507
105.165365	13.028313	104.072930	4.800152
105.214792	13.028313	104.112396	4.800152
105.250535	13.028313	104.154260	4.800152
105.289836	13.028313	104.195856	4.837115
105.342563	13.020936	104.271710	4.837115
105.380876	13.020936	104.311945	3.560041
105.442606	13.041792	104.354289	3.560041
105.482301	13.041792	104.394160	3.560041
105.519646	13.041792	104.435966	3.551101
105.562655	13.051689	104.506173	3.551101
105.604592	13.051689	104.543194	3.551101
105.640785	13.051689	104.584509	3.523908
105.677590	13.051689	104.623097	3.523908
105.722221	13.080457	104.661123	3.523908
105.766130	13.080457	104.698830	3.523908
105.803608	13.080457	104.745948	3.515744
105.852041	13.068148	104.784284	3.515744
105.889148	13.068148	104.852990	3.507141
105.930513	13.068148	104.892736	3.507141
105.969809	13.076194	104.929511	3.507141
106.007871	13.076194	104.972219	3.545595
106.081640	13.076194	105.013844	3.545595
106.123317	13.074992	105.084063	3.545595
106.162582	13.074992	105.125696	3.501638
106.200517	13.074992	105.166296	3.501638
106.240818	13.084924	105.204122	3.501638
106.280242	13.084924	105.244382	3.501241
106.320160	13.084924	105.283262	3.501241
106.359273	13.112570	105.319591	3.501241
106.399117	13.112570	105.367599	3.473899
106.440088	13.112570	105.419877	3.473899
106.478042	13.112570	105.458817	3.473899
106.523410	13.115907	105.525402	3.473778
106.560543	13.115907	105.566411	3.473778
106.598961	13.115907	105.603430	3.473778
106.676446	13.127785	105.647717	3.503787
106.715037	13.127785	105.687970	3.503787
106.756503	13.123610	105.759747	3.514722
106.798006	13.123610	105.800908	3.514722
106.837633	13.123610	105.838315	3.514722
106.880440	13.123610	105.878177	3.514722
106.925416	13.133173	105.919683	3.552728
106.972504	13.133173	105.981833	3.552728
107.014663	13.133173	106.018698	3.552728
107.055541	13.161953	106.060218	3.576287
107.100648	13.161953	106.098860	3.576287
107.140752	13.161953	106.137662	3.576287
107.201472	13.139237	106.181142	3.613734
107.243601	13.139237	106.223160	3.613734
107.281239	13.139237	106.261955	3.613734
107.328419	13.136300	106.332783	3.680990
107.368160	13.136300	106.371177	3.680990
107.438694	13.146297	106.408739	3.680990
107.480967	13.146297	106.453488	3.708090
107.517618	13.146297	106.496427	3.708090
107.562824	13.170049	106.535880	3.708090
107.602528	13.170049	106.609315	3.742283
107.672825	13.170049	106.648260	3.742283
107.715637	13.143817	106.686418	3.742283
107.754480	13.143817	106.730626	3.789406
107.796335	13.143817	106.772422	3.789406
107.836681	13.155470	106.809550	3.789406
107.885830	13.155470	106.870288	3.834464
107.921315	13.155470	106.908082	3.834464
107.961080	13.173664	106.943699	3.834464
108.005874	13.173664	106.988232	3.891235
108.043411	13.173664	107.028613	3.891235
108.112472	13.134053	107.066782	3.891235
108.153598	13.134053	107.134841	3.934685
108.189687	13.134053	107.172653	3.934685
108.231088	13.171240	107.209413	3.934685
108.273703	13.171240	107.253830	3.991851
108.311098	13.171240	107.295779	3.991851
108.350808	13.018468	107.335016	3.991851
108.393482	13.018468	107.401370	4.017605
108.432301	13.018468	107.442449	4.017605
108.469409	13.018468	107.479778	4.017605
108.511428	12.998417	107.521466	4.087564
108.554666	12.998417	107.562756	4.087564
108.592307	12.998417	107.598403	4.087564
108.633512	13.040110	107.667275	4.132685
108.673521	13.040110	107.706173	4.132685
108.710877	13.040110	107.745065	4.132685
108.749922	13.004260	107.789629	4.183620
108.791656	13.004260	107.831817	4.183620
108.833796	13.004260	107.870244	4.183620
108.870307	13.004260	107.932680	4.239800
108.913200	13.011980	107.971315	4.239800
108.952245	13.011980	108.007834	4.239800
109.017744	13.011980	108.052510	4.287873
109.061264	12.974857	108.095114	4.287873
109.099602	12.974857	108.132490	4.287873
109.141292	12.974857	108.201244	4.345916
109.181158	12.948193	108.239320	4.345916
109.219125	12.948193	108.274226	4.345916
109.284030	12.948193	108.314919	4.408947
109.331434	12.959683	108.355948	4.408947
109.369420	12.959683	108.394574	4.408947
109.409284	12.959683	108.453007	4.434502
109.452250	12.954624	108.492714	4.434502
109.518135	12.954624	108.530264	4.434502
109.561602	12.980318	108.570355	4.489818
109.603491	12.980318	108.611819	4.489818
109.645802	12.980318	108.650185	4.489818
109.684015	12.980318	108.718021	4.551628
109.732880	12.954768	108.757753	4.551628
109.770613	12.954768	108.795868	4.551628
109.810175	12.954768	108.836049	4.604431
109.852478	12.969260	108.882183	4.604431
109.893048	12.969260	108.920134	4.604431
109.933466	12.969260	108.985235	4.631626
109.974380	12.968878	109.027599	4.631626
110.019503	12.968878	109.067303	4.631626
110.058455	12.968878	109.108535	4.679569
110.099015	12.957601	109.149767	4.679569
110.139705	12.957601	109.218562	4.679569
110.178771	12.957601	109.259054	4.740539
110.217553	12.957601	109.299430	4.740539
110.258553	12.990280	109.337834	4.740539
110.297489	12.990280	109.380866	4.772282
110.336854	12.990280	109.419559	4.772282
110.382008	12.965264	109.458049	4.772282
110.419652	12.965264	109.502357	4.831572
110.462970	12.965264	109.546438	4.831572
110.513521	12.966982	109.585709	4.831572
110.556699	12.966982	109.621939	4.831572
110.595614	12.966982	109.663305	4.833300
110.661471	12.969078	109.704854	4.833300
110.704807	12.969078	109.743090	4.833300
110.741847	12.969078	109.811794	4.871818
110.787054	12.992695	109.851512	4.871818
110.824791	12.992695	109.890347	4.871818
110.882606	13.006269	109.936146	4.880549
110.923392	13.006269	109.975466	4.880549
110.959587	13.006269	110.048265	4.913370
110.996860	13.006269	110.088914	4.913370
111.037467	13.010881	110.130138	4.913370
111.078578	13.010881	110.172369	4.954324
111.115150	13.010881	110.233618	4.954324
111.155279	12.996361	110.272313	4.954324
111.196908	12.996361	110.311734	4.921862
111.234392	12.996361	110.353233	4.921862
111.275470	13.002527	110.391138	4.921862
111.321599	13.002527	110.428256	4.921862
111.363170	13.002527	110.468295	4.946911
111.401225	13.002527	110.505377	4.946911
111.462190	13.030379	110.545054	4.946911
111.504796	13.030379	110.591014	4.950869
111.540353	13.030379	110.629959	4.950869
111.585666	13.030250	110.705017	4.956860
111.625508	13.030250	110.745806	4.956860
111.697481	13.013920	110.788723	4.956860
111.740820	13.013920	110.830347	4.980168
111.776609	13.013920	110.870152	4.980168
111.818430	13.013920	110.910293	4.980168
111.859289	13.044118	110.948382	4.980168
111.931247	13.044118	110.991426	4.966552
111.984827	13.031693	111.031205	4.966552
112.023302	13.031693	111.067948	4.966552
112.065867	13.031693	111.108184	4.956387
112.106695	13.053953	111.149425	4.956387
112.157864	13.053953	111.186716	4.956387
112.194254	13.053953	111.225198	4.956387
112.238711	13.077229	111.270751	4.951125
112.281631	13.077229	111.309490	4.951125
112.318931	13.077229	111.380522	4.944915
112.361097	13.066088	111.422373	4.944915
112.416165	13.066088	111.460323	4.944915
112.452198	13.066088	111.501873	4.948812
112.494718	13.079552	111.543142	4.948812
112.537880	13.079552	111.612641	4.948812
112.574252	13.079552	111.656131	4.927505
112.611718	13.079552	111.699322	4.927505
112.656016	13.102407	111.738939	4.927505
112.699013	13.102407	111.786055	4.925363
112.735858	13.102407	111.833248	4.925363
112.787244	13.135564	111.870278	4.925363
112.825682	13.135564	111.911459	4.904346
112.866255	13.135564	111.952948	4.904346
112.905501	13.099218	111.988478	4.904346
112.944720	13.099218	112.027414	4.904346
113.007371	13.099218	112.074383	4.917365
113.049034	13.116152	112.115769	4.917365
113.089617	13.116152	112.174187	4.924800
113.127797	13.116152	112.218554	4.924800
113.167922	13.120902	112.256560	4.924800
113.207371	13.120902	112.297548	4.924800
113.246309	13.120902	112.338906	4.916416
113.286953	13.127838	112.409475	4.916416
113.328111	13.127838	112.451661	4.945346
113.366823	13.127838	112.489868	4.945346
113.404624	13.127838	112.529652	4.945346
113.445241	13.154941	112.570506	4.961619
113.486609	13.154941	112.629274	4.961619
113.526904	13.154941	112.665555	4.961619
113.565628	13.136795	112.703651	4.970027
113.608483	13.136795	112.749147	4.970027
113.646586	13.136795	112.789122	4.970027
113.716747	13.135368	112.827665	4.970027
113.758883	13.135368	112.873223	3.367316
113.793850	13.135368	112.912765	3.367316
113.839144	13.148980	112.987812	3.348333
113.879131	13.148980	113.028248	3.348333
113.949095	13.152570	113.066424	3.348333
113.991484	13.152570	113.106957	3.325298
114.028167	13.152570	113.145143	3.325298
114.070357	13.152570	113.207832	3.325298
114.111265	13.142394	113.247868	3.311452
114.150954	13.142394	113.288549	3.311452
114.218163	13.142394	113.330855	3.311452
114.264278	13.148989	113.377486	3.326187
114.301652	13.148989	113.421496	3.326187
114.344262	13.148989	113.460761	3.326187
114.386152	13.135815	113.502978	3.327951
114.451028	13.135815	113.547290	3.327951
114.494832	13.165463	113.586619	3.327951
114.533787	13.165463	113.625451	3.327951
114.576833	13.165463	113.668066	3.285080
114.614410	13.165463	113.706221	3.285080
114.666124	13.020091	113.748416	3.285080
114.704715	13.020091	113.789845	3.288973
114.740647	13.020091	113.862330	3.288973
114.783759	13.032029	113.900342	3.288973
114.825428	13.032029	113.940343	3.284984
114.862128	13.032029	113.981647	3.284984
114.906800	12.984613	114.024315	3.284984
114.946909	12.984613	114.064910	3.297640
114.983821	12.984613	114.129945	3.297640
115.051962	13.009455	114.172727	3.311165
115.092273	13.009455	114.212954	3.311165
115.129292	13.009455	114.253750	3.311165
115.170919	12.974236	114.291638	3.311165
115.212160	12.974236	114.366062	3.354900
115.250147	12.974236	114.404821	3.354900
115.290786	12.966039	114.446166	3.419181
115.331309	12.966039	114.487689	3.419181
115.369514	12.966039	114.524650	3.419181
115.408099	12.966039	114.568049	3.448340
115.449976	12.965012	114.605525	3.448340
115.489815	12.965012	114.646933	3.448340
115.531979	12.965012	114.687827	3.448340
115.572433	12.940727	114.729620	3.502546
115.614688	12.940727	114.772201	3.502546
115.654272	12.940727	114.809217	3.502546
115.722824	12.956913	114.851352	3.568808
115.764268	12.956913	114.890711	3.568808
115.799862	12.956913	114.932302	3.568808
115.847245	12.941224	114.976471	3.610180
115.889407	12.941224	115.014550	3.610180
115.956083	12.959660	115.052038	3.610180
115.997594	12.959660	115.089921	3.610180
116.034402	12.959660	115.135442	3.670716
116.073575	12.959660	115.174792	3.670716
116.119132	12.960265	115.242603	3.741149
116.155366	12.960265	115.285439	3.741149
116.224555	12.959322	115.321823	3.741149
116.265092	12.959322	115.366790	3.793475
116.307483	12.959322	115.407411	3.793475
116.344747	12.959322	115.475291	3.793475
116.386747	12.968009	115.516985	3.840719
116.426459	12.968009	115.555819	3.840719
116.464150	12.968009	115.596290	3.840719
116.511861	12.947170	115.635780	3.926923
116.549117	12.947170	115.695636	3.926923
116.587415	12.947170	115.733730	3.926923
116.648715	12.996246	115.775473	3.987123
116.690876	12.996246	115.816293	3.987123
116.726975	12.996246	115.852848	3.987123
116.768189	12.988140	115.891744	4.059249
116.809769	12.988140	115.939055	4.059249
116.847527	12.988140	115.975859	4.059249
116.890370	12.960789	116.044844	4.145188
116.929404	12.960789	116.088585	4.145188
116.969035	12.960789	116.125488	4.145188
117.007792	12.960789	116.169352	4.205875
117.050488	12.983678	116.209323	4.205875
117.090872	12.983678	116.278218	4.205875
117.131876	12.983678	116.321990	4.252439
117.173475	12.985050	116.361039	4.252439
117.211633	12.985050	116.401600	4.252439
117.251656	12.985050	116.441783	4.333359
117.291629	12.983042	116.511738	4.333359
117.333549	12.983042	116.550648	4.333359
117.376749	12.983042	116.593662	4.426378
117.415877	12.983042	116.634016	4.426378
117.457574	12.998840	116.670925	4.426378
117.500226	12.998840	116.715092	4.489283
117.537536	12.998840	116.756534	4.489283
117.578603	12.987009	116.795592	4.489283
117.618884	12.987009	116.856145	4.551601
117.659062	12.987009	116.895183	4.551601
117.697640	13.018690	116.931399	4.551601
117.770670	13.018690	116.972138	4.611583
117.810089	13.018690	117.015224	4.611583
117.855740	13.033442	117.053089	4.611583
117.900248	13.033442	117.119640	4.685700
117.937394	13.033442	117.157562	4.685700
117.981404	13.039515	117.193896	4.685700
118.022131	13.039515	117.234136	4.751604
118.097615	13.030311	117.281750	4.751604
118.140868	13.030311	117.319906	4.751604
118.176898	13.030311	117.385826	4.802523
118.218357	13.030311	117.427446	4.802523
118.260535	13.034737	117.463094	4.802523
118.329036	13.034737	117.509310	4.846382
118.371952	13.055655	117.548926	4.846382
118.409390	13.055655	117.617515	4.846382
118.454899	13.055655	117.658577	4.903441
118.494134	13.055444	117.701066	4.903441
118.544781	13.055444	117.740194	4.903441
118.580256	13.055444	117.790222	4.975853
118.618783	13.055444	117.826953	4.975853
118.668950	13.084435	117.865946	4.975853
118.708739	13.084435	117.914163	5.020385
118.749695	13.087711	117.951485	5.020385
118.793090	13.087711	118.023437	5.020385
118.830867	13.087711	118.067622	5.023595
118.871664	13.087711	118.109737	5.023595
118.916088	13.094674	118.151361	5.023595
118.986103	13.094674	118.193258	5.033065
119.029397	13.122326	118.233445	5.033065
119.070444	13.122326	118.271028	5.033065
119.112422	13.122326	118.313210	5.034737
119.149138	13.109863	118.352515	5.034737
119.196012	13.109863	118.389450	5.034737
119.232314	13.109863	118.429596	5.034737
119.274922	13.109863	118.469615	5.047116
119.318087	13.122840	118.505978	5.047116
119.379104	13.122840	118.545110	5.047116
119.417684	13.122840	118.592230	5.042920
119.457736	13.140271	118.631267	5.042920
119.495677	13.140271	118.697773	5.039417
119.538231	13.140271	118.739359	5.039417
119.579204	13.111095	118.777575	5.039417
119.623103	13.111095	118.818262	5.039417
119.661553	13.111095	118.861871	5.042720
119.723534	13.131062	118.933119	5.042720
119.765103	13.131062	118.976921	5.046379
119.800975	13.131062	119.019567	5.046379
119.845877	13.136365	119.061220	5.046379
119.886293	13.136365	119.100590	5.035055
119.954109	13.146888	119.167661	5.035055
119.997838	13.146888	119.206465	5.035055
120.035625	13.146888	119.248947	5.011427
120.077453	13.126746	119.287988	5.011427
120.122533	13.126746	119.325994	5.011427
120.159753	13.126746	119.365931	5.011623
120.222183	13.126510	119.408861	5.011623
120.263201	13.126510	119.448874	5.011623
120.301789	13.126510	119.513361	5.015059
120.340056	13.126510	119.553590	5.015059
120.383832	13.140712	119.588730	5.015059
120.427229	13.140712	119.628823	5.001847
120.464303	13.140712	119.671989	5.001847
120.514543	13.133630	119.745610	5.001847
120.553561	13.133630	119.788618	5.028720
120.593735	13.133630	119.829391	5.028720
120.632803	13.138088	119.869246	5.028720
120.675169	13.138088	119.918899	5.019101
120.736694	13.138088	119.966707	5.019101
120.778288	13.019207	120.003241	5.019101
120.818455	13.019207	120.045339	4.995782
120.858815	13.019207	120.085001	4.995782
120.898989	12.999099	120.121976	4.995782
120.939286	12.999099	120.160756	5.008889
120.977530	12.999099	120.207343	5.008889
121.014763	12.999099	120.245302	5.008889
121.061639	12.990967	120.312686	5.009473
121.098493	12.990967	120.354119	5.009473
121.136829	12.990967	120.390579	5.009473
121.206656	12.994095	120.431964	5.026645
121.244511	12.994095	120.473301	5.026645
121.288290	12.987543	120.545731	5.026645
121.330242	12.987543	120.588859	5.034933
121.367928	12.987543	120.628054	5.034933
121.405810	12.987543	120.667703	5.034933
121.448623	12.978799	120.714360	5.040355
121.488904	12.978799	120.769163	5.040355
121.526139	12.978799	120.806763	5.040355
121.569074	12.948513	120.847375	5.052122
121.609906	12.948513	120.888636	5.052122
121.646760	12.948513	120.926352	5.052122
121.687784	12.930938	120.966786	3.297563
121.728839	12.930938	121.012366	3.297563
121.766304	12.930938	121.050682	3.297563
121.805619	12.930938	121.117048	3.292116
121.848346	12.957253	121.154715	3.292116
121.893539	12.957253	121.193001	3.292116
121.929945	12.957253	121.232764	3.272522
121.976947	12.936612	121.282274	3.272522
122.017651	12.936612	121.325970	3.272522
122.094173	12.926735	121.372109	3.260811
122.137546	12.926735	121.445607	3.260811
122.174561	12.926735	121.487607	3.243485
122.215885	12.926735	121.532949	3.243485
122.258010	12.952089	121.572624	3.243485
122.325311	12.952089	121.611686	3.243485
122.363932	12.936075	121.679712	3.279673
122.403386	12.936075	121.721306	3.279673
122.442730	12.936075	121.760381	3.232343
122.486308	12.955858	121.801093	3.232343
122.525720	12.955858	121.838630	3.232343
122.568266	12.955858	121.877365	3.232343
122.605650	12.951350	121.925348	3.237222
122.655136	12.951350	121.963107	3.237222
122.692162	12.951350	122.035871	3.234173
122.726324	12.951350	122.075494	3.234173
122.769927	12.970641	122.116869	3.234173
122.810176	12.970641	122.156398	3.226397
122.848956	12.970641	122.205160	3.226397
122.906932	12.958520	122.243917	3.226397
122.946311	12.958520	122.284076	3.226397
122.984821	12.958520	122.333640	3.234485
123.028423	12.965910	122.371114	3.234485
123.068147	12.965910	122.408609	3.234485
123.106546	12.965910	122.455478	3.304591
123.144619	12.965910	122.493594	3.304591
123.195655	12.994786	122.551135	3.304591
123.235747	12.994786	122.598246	3.351998
123.274296	12.994786	122.636094	3.351998
123.344843	12.994413	122.696731	3.405738
123.384986	12.994413	122.738520	3.405738
123.424069	12.996341	122.774583	3.405738
123.466565	12.996341	122.814726	3.405738
123.505650	12.996341	122.857988	3.443910
123.580779	12.998701	122.929010	3.443910
123.623643	12.998701	122.970250	3.514367
123.659382	12.998701	123.009765	3.514367
123.704121	13.023767	123.049822	3.514367
123.744966	13.023767	123.089280	3.583376
123.815207	13.010245	123.167015	3.583376
123.858741	13.010245	123.204474	3.583376
123.894825	13.010245	123.245652	3.641124
123.936423	13.010245	123.286472	3.641124
123.978831	13.021609	123.324099	3.641124
124.047895	13.021609	123.363898	3.718876
124.089178	13.023698	123.407369	3.718876
124.128384	13.023698	123.446740	3.718876
124.165863	13.023698	123.510114	3.777938
124.203469	13.023698	123.551301	3.777938
124.244292	13.030577	123.589078	3.777938
124.284991	13.030577	123.628994	3.857576
124.323638	13.030577	123.671643	3.857576
124.365006	13.053320	123.743371	3.857576
124.407457	13.053320	123.789187	3.928070
124.448449	13.053320	123.829438	3.928070
124.487877	13.048451	123.871113	3.928070
124.527400	13.048451	123.918064	4.009227
124.567135	13.048451	123.966018	4.009227
124.604463	13.042664	124.004311	4.009227
124.652256	13.042664	124.046175	4.058568
124.689950	13.042664	124.084594	4.058568
124.728717	13.042664	124.123874	4.058568
124.804700	13.065644	124.162031	4.148698
124.843290	13.065644	124.202122	4.148698
124.881608	13.083770	124.238893	4.148698
124.921235	13.083770	124.280303	4.148698
124.960029	13.083770	124.327009	4.207560
124.998864	13.083770	124.366160	4.207560
125.042822	13.101212	124.402316	4.207560
125.080324	13.101212	124.442786	4.294269
125.122891	13.101212	124.486664	4.294269
125.162375	13.086010	124.523000	4.294269
125.214854	13.086010	124.598624	4.367409
125.250815	13.086010	124.637432	4.367409
125.290511	13.103310	124.674278	4.367409
125.334918	13.103310	124.718739	4.422329
125.374798	13.103310	124.759536	4.422329
125.417488	13.105893	124.830891	4.517633
125.473783	13.105893	124.871758	4.517633
125.509621	13.105893	124.909425	4.517633
125.550388	13.112900	124.948668	4.517633
125.591850	13.112900	124.991628	4.585108
125.628366	13.112900	125.050989	4.585108
125.666968	13.112900	125.091222	4.635246
125.711308	13.140338	125.133533	4.635246
125.755645	13.140338	125.171539	4.635246
125.793580	13.140338	125.207746	4.635246
125.845376	13.122117	125.249668	4.706433
125.881498	13.122117	125.290810	4.706433
125.919776	13.122117	125.329438	4.706433
125.964911	13.117161	125.395094	4.783158
126.004489	13.117161	125.435141	4.783158
126.044428	13.117161	125.471051	4.783158
126.088638	13.115843	125.513575	4.838458
126.127812	13.115843	125.555598	4.838458
126.170620	13.115843	125.594707	4.838458
126.212090	13.128716	125.660515	4.913369
126.273783	13.128716	125.701474	4.913369
126.313747	13.128716	125.739990	4.913369
126.352551	13.141861	125.781622	4.973959
126.393627	13.141861	125.821644	4.973959
126.433468	13.141861	125.859586	4.973959
126.470920	13.141861	125.924787	5.007455
126.513015	13.127192	125.965830	5.007455
126.555274	13.127192	126.001358	5.007455
126.593178	13.127192	126.041718	5.037710
126.639989	13.122215	126.084580	5.037710
126.676745	13.122215	126.121684	5.037710
126.720659	13.122215	126.189574	5.055156
126.761498	13.131455	126.229526	5.055156
126.805336	13.131455	126.267060	5.055156
126.844580	13.131455	126.312993	5.079152
126.913547	13.013443	126.355540	5.079152
126.955770	13.013443	126.394103	5.079152
126.993331	13.013443	126.453123	5.080057
127.041706	13.013840	126.494125	5.080057
127.081843	13.013840	126.531283	5.080057
127.147085	13.013840	126.576254	5.097099
127.196138	12.991571	126.618034	5.097099
127.233815	12.991571	126.655057	5.097099
127.275970	12.990978	126.721788	5.049746
127.318860	12.990978	126.761283	5.049746
127.383152	12.990978	126.797494	5.049746
127.426130	12.957948	126.837446	5.081232
127.465728	12.957948	126.882293	5.081232
127.507876	12.957948	126.920157	5.081232
127.545434	12.957948	126.988168	5.086923
127.598889	12.967236	127.028655	5.086923
127.635314	12.967236	127.066022	5.086923
127.677458	12.967236	127.111058	5.066097
127.716759	12.932222	127.149691	5.066097
127.755311	12.932222	127.205066	5.066097
127.794957	12.932222	127.246407	5.056781
127.840274	12.936091	127.288110	5.056781
127.879231	12.936091	127.326651	5.056781
127.917626	12.936091	127.367270	5.048893
127.977599	12.944285	127.405842	5.048893
128.018543	12.944285	127.444757	5.048893
128.055462	12.944285	127.486224	5.041282
128.099904	12.954303	127.529625	5.041282
128.139887	12.954303	127.568984	5.041282
128.210198	12.935750	127.605973	5.041282
128.253368	12.935750	127.648335	5.020464
128.290368	12.935750	127.691496	5.020464
128.328360	12.935750	127.729165	5.020464
128.375460	12.964892	127.796238	4.990710
128.413508	12.964892	127.835706	4.990710
128.474211	12.964892	127.873822	4.990710
128.518688	12.939894	127.916861	4.986155
128.555642	12.939894	127.960936	4.986155
128.597327	12.939894	127.999001	4.986155
128.639839	12.947906	128.064010	4.972581
128.707614	12.947906	128.101983	4.972581
128.749279	12.946437	128.138229	4.972581
128.788603	12.946437	128.179234	4.990681
128.831576	12.946437	128.220950	4.990681
128.872195	12.946437	128.259139	4.990681
128.943632	12.963665	128.331792	4.985605
128.983825	12.963665	128.370774	4.985605
129.025518	12.951588	128.407249	4.985605
129.067870	12.951588	128.453973	4.968612
129.107048	12.951588	128.513850	4.968612
129.177872	12.952078	128.552002	4.968612
129.222610	12.952078	128.594664	4.977609
129.260168	12.952078	128.634245	4.977609
129.307960	12.979807	128.670885	4.977609
129.348695	12.979807	128.716249	4.968960
129.416874	12.977077	128.758766	4.968960
129.461871	12.977077	128.797922	4.968960
129.498140	12.977077	128.878133	4.972335
129.539211	12.977077	128.917146	4.972335
129.581403	13.001268	128.955066	4.972335
129.647382	13.001268	128.999552	3.296244
129.691922	12.990138	129.038041	3.296244
129.730002	12.990138	129.077906	3.296244
129.773056	12.990138	129.124839	3.284110
129.811448	12.982382	129.161883	3.284110
129.860411	12.982382	129.237262	3.266489
129.896699	12.982382	129.276972	3.266489
129.931735	12.982382	129.318163	3.266489
129.975512	13.000281	129.360058	3.260059
130.013990	13.000281	129.402267	3.260059
130.051340	13.000281	129.440438	3.260059
130.095399	13.010950	129.478986	3.260059
130.134490	13.010950	129.518630	3.258545
130.210743	13.023880	129.558537	3.258545
130.250717	13.023880	129.597933	3.258545
130.290473	13.023880	129.646235	3.273086
130.330690	13.023880	129.685031	3.273086
130.371195	13.018530	129.755019	3.273086
130.410755	13.018530	129.809043	3.224155
130.451374	13.018530	129.847423	3.224155
130.491590	13.032920	129.912100	3.206720
130.528010	13.032920	129.953821	3.206720
130.566342	13.032920	129.989053	3.206720
130.605892	13.032920	130.036442	3.229992
130.646445	13.019088	130.074909	3.229992
130.685640	13.019088	130.146837	3.229992
130.723977	13.019088	130.188513	3.257530
130.763826	13.050717	130.227792	3.257530
130.806397	13.050717	130.266000	3.257530
130.845328	13.050717	130.311784	3.276246
130.910947	13.066470	130.369760	3.276246
130.953548	13.066470	130.408038	3.276246
130.990159	13.066470	130.449854	3.322293
131.035234	13.054160	130.488899	3.322293
131.077171	13.054160	130.525753	3.322293
131.142894	13.054160	130.567218	3.397804
131.185426	13.096419	130.609265	3.397804
131.222759	13.096419	130.646962	3.397804
131.265403	13.096419	130.712192	3.462180
131.306417	13.084385	130.750738	3.462180
131.347555	13.084385	130.788333	3.462180
131.413379	13.091303	130.830494	3.524971
131.459250	13.091303	130.871119	3.524971
131.495938	13.091303	130.909565	3.524971
131.537883	13.091303	130.978780	3.562778
131.579370	13.104951	131.017802	3.562778
131.646562	13.104951	131.056402	3.562778
131.691469	13.094100	131.098115	3.631482
131.732246	13.094100	131.140955	3.631482
131.775899	13.094100	131.179720	3.631482
131.815328	13.095532	131.248511	3.695429
131.866114	13.095532	131.288361	3.695429
131.904235	13.095532	131.325347	3.695429
131.942004	13.095532	131.366607	3.758577
131.985885	13.113789	131.411762	3.758577
132.026461	13.113789	131.449889	3.758577
132.087146	13.122098	131.514750	3.830169
132.128076	13.122098	131.553810	3.830169
132.165482	13.122098	131.591346	3.830169
132.202351	13.122098	131.638765	3.865018
132.243696	13.127870	131.677384	3.865018
132.282245	13.127870	131.746780	3.865018
132.319037	13.127870	131.788062	3.935243
132.362799	13.110976	131.827714	3.935243
132.401509	13.110976	131.865646	3.935243
132.472647	13.110976	131.908718	3.998325
132.523571	13.124316	131.946798	3.998325
132.566195	13.124316	131.985248	3.998325
132.602762	13.124316	132.029434	4.079867
132.642795	13.120921	132.067407	4.079867
132.705235	13.120921	132.137752	4.079867
132.742794	13.120921	132.177425	4.134617
132.784674	13.131298	132.220275	4.134617
132.826643	13.131298	132.260984	4.134617
132.863299	13.131298	132.302296	4.168940
132.906543	13.005370	132.344051	4.168940
132.945935	13.005370	132.381301	4.168940
132.984057	13.005370	132.419764	4.244438
133.030664	12.976528	132.461218	4.244438
133.068605	12.976528	132.499518	4.244438
133.111536	12.976528	132.536467	4.244438
133.148940	12.976596	132.581000	4.297733
133.193259	12.976596	132.618144	4.297733
133.233858	12.976596	132.658896	4.297733
133.302314	12.981541	132.705005	4.363964
133.345921	12.981541	132.744525	4.363964
133.381458	12.981541	132.784975	4.363964
133.427774	12.978468	132.827158	4.427402
133.468286	12.978468	132.866107	4.427402
133.535084	12.978468	132.938531	4.427402
133.579506	12.958673	132.978709	4.479960
133.616559	12.958673	133.020208	4.479960
133.653456	12.958673	133.061283	4.479960
133.698335	12.929760	133.103578	4.528716
133.739079	12.929760	133.144152	4.528716
133.803360	12.929760	133.183689	4.528716
133.844948	12.907581	133.223484	4.607609
133.882769	12.907581	133.262125	4.607609
133.919622	12.907581	133.302073	4.607609
133.962802	12.948549	133.338612	4.607609
134.003139	12.948549	133.383670	4.658839
134.045698	12.948549	133.421093	4.658839
134.086622	12.951087	133.462079	4.658839
134.155456	12.951087	133.507456	4.697103
134.196455	12.951087	133.546520	4.697103
134.238988	12.933680	133.588443	4.697103
134.283499	12.933680	133.634064	4.746563
134.322155	12.933680	133.672318	4.746563
134.386733	12.927402	133.736289	4.746563
134.429147	12.927402	133.779562	4.786375
134.465192	12.927402	133.822557	4.786375
134.510404	12.937722	133.866836	4.786375
134.552299	12.937722	133.907802	4.817612
134.589614	12.937722	133.948753	4.817612
134.636731	12.937899	133.988159	4.817612
134.672521	12.937899	134.029055	4.861905
134.709933	12.937899	134.069716	4.861905
134.775340	12.951739	134.109621	4.861905
134.816164	12.951739	134.146207	4.861905
134.854660	12.951739	134.195569	4.857523
134.896890	12.937407	134.238342	4.857523
134.935793	12.937407	134.281538	4.857523
134.976326	12.937407	134.350709	4.858943
135.018262	12.955541	134.392383	4.858943
135.085253	12.955541	134.434681	4.873245
135.126086	12.955541	134.505671	4.873245
135.165222	12.944715	134.542698	4.873245
135.208591	12.944715	134.587839	4.846374
135.246337	12.944715	134.624868	4.846374
135.315439	12.958270	134.665617	4.846374
135.358296	12.958270	134.707794	4.863754
135.394073	12.958270	134.770551	4.863754
135.439598	12.961573	134.808618	4.863754
135.479160	12.961573	134.852239	4.844328
135.550624	12.981670	134.890708	4.844328
135.592652	12.981670	134.931213	4.844328
135.630272	12.981670	134.972089	4.861711
135.671877	12.981670	135.034459	4.861711
135.712100	12.972216	135.072981	4.861711
135.783859	12.972216	135.118496	4.843373
135.827936	12.968407	135.156559	4.843373
135.865634	12.968407	135.197400	4.843373
135.904094	12.968407	135.237095	4.858526
135.950506	13.001501	135.301099	4.858526
135.991034	13.001501	135.337730	4.858526
136.050467	13.001501	135.383578	4.822870
136.092529	13.003370	135.421403	4.822870
136.132244	13.003370	135.462162	4.822870
136.172122	13.003370	135.502275	4.819468
136.210646	12.988932	135.568708	4.819468
136.272905	12.988932	135.604222	4.819468
136.313511	12.988932	135.650817	4.797121
136.354404	13.009870	135.689097	4.797121
136.398179	13.009870	135.729460	4.797121
136.435865	13.009870	135.770171	4.801394
136.507723	13.008230	135.837198	4.801394
136.549433	13.008230	135.878632	4.801394
136.585783	13.008230	135.921523	4.787370
136.633075	13.044761	135.962851	4.787370
136.673775	13.044761	136.002015	4.787370
136.743139	13.058697	136.073221	4.778987
136.788200	13.058697	136.110725	4.778987
136.824520	13.058697	136.150457	4.778987
136.867653	13.058697	136.192917	4.781102
136.911212	13.052377	136.232923	4.781102
136.974063	13.052377	136.271024	4.781102
137.017459	13.050888	136.318243	4.769447
137.057104	13.050888	136.357771	4.769447
137.101603	13.050888	136.434630	4.780050
137.141473	13.085441	136.473110	4.780050
137.196362	13.085441	136.513890	4.780050
137.233043	13.085441	136.556088	4.749042
137.274746	13.085441	136.596880	4.749042
137.317357	13.076602	136.635438	4.749042
137.381000	13.076602	136.672445	4.749042
137.423271	13.087142	136.718256	4.670229
137.462704	13.087142	136.757730	4.670229
137.505451	13.087142	136.796520	4.670229
137.545053	13.091858	136.841754	3.392148
137.601542	13.091858	136.880154	3.392148
137.637577	13.091858	136.917461	3.392148
137.679781	13.110306	136.954897	3.392148
137.726293	13.110306	137.003159	3.376769
137.790078	13.110306	137.042003	3.376769
137.834746	13.087755	137.080052	3.376769
137.872683	13.087755	137.123322	3.375733
137.914353	13.087755	137.166078	3.375733
137.954400	13.114411	137.203042	3.375733
138.010697	13.114411	137.274802	3.365843
138.046386	13.114411	137.313933	3.365843
138.089975	13.102955	137.351886	3.365843
138.129778	13.102955	137.396297	3.400219
138.194999	13.102955	137.433839	3.400219
138.239886	13.093723	137.495511	3.371993
138.278741	13.093723	137.538562	3.371993
138.320699	13.093723	137.581581	3.371993
138.363286	13.107083	137.624795	3.344659
138.407836	13.107083	137.696240	3.344659
138.445111	13.107083	137.734246	3.344659
138.490078	13.118842	137.774182	3.372229
138.530974	13.118842	137.813426	3.372229
138.603170	13.119219	137.852653	3.372229
138.647184	13.119219	137.893491	3.376795
138.684501	13.119219	137.932461	3.376795
138.724735	13.119219	137.970314	3.376795
138.768338	13.109333	138.009517	3.376795
138.837095	13.109333	138.057979	3.388179
138.875001	13.109333	138.095731	3.388179
138.913421	12.988403	138.164711	3.432942
138.951962	12.988403	138.205695	3.432942
138.990930	12.988403	138.248323	3.432942
139.033939	12.970441	138.290175	3.472847
139.075403	12.970441	138.331040	3.472847
139.115635	12.970441	138.372874	3.472847
139.156111	12.976535	138.410714	3.472847
139.197621	12.976535	138.454251	3.530515
139.237644	12.976535	138.493549	3.530515
139.288590	12.971915	138.529606	3.530515
139.329362	12.971915	138.570771	3.581600
139.368439	12.971915	138.609350	3.581600
139.411448	12.952204	138.647962	3.581600
139.453242	12.952204	138.687342	3.618505
139.496923	12.952204	138.728959	3.618505
139.534755	12.938107	138.768034	3.618505
139.582265	12.938107	138.805938	3.618505
139.620288	12.938107	138.851453	3.676227
139.661634	12.938107	138.915237	3.676227
139.702555	12.916897	138.953462	3.676227
139.773796	12.916897	139.006033	3.731723
139.816278	12.920073	139.049467	3.731723
139.857162	12.920073	139.085936	3.800544
139.898356	12.920073	139.128490	3.800544
139.936138	12.926972	139.166166	3.800544
139.984375	12.926972	139.202849	3.800544
140.021207	12.926972	139.244511	3.855886
140.060402	12.926972	139.284654	3.855886
140.104651	12.919873	139.323465	3.855886
140.164466	12.919873	139.363353	3.907371
140.204862	12.919873	139.408241	3.907371
140.243845	12.918941	139.451003	3.907371
140.283459	12.918941	139.490915	3.971017
140.322742	12.918941	139.535269	3.971017
140.367480	12.908736	139.600498	3.971017
140.406577	12.908736	139.641017	4.043273
140.445768	12.908736	139.682768	4.043273
140.485230	12.925122	139.721351	4.043273
140.525989	12.925122	139.762029	4.121460
140.565043	12.925122	139.802484	4.121460
140.603759	12.925122	139.839460	4.121460
140.645289	12.919987	139.877924	4.121460
140.682887	12.919987	139.926390	4.160090
140.720524	12.919987	139.963875	4.160090
140.798331	12.919092	140.025859	4.231205
140.838144	12.919092	140.066913	4.231205
140.877473	12.907643	140.107759	4.231205
140.920983	12.907643	140.147904	4.231205
140.959178	12.907643	140.189602	4.278665
140.995642	12.907643	140.230399	4.278665
141.041141	12.937640	140.268848	4.278665
141.083550	12.937640	140.308711	4.317204
141.121764	12.937640	140.349079	4.317204
141.172847	12.947760	140.388373	4.317204
141.211749	12.947760	140.429862	4.404312
141.254631	12.947760	140.467498	4.404312
141.294787	12.959231	140.505032	4.404312
141.358220	12.959231	140.541930	4.413163
141.401093	12.959231	140.583606	4.413163
141.440995	12.954928	140.622433	4.413163
141.485167	12.954928	140.658020	4.413163
141.522219	12.954928	140.702461	4.451226
141.593864	12.964516	140.744972	4.451226
141.637016	12.964516	140.824994	4.484522
141.675169	12.964516	140.866977	4.484522
141.721359	12.957538	140.904224	4.484522
141.760543	12.957538	140.945556	4.527325
141.828454	12.965298	140.986041	4.527325
141.872195	12.965298	141.056173	4.527325
141.910232	12.965298	141.095647	4.547804
141.955624	12.975334	141.136386	4.547804
141.994950	12.975334	141.176633	4.547804
142.061880	12.975334	141.216363	4.579410
142.107105	12.990803	141.255303	4.579410
142.143950	12.990803	141.296009	4.579410
142.182216	12.990803	141.340977	4.579410
142.226171	12.978130	141.393163	4.624198
142.266339	12.978130	141.433084	4.624198
142.329466	12.978130	141.469881	4.624198
142.372993	13.005925	141.509501	4.634561
142.410736	13.005925	141.554819	4.634561
142.448965	13.005925	141.592390	4.634561
142.490721	13.021837	141.665937	4.650406
142.531169	13.021837	141.705034	4.650406
142.571669	13.021837	141.744244	4.703365
142.612243	13.026368	141.792604	4.703365
142.655279	13.026368	141.830780	4.703365
142.692659	13.026368	141.903074	4.672238
142.734414	13.025303	141.943428	4.672238
142.777113	13.025303	141.979695	4.672238
142.845522	13.025303	142.020061	4.701528
142.884381	13.021079	142.060709	4.701528
142.926046	13.021079	142.100502	4.701528
142.964792	13.021079	142.142504	4.691049
143.003802	13.021079	142.188712	4.691049
143.042458	13.059279	142.225275	4.691049
143.081709	13.059279	142.264493	4.691049
143.120682	13.059279	142.305779	4.706819
143.164647	13.067215	142.350362	4.706819
143.203744	13.067215	142.388493	4.706819
143.241755	13.067215	142.464705	4.693933
143.306059	13.067664	142.505451	4.693933
143.345730	13.067664	142.544114	4.704493
143.385525	13.067664	142.586232	4.704493
143.428747	13.075270	142.623886	4.704493
143.468639	13.075270	142.682654	4.704493
143.509879	13.075270	142.725111	4.709532
143.551475	13.092138	142.766566	4.709532
143.605432	13.092138	142.803998	4.709532
143.648267	13.092138	142.848987	4.691153
143.686389	13.099677	142.890682	4.691153
143.728951	13.099677	142.928322	4.691153
143.768182	13.099677	142.996578	4.691311
143.835250	13.110217	143.035501	4.691311
143.877038	13.110217	143.073528	4.691311
143.912478	13.110217	143.118409	4.663023
143.958845	13.098783	143.159094	4.663023
144.000683	13.098783	143.198493	4.663023
144.070145	13.098783	143.274174	4.663365
144.114300	13.095150	143.312362	4.663365
144.151781	13.095150	143.353448	4.640085
144.190586	13.095150	143.392971	4.640085
144.235451	13.108605	143.431498	4.640085
144.276198	13.108605	143.469502	4.640085
144.342026	13.106060	143.517782	4.645269
144.383777	13.106060	143.556857	4.645269
144.421395	13.106060	143.619429	4.654808
144.459835	13.106060	143.662506	4.654808
144.506218	13.108575	143.704641	4.654808
144.545270	13.108575	143.747898	4.641280
144.583957	13.108575	143.787831	4.641280
144.626967	13.108147	143.831045	4.641280
144.668597	13.108147	143.868299	4.641280
144.706291	13.108147	143.910668	4.637031
144.748294	13.098420	143.950181	4.637031
144.790779	13.098420	143.988295	4.637031
144.827367	13.098420	144.029215	4.616625
144.865898	13.098420	144.068030	4.616625
144.908571	12.970129	144.104948	4.616625
144.948200	12.970129	144.144039	4.610275
144.986776	12.970129	144.183850	4.610275
145.029023	12.969221	144.222088	4.610275
145.072532	12.969221	144.258335	4.610275
145.111235	12.969221	144.298250	4.583235
145.161504	12.963366	144.338193	4.583235
145.202674	12.963366	144.401264	4.583235
145.239514	12.963366	144.444010	3.654009
145.278102	12.954946	144.485011	3.654009
145.327036	12.954946	144.525108	3.654009
145.364667	12.954946	144.565600	3.634593
145.404304	12.954946	144.635978	3.634593
145.453370	12.916982	144.674675	3.634593
145.493011	12.916982	144.719018	3.645288
145.539868	12.904168	144.758543	3.645288
145.621770	12.904168	144.796178	3.645288
145.666586	12.904168	144.837459	3.648440
145.707256	12.917665	144.882435	3.648440
145.749666	12.917665	144.919686	3.648440
145.789141	12.917665	144.982263	3.653204
145.857391	12.904598	145.022794	3.653204
145.897343	12.904598	145.058450	3.653204
145.936074	12.892623	145.102779	3.652200
145.980069	12.892623	145.142229	3.652200
146.019250	12.892623	145.201930	3.652200
146.094723	12.897070	145.244189	3.618537
146.139395	12.897070	145.283210	3.618537
146.181253	12.897070	145.322393	3.618537
146.231386	12.920577	145.365847	3.633695
146.288006	12.920577	145.437062	3.633695
146.364152	12.920867	145.473809	3.633695
146.415242	12.920867	145.516645	3.640358
146.471590	12.920867	145.556543	3.640358
146.523713	12.905080	145.594604	3.640358
146.563849	12.905080	145.635372	3.665358
146.628506	12.917231	145.679782	3.665358
146.672619	12.917231	145.716332	3.665358
146.711915	12.917231	145.779549	3.679362
146.761188	12.919673	145.819738	3.679362
146.801694	12.919673	145.856532	3.679362
146.873944	12.919673	145.902368	3.700183
146.923520	12.947767	145.942187	3.700183
146.960806	12.947767	146.015059	3.731270
147.001616	12.947767	146.057971	3.731270
147.043784	12.951477	146.100383	3.731270
147.107944	12.951477	146.140655	3.731270
147.154923	12.928407	146.185543	3.785390
147.193745	12.928407	146.222902	3.785390
147.238836	12.928407	146.266141	3.785390
147.281894	12.944020	146.306024	3.822129
147.329418	12.944020	146.350533	3.822129
147.366721	12.944020	146.389822	3.822129
147.408311	12.946615	146.455676	3.856025
147.451026	12.946615	146.492024	3.856025
147.515810	12.946615	146.532179	3.856025
147.558306	12.949828	146.574267	3.888508
147.600808	12.949828	146.634927	3.888508
147.644678	12.949828	146.671588	3.888508
147.684074	12.966114	146.715241	3.911185
147.734183	12.966114	146.756865	3.911185
147.771379	12.966114	146.792720	3.911185
147.809821	12.961663	146.856706	3.953950
147.858031	12.961663	146.895569	3.953950
147.902368	12.961663	146.934887	3.953950
147.970202	12.974620	146.976126	4.018208
148.013607	12.974620	147.013589	4.018208
148.050426	12.974620	147.051078	4.018208
148.094770	12.977525	147.097547	4.039439
148.135828	12.977525	147.135161	4.039439
148.173916	12.977525	147.199701	4.039439
148.214998	12.995482	147.241317	4.070914
148.260739	12.995482	147.285049	4.070914
148.306965	12.995482	147.326635	4.070914
148.353724	13.004229	147.371170	4.115786
148.401409	13.004229	147.412342	4.115786
148.449619	13.004229	147.449638	4.115786
148.516513	13.003982	147.487370	4.168994
148.563116	13.003982	147.529927	4.168994
148.601056	13.003982	147.570101	4.168994
148.646851	13.005631	147.607194	4.168994
148.685606	13.005631	147.650908	4.205705
148.753117	13.022968	147.690943	4.205705
148.794706	13.022968	147.729739	4.205705
148.831208	13.022968	147.794266	4.230598
148.875442	13.064607	147.834941	4.230598
148.915708	13.064607	147.870694	4.230598
148.985748	13.064607	147.913065	4.264278
149.030181	13.044065	147.950269	4.264278
149.070827	13.044065	147.988260	4.264278
149.114067	13.044065	148.034669	4.312190
149.154435	13.046531	148.071762	4.312190
149.208353	13.046531	148.137282	4.312190
149.244547	13.046531	148.178522	4.369782
149.287158	13.058247	148.220096	4.369782
149.334142	13.058247	148.258732	4.369782
149.377834	13.058247	148.300407	4.387766
149.443483	13.075707	148.341611	4.387766
149.485512	13.075707	148.379520	4.387766
149.523691	13.075707	148.421570	4.422001
149.568466	13.082043	148.462372	4.422001
149.617132	13.082043	148.500643	4.422001
149.665722	13.078906	148.538286	4.422001
149.711807	13.078906	148.583829	4.446836
149.757494	13.078906	148.620387	4.446836
149.799875	13.078906	148.658994	4.446836
149.846644	13.078343	148.702689	4.487744
149.895492	13.078343	148.743678	4.487744
149.934427	13.102777	148.810731	4.487744
149.977035	13.102777	148.856197	4.533018
150.022811	13.102777	148.895232	4.533018
150.062458	13.100842	148.935462	4.533018
150.128318	13.100842	148.976370	4.530205
150.167718	13.100842	149.046307	4.530205
150.206457	13.099250	149.084949	4.566610
150.248893	13.099250	149.127973	4.566610
150.290824	13.099250	149.168370	4.566610
150.329492	13.099250	149.206136	4.566610
150.376835	13.071956	149.268965	4.582793
150.413970	13.071956	149.307931	4.582793
150.453655	13.071956	149.350014	4.613938
150.521224	13.094634	149.391367	4.613938
150.560204	13.094634	149.431075	4.613938
150.597568	13.094634	149.468232	4.613938
150.642848	13.094649	149.512673	4.632905
150.682815	13.094649	149.551958	4.632905
150.725350	13.094649	149.592733	4.632905
150.775380	12.969446	149.638034	4.621187
150.814429	12.969446	149.678802	4.621187
150.880372	12.961614	149.719199	4.621187
150.918160	12.961614	149.763598	4.617461
150.958986	12.961614	149.800265	4.617461
150.996619	12.961614	149.856563	4.617461
151.039716	12.945795	149.896975	4.636032
151.080386	12.945795	149.939757	4.636032
151.119449	12.945795	149.981083	4.636032
151.163918	12.932806	150.017766	4.646458
151.201134	12.932806	150.059396	4.646458
151.242457	12.932806	150.099063	4.646458
151.317920	12.913965	150.136717	4.646458
151.357810	12.913965	150.177641	4.636726
151.403947	12.913965	150.216702	4.636726
151.448937	12.916657	150.252015	4.636726
151.488980	12.916657	150.293542	4.642106
151.530826	12.916657	150.338846	4.642106
151.576347	12.898796	150.388747	4.642106
151.618351	12.898796	150.431162	4.630400
151.659860	12.898796	150.473812	4.630400
151.698993	12.895950	150.509754	4.630400
151.742289	12.895950	150.585261	4.611664
151.782456	12.895950	150.623435	4.611664
151.850830	12.898908	150.662271	4.611664
151.893479	12.898908	150.704157	4.627026
151.930938	12.898908	150.743778	4.627026
151.974852	12.898808	150.782553	4.627026
152.016329	12.898808	150.822783	4.615253
152.084934	12.887547	150.868418	4.615253
152.126807	12.887547	150.908432	4.615253
152.162534	12.887547	150.975115	4.607720
152.203634	12.902066	151.015146	4.607720
152.245221	12.902066	151.053674	4.607720
152.318880	12.902066	151.095054	4.595497
152.368834	12.885831	151.135787	4.595497
152.407946	12.885831	151.174500	4.595497
152.452344	12.885831	151.219623	4.591213
152.495225	12.885272	151.263463	4.591213
152.555713	12.885272	151.304854	4.591213
152.604766	12.896063	151.342107	4.591213
152.651550	12.896063	151.382271	4.593269
152.697072	12.896063	151.421937	4.593269
152.737977	12.917849	151.462796	4.593269
152.806298	12.917849	151.504293	4.572105
152.854200	12.917849	151.568923	4.572105
152.900467	12.913695	151.607565	4.572105
152.941576	12.913695	151.650554	4.550598
152.981776	12.913695	151.689159	4.550598
153.025126	12.912844	151.730074	4.550598
153.064032	12.912844	151.770137	4.499210
153.103705	12.912844	151.835290	4.499210
153.149123	12.911373	151.871044	4.499210
153.188635	12.911373	151.913740	4.432703
153.232283	12.911373	151.951063	4.432703
153.271806	12.939985	151.988689	4.432703
153.338830	12.939985	152.029559	3.787946
153.376584	12.939985	152.068700	3.787946
153.425425	12.945848	152.104966	3.787946
153.468298	12.945848	152.144179	3.808874
153.536863	12.945848	152.190539	3.808874
153.582845	12.926925	152.228960	3.808874
153.621755	12.926925	152.287547	3.833525
153.664911	12.955969	152.330729	3.833525
153.706751	12.955969	152.372765	3.833525
153.771325	12.955969	152.414293	3.849558
153.814169	12.951590	152.454009	3.849558
153.852649	12.951590	152.494976	3.849558
153.896055	12.951590	152.531599	3.849558
153.935629	12.965879	152.572606	3.884101
153.983810	12.965879	152.611790	3.884101
154.022018	12.965879	152.649951	3.884101
154.060894	12.965879	152.688049	3.903777
154.101369	12.980471	152.728719	3.903777
154.141263	12.980471	152.764603	3.903777
154.180598	12.980471	152.802026	3.903777
154.229231	12.966268	152.845798	3.901843
154.277723	12.966268	152.885541	3.901843
154.317380	12.966268	152.947704	3.944538
154.361250	12.974451	152.990684	3.944538
154.406761	12.974451	153.029514	3.944538
154.443727	12.974451	153.071638	3.959190
154.490595	12.995711	153.113266	3.959190
154.530264	12.995711	153.182165	3.959190
154.590409	12.995711	153.222174	4.002999
154.642366	13.025750	153.263788	4.002999
154.685019	13.025750	153.303965	4.002999
154.727112	13.025750	153.345601	4.045249
154.772698	13.024398	153.418025	4.045249
154.812960	13.024398	153.454488	4.045249
154.874406	13.030902	153.495769	4.046123
154.914539	13.030902	153.537014	4.046123
154.952275	13.030902	153.574919	4.046123
154.989579	13.030902	153.613548	4.060706
155.033898	13.046925	153.658926	4.060706
155.072926	13.046925	153.699518	4.060706
155.111685	13.046925	153.765223	4.057060
155.155647	13.048502	153.804156	4.057060
155.196377	13.048502	153.842823	4.057060
155.234499	13.048502	153.887337	4.057863
155.277933	13.073988	153.927128	4.057863
155.319600	13.073988	153.992778	4.057863
155.357268	13.073988	154.040714	4.063696
155.394894	13.073988	154.078934	4.063696
155.438360	13.061436	154.116763	4.063696
155.477957	13.061436	154.158657	4.060576
155.515596	13.061436	154.228271	4.060576
155.560717	13.038782	154.267325	4.060576
155.602724	13.038782	154.309721	4.053491
155.641475	13.038782	154.347734	4.053491
155.683863	13.069413	154.386820	4.053491
155.724479	13.069413	154.425808	4.030029
155.761790	13.069413	154.488997	4.030029
155.799491	13.069413	154.526895	4.030029
155.843914	13.063609	154.573039	4.042928
155.881928	13.063609	154.610591	4.042928
155.921170	13.063609	154.652466	4.042928
155.966408	13.075323	154.694489	4.025753
156.008814	13.075323	154.770879	4.025753
156.045936	13.075323	154.805476	4.025753
156.120231	13.087602	154.852057	4.019118
156.162667	13.087602	154.888935	4.019118
156.204682	13.071285	154.930010	4.019118
156.247945	13.071285	154.972725	4.018260
156.286560	13.071285	155.036760	4.018260
156.331354	13.071285	155.079069	4.005183
156.372437	13.064000	155.120935	4.005183
156.445895	13.064000	155.162712	4.005183
156.486223	13.080305	155.201121	4.005183
156.529773	13.080305	155.274485	4.000368
156.567789	13.080305	155.311772	4.000368
156.608415	12.967103	155.353515	3.993240
156.653516	12.967103	155.395354	3.993240
156.690756	12.967103	155.431691	3.993240
156.729570	12.967103	155.470439	3.966555
156.774611	12.924777	155.521538	3.966555
156.814250	12.924777	155.559960	3.966555
156.852951	12.924777	155.636446	3.963510
156.894412	12.920936	155.677325	3.963510
156.940536	12.920936	155.713952	3.963510
156.984019	12.920936	155.757246	3.944250
157.028270	12.925962	155.796482	3.944250
157.069520	12.925962	155.868042	3.976450
157.107467	12.925962	155.917068	3.976450
157.149920	12.917405	155.954694	3.976450
157.191405	12.917405	155.995688	3.976450
157.233770	12.917405	156.045393	3.945686
157.275548	12.901760	156.104789	3.945686
157.320294	12.901760	156.144174	3.927417
157.361304	12.901760	156.184130	3.927417
157.433358	12.889225	156.222820	3.927417
157.477458	12.889225	156.258997	3.927417
157.513566	12.889225	156.304362	3.924013
157.557831	12.876778	156.345853	3.924013
157.599388	12.876778	156.383574	3.924013
157.667269	12.881587	156.449117	3.911843
157.710970	12.881587	156.486066	3.911843
157.747560	12.881587	156.523660	3.911843
157.789698	12.881587	156.567203	3.923414
157.833078	12.881663	156.608264	3.923414
157.900183	12.881663	156.645616	3.923414
157.944080	12.887167	156.716127	3.921533
157.985007	12.887167	156.752595	3.921533
158.029014	12.887167	156.789956	3.921533
158.066410	12.894700	156.832281	3.942196
158.118419	12.894700	156.874244	3.942196
158.156014	12.894700	156.912405	3.942196
158.194269	12.894700	156.981914	3.924649
158.239351	12.891422	157.020059	3.924649
158.280952	12.891422	157.059269	3.924649
158.321682	12.891422	157.102923	3.956465
158.367526	12.875969	157.140570	3.956465
158.406484	12.875969	157.179476	3.956465
158.448047	12.875969	157.222387	3.976036
158.493660	12.896171	157.264807	3.976036
158.556364	12.896171	157.339930	3.949365
158.599263	12.896171	157.386227	3.949365
158.639964	12.884562	157.427816	3.949365
158.683698	12.884562	157.469283	3.957470
158.723153	12.884562	157.514977	3.957470
158.791039	12.884323	157.553955	3.957470
158.834322	12.884323	157.590306	3.957470
158.876252	12.922985	157.631815	3.967445
158.922256	12.922985	157.672215	3.967445
158.962007	12.922985	157.710642	3.967445
159.026889	12.894168	157.753644	3.968749
159.071906	12.894168	157.791343	3.968749
159.109276	12.894168	157.828678	3.968749
159.166728	12.918254	157.867284	3.968749
159.207652	12.918254	157.910852	3.998489
159.281383	12.942519	157.951919	3.998489
159.328006	12.942519	157.989149	3.998489
159.366022	12.942519	158.030597	3.998356
159.408953	12.932774	158.076157	3.998356
159.453011	12.932774	158.115692	3.998356
159.490176	12.932774	158.183353	3.987005
159.528172	12.932774	158.224652	3.987005
159.574426	12.936485	158.261959	3.987005
159.615440	12.936485	158.308218	4.002690
159.657788	12.936485	158.347325	4.002690
159.703693	12.931947	158.420513	4.001860
159.745638	12.931947	158.462609	4.001860
159.788910	12.931947	158.501307	4.001860
159.831812	12.955404	158.541536	4.001860
159.874482	12.955404	158.588939	3.989847
159.914880	12.955404	158.654004	3.989847
159.955607	12.952932	158.692938	3.975093
159.995790	12.952932	158.732666	3.975093
160.039993	12.952932	158.771268	3.975093
160.080023	12.945718	158.809333	3.975093
160.122954	12.945718	158.851918	3.973163
160.163692	12.945718	158.889414	3.973163
160.227620	12.966184	158.927975	3.973163
160.271307	12.966184	158.974362	3.979833
160.308148	12.966184	159.011770	3.979833
160.357179	12.971498	159.076885	3.970066
160.400506	12.971498	159.117393	3.970066
160.474931	13.024555	159.157118	3.970066
160.521171	13.024555	159.198615	3.970066
160.557954	13.024555	159.241750	3.952959
160.606534	13.025230	159.283753	3.952959
160.648886	13.025230	159.320493	3.952959
160.710524	13.025230	159.360502	3.849100
160.753449	13.017591	159.400946	3.849100
160.793659	13.017591	159.439547	3.849100
160.833404	13.017591	159.479812	4.049812
160.879749	13.019680	159.520383	4.049812
160.920378	13.019680	159.558416	4.049812
160.963543	13.019680	159.594560	4.049812
161.003768	13.052175	159.638066	4.057342
161.069516	13.052175	159.679043	4.057342
161.108141	13.052175	159.715034	4.057342
161.152149	13.054573	159.757374	4.076210
161.193219	13.054573	159.797131	4.076210
161.230233	13.054573	159.860006	4.076210
161.270217	13.046979	159.904062	4.063623
161.313741	13.046979	159.943461	4.063623
161.353260	13.046979	159.981792	4.063623
161.392834	13.054526	160.022157	4.046488
161.438353	13.054526	160.082535	4.046488
161.481872	13.054526	160.121669	4.046488
161.519221	13.054526	160.163973	4.072153
161.564618	13.047960	160.203755	4.072153
161.607234	13.047960	160.241564	4.072153
161.646795	13.047960	160.284744	4.066657
161.689186	13.065308	160.328810	4.066657
161.732778	13.065308	160.367549	4.066657
161.774627	13.065308	160.438663	4.088064
161.819168	13.072531	160.481883	4.088064
161.859356	13.072531	160.519768	4.088064
161.902148	13.072531	160.564279	4.090449
161.940759	13.057768	160.604528	4.090449
161.983356	13.057768	160.673392	4.101420
162.023698	13.057768	160.717014	4.101420
162.084679	13.063707	160.754416	4.101420
162.127796	13.063707	160.791484	4.101420
162.163276	13.063707	160.838335	4.110887
162.208230	13.056740	160.893681	4.110887
162.249382	13.056740	160.931340	4.110887
162.318565	13.056740	160.973831	4.126778
162.365320	13.080994	161.014937	4.126778
162.403170	13.080994	161.051675	4.126778
162.445581	13.080994	161.097475	4.109828
162.483868	12.939890	161.139299	4.109828
162.524739	12.939890	161.178433	4.109828
162.603228	12.920279	161.236228	4.102717
162.650212	12.920279	161.277014	4.102717
162.687047	12.920279	161.315823	4.102717
162.725091	12.920279	161.357893	4.095251
162.771932	12.896199	161.400759	4.095251
162.810921	12.896199	161.438556	4.095251
162.881280	12.913750	161.503052	4.072555
162.923654	12.913750	161.541976	4.072555
162.960513	12.913750	161.579120	4.072555
163.002098	12.897859	161.618480	4.086942
163.043888	12.897859	161.659982	4.086942
163.081100	12.897859	161.704487	4.086942
163.118995	12.897859	161.742773	4.087426
163.163217	12.894050	161.816381	4.087426
163.205255	12.894050	161.854867	4.087426
163.241424	12.894050	161.896363	4.045035
163.289770	12.866734	161.936367	4.045035
163.333256	12.866734	161.973576	4.045035
163.371674	12.866734	162.036427	4.006988
163.411754	12.873846	162.078053	4.006988
163.453196	12.873846	162.117141	4.006988
163.491076	12.873846	162.156951	3.978809
163.529562	12.873846	162.196510	3.978809
163.573174	12.861111	162.234133	3.978809
163.614490	12.861111	162.280162	3.954088
163.650595	12.861111	162.318404	3.954088
163.698633	12.879160	162.378345	3.954088
163.738061	12.879160	162.416676	3.926847
163.799750	12.860775	162.461658	3.926847
163.844127	12.860775	162.505734	3.926847
163.880727	12.860775	162.544645	3.878366
163.924193	12.860775	162.586386	3.878366
163.964643	12.861961	162.623194	3.878366
164.030897	12.861961	162.661106	3.878366
164.075176	12.862933	162.702707	3.854980
164.114453	12.862933	162.743630	3.854980
164.158205	12.862933	162.781011	3.854980
164.197301	12.875935	162.824685	3.821975
164.250960	12.875935	162.866455	3.821975
164.287712	12.875935	162.905062	3.821975
164.326667	12.875935	162.963571	3.786803
164.372647	12.882549	163.001636	3.786803
164.413505	12.882549	163.041557	3.786803
164.452653	12.882549	163.091191	3.761895
164.501261	12.883563	163.131815	3.761895
164.541640	12.883563	163.170215	3.761895
164.584163	12.883563	163.212507	3.715252
164.625715	12.873662	163.257113	3.715252
164.685915	12.873662	163.298784	3.715252
164.725928	12.873662	163.336763	3.715252
164.768189	12.881914	163.379877	3.665545
164.810502	12.881914	163.420285	3.665545
164.848534	12.881914	163.464183	3.665545
164.920621	12.905089	163.505962	3.653286
164.961924	12.905089	163.569357	3.653286
165.001706	12.923075	163.606958	3.653286
165.045029	12.923075	163.648272	3.644163
165.083421	12.923075	163.689544	3.644163
165.154599	12.901153	163.728381	3.644163
165.196560	12.901153	163.771799	3.576335
165.231913	12.901153	163.810724	3.576335
165.277298	12.905745	163.847411	3.576335
165.317601	12.905745	163.890709	3.564464
165.389730	12.933296	163.934264	3.564464
165.433838	12.933296	163.972576	3.564464
165.472250	12.933296	164.041674	3.569367
165.513021	12.933296	164.080741	3.569367
165.555742	12.931413	164.118592	3.569367
165.624874	12.931413	164.160061	3.534259
165.668473	12.943103	164.198942	3.534259
165.710953	12.943103	164.238446	3.534259
165.755188	12.943103	164.283370	3.571005
165.794759	12.956178	164.321616	3.571005
165.844333	12.956178	164.380924	3.571005
165.880054	12.956178	164.422288	3.557122
165.922213	12.956178	164.466406	3.557122
165.963782	12.944667	164.509175	3.557122
166.033918	12.944667	164.550288	3.565961
166.078164	12.965843	164.592861	3.565961
166.115553	12.965843	164.632445	3.565961
166.158889	12.965843	164.671123	3.577492
166.203194	12.998847	164.711912	3.577492
166.254089	12.998847	164.751390	3.577492
166.290773	12.998847	164.788069	3.577492
166.333552	12.983448	164.828598	3.588081
166.375107	12.983448	164.870469	3.588081
166.418784	12.983448	164.908466	3.588081
166.457175	12.983448	164.984926	3.586880
166.521592	13.007647	165.023012	3.586880
166.561034	13.007647	165.060438	3.586880
166.605839	13.027587	165.103326	3.605664
166.648065	13.027587	165.142383	3.605664
166.689780	13.027587	165.180737	3.605664
166.729750	13.027587	165.228095	3.610213
166.775411	13.018595	165.270977	3.610213
166.812241	13.018595	165.338734	3.610213
166.855096	13.018595	165.380326	3.616112
166.896354	13.018395	165.422936	3.616112
166.958807	13.018395	165.465455	3.616112
167.002932	13.027972	165.515785	3.639634
167.042599	13.027972	165.555627	3.639634
167.085797	13.027972	165.594241	3.639634
167.123225	13.027972	165.636349	3.643806
167.171662	13.029223	165.676342	3.643806
167.209957	13.029223	165.715090	3.643806
167.250935	13.029223	165.755585	3.635152
167.294982	13.025039	165.792953	3.635152
167.335292	13.025039	165.828642	3.635152
167.373464	13.025039	165.867502	3.635152
167.421546	13.049594	165.918487	3.641762
167.461478	13.049594	165.957003	3.641762
167.502448	13.049594	165.995124	3.641762
167.570638	13.047282	166.037866	3.664797
167.610193	13.047282	166.078843	3.664797
167.652370	13.047282	166.123244	3.664797
167.699723	13.056422	166.165786	3.665581
167.743760	13.056422	166.207861	3.665581
167.780806	13.056422	166.245663	3.665581
167.832180	13.033120	166.286526	3.667667
167.868351	13.033120	166.349216	3.667667
167.904655	13.033120	166.387903	3.667667
167.948382	13.038147	166.433064	3.625740
167.987937	13.038147	166.475682	3.625740
168.028056	13.038147	166.511125	3.625740
168.068825	13.054516	166.553829	3.619691
168.110133	13.054516	166.593739	3.619691
168.149406	13.054516	166.634248	3.619691
168.221627	12.940129	166.678302	3.574046
168.261669	12.940129	166.729654	3.574046
168.304838	12.940129	166.767475	3.574046
168.344755	12.932122	166.807492	4.310408
168.387337	12.932122	166.852450	4.310408
168.426096	12.932122	166.889754	4.310408
168.464187	12.895163	166.964196	4.307690
168.510121	12.895163	167.005011	4.307690
168.547281	12.895163	167.041063	4.307690
168.585830	12.895163	167.085683	4.315828
168.659790	12.893394	167.122336	4.315828
168.700202	12.893394	167.182642	4.315828
168.740602	12.890086	167.225611	4.306120
168.780519	12.890086	167.267321	4.306120
168.823281	12.890086	167.306591	4.306120
168.865466	12.881488	167.347162	4.319897
168.906549	12.881488	167.416873	4.319897
168.949280	12.881488	167.453929	4.319897
168.986218	12.881488	167.495749	4.332841
169.034546	12.858707	167.534635	4.332841
169.072918	12.858707	167.571666	4.332841
169.114330	12.858707	167.611647	4.337883
169.157331	12.849658	167.654917	4.337883
169.219510	12.849658	167.691969	4.337883
169.258970	12.849658	167.762711	4.330722
169.301291	12.849940	167.803418	4.330722
169.340041	12.849940	167.840470	4.330722
169.380177	12.849940	167.882857	4.326029
169.424909	12.858571	167.924494	4.326029
169.461894	12.858571	167.963304	4.326029
169.502578	12.858571	168.028972	4.330116
169.545230	12.867809	168.066998	4.330116
169.605468	12.867809	168.102926	4.330116
169.645931	12.867809	168.144046	4.315575
169.685328	12.845627	168.190691	4.315575
169.728996	12.845627	168.230366	4.315575
169.767957	12.845627	168.296294	4.282621
169.831418	12.851562	168.338139	4.282621
169.875051	12.851562	168.376087	4.282621
169.912349	12.851562	168.423987	4.261579
169.958284	12.856730	168.461919	4.261579
169.997844	12.856730	168.527360	4.261579
170.069113	12.857397	168.572359	4.231528
170.115151	12.857397	168.612243	4.231528
170.153405	12.857397	168.652046	4.231528
170.196568	12.876544	168.701451	4.211159
170.234251	12.876544	168.747917	4.211159
170.299123	12.876544	168.786802	4.211159
170.341054	12.868354	168.827862	4.194340
170.381736	12.868354	168.867889	4.194340
170.424973	12.868354	168.905603	4.194340
170.463275	12.877365	168.942302	4.167203
170.518268	12.877365	168.982747	4.167203
170.556153	12.877365	169.021605	4.167203
170.600408	12.889866	169.063656	4.167203
170.641086	12.889866	169.107502	4.106204
170.703071	12.889866	169.146242	4.106204
170.747103	12.892294	169.184145	4.106204
170.785521	12.892294	169.225554	4.089598
170.830415	12.892294	169.270246	4.089598
170.869805	12.910597	169.308557	4.089598
170.918922	12.910597	169.372774	4.055910
170.957202	12.910597	169.414652	4.055910
170.997267	12.894408	169.452300	4.055910
171.043014	12.894408	169.497523	4.032601
171.082586	12.894408	169.538466	4.032601
171.123154	12.894408	169.610338	3.970950
171.193947	12.903945	169.651155	3.970950
171.232305	12.903945	169.693525	3.970950
171.279299	12.921305	169.731917	3.970950
171.322196	12.921305	169.799394	3.942414
171.380520	12.921305	169.836714	3.942414
171.426702	12.946059	169.879916	3.917206
171.467813	12.946059	169.953497	3.917206
171.508080	12.946059	169.996539	3.876606
171.551880	12.934357	170.040097	3.876606
171.593318	12.934357	170.112191	3.876606
171.634544	12.934357	170.155447	3.831444
171.678229	12.925321	170.195234	3.831444
171.724208	12.925321	170.236413	3.831444
171.764271	12.925321	170.278760	3.790110
171.808615	12.963191	170.346581	3.790110
171.851279	12.963191	170.386305	3.790110
171.889705	12.963191	170.429518	3.772007
171.931843	12.966498	170.472891	3.772007
171.973956	12.966498	170.532073	3.772007
172.013610	12.966498	170.573348	3.737795
172.056436	12.966498	170.614608	3.737795
172.103188	12.985675	170.652286	3.737795
172.146850	12.985675	170.696219	3.701205
172.184968	12.985675	170.737427	3.701205
172.232860	12.999026	170.776033	3.701205
172.274289	12.999026	170.819537	3.645488
172.344963	12.999239	170.857914	3.645488
172.389761	12.999239	170.900014	3.645488
172.426075	12.999239	170.941115	3.602180
172.470989	13.003343	170.983035	3.602180
172.511896	13.003343	171.025723	3.602180
172.577664	13.003343	171.063034	3.602180
172.623064	13.025410	171.103547	3.547807
172.660669	13.025410	171.141541	3.547807
172.703509	13.025410	171.178141	3.547807
172.741531	13.032699	171.225563	3.510458
172.793503	13.032699	171.264311	3.510458
172.830554	13.032699	171.332415	3.510458
172.872707	13.012885	171.374625	3.477988
172.916127	13.012885	171.418298	3.477988
172.955523	13.012885	171.459371	3.477988
172.998230	13.022338	171.502517	3.470277
173.045588	13.022338	171.543859	3.470277
173.082110	13.022338	171.583210	3.470277
173.125065	13.028983	171.625746	3.445685
173.167740	13.028983	171.665334	3.445685
173.207029	13.028983	171.703731	3.445685
173.245677	13.028983	171.743589	3.431847
173.291996	13.035207	171.785245	3.431847
173.333162	13.035207	171.822021	3.431847
173.376381	13.035207	171.859854	3.431847
173.419609	13.047397	171.905282	3.431085
173.475283	13.047397	171.947249	3.431085
173.517095	13.027852	172.021568	3.455805
173.560202	13.027852	172.063474	3.455805
173.602450	13.027852	172.100020	3.455805
173.642009	13.027852	172.142348	3.418894
173.688565	13.028824	172.183239	3.418894
173.728009	13.028824	172.258848	3.418894
173.772105	13.028824	172.302742	3.420688
173.813546	13.043863	172.342227	3.420688
173.884561	13.043863	172.382846	3.420688
173.925054	13.070081	172.429961	3.445846
173.972749	13.070081	172.475950	3.445846
174.011131	13.070081	172.513899	3.445846
174.053339	13.070081	172.553069	3.435690
174.096991	12.919368	172.592471	3.435690
174.165087	12.919368	172.631032	3.435690
174.210339	12.900683	172.668935	3.463195
174.250799	12.900683	172.719062	3.463195
174.295680	12.900683	172.755985	3.463195
174.337899	12.890900	172.820689	3.458132
174.398015	12.890900	172.862334	3.458132
174.434587	12.890900	172.900072	3.458132
174.482005	12.899878	172.942407	3.467599
174.525060	12.899878	172.984311	3.467599
174.603381	12.885717	173.050838	3.467599
174.647637	12.885717	173.094676	3.490505
174.686525	12.885717	173.136394	3.490505
174.732063	12.876224	173.176506	3.490505
174.775818	12.876224	173.222836	3.503009
174.847034	12.876224	173.271525	3.503009
174.890567	12.830463	173.309770	3.503009
174.927960	12.830463	173.351058	3.494746
174.967515	12.830463	173.393672	3.494746
175.014883	12.836742	173.431020	3.494746
175.057430	12.836742	173.470656	3.501460
175.139484	12.835649	173.512902	3.501460
175.184582	12.835649	173.556873	3.501460
175.223635	12.835649	173.595740	3.501460
175.265932	12.863997	173.662414	3.503605
175.311992	12.863997	173.703184	3.503605
175.352033	12.863997	173.743268	3.477158
175.394149	12.855400	173.785265	3.477158
175.443635	12.855400	173.824177	3.477158
175.486329	12.855400	173.886957	3.465104
175.525918	12.847315	173.925239	3.465104
175.572342	12.847315	173.963486	3.465104
175.615150	12.847315	174.003074	3.430390
175.678930	12.833308	174.042915	3.430390
175.724370	12.833308	174.083273	3.430390
175.762119	12.833308	174.125680	3.430390
175.810789	12.844302	174.168891	4.658470
175.853266	12.844302	174.216906	4.658470
175.930296	12.869688	174.254354	4.658470
175.977033	12.869688	174.298341	4.679034
176.014742	12.869688	174.342907	4.679034
176.056642	12.869688	174.380105	4.679034
176.099680	12.853988	174.463638	4.677302
176.163366	12.853988	174.503679	4.677302
176.209195	12.856444	174.541576	4.677302
176.247898	12.856444	174.585392	4.699438
176.291843	12.856444	174.623770	4.699438
176.332027	12.853189	174.687369	4.688117
176.383804	12.853189	174.727488	4.688117
176.422860	12.853189	174.766892	4.688117
176.468421	12.860481	174.807958	4.689447
176.517009	12.860481	174.849378	4.689447
176.558259	12.860481	174.887227	4.689447
176.635226	12.888740	174.925887	4.689447
176.677641	12.888740	174.973289	4.712692
176.718479	12.900755	175.010739	4.712692
176.758526	12.900755	175.076271	4.722476
176.804112	12.900755	175.117565	4.722476
176.841798	12.900755	175.159347	4.722476
176.888069	12.887567	175.200746	4.721032
176.926998	12.887567	175.241094	4.721032
176.971428	12.887567	175.283774	4.721032
177.012802	12.898885	175.321435	4.721032
177.058197	12.898885	175.363285	4.703154
177.097203	12.898885	175.402959	4.703154
177.167050	12.919200	175.440733	4.703154
177.210550	12.919200	175.483222	4.654895
177.248228	12.919200	175.522091	4.654895
177.294510	12.939430	175.559304	4.654895
177.333694	12.939430	175.600003	4.601230
177.402219	12.925172	175.640384	4.601230
177.446522	12.925172	175.680080	4.601230
177.486258	12.925172	175.717627	4.601230
177.531039	12.924439	175.760803	4.581871
177.571089	12.924439	175.801599	4.581871
177.633519	12.924439	175.879854	4.523914
177.677759	12.950316	175.921438	4.523914
177.716456	12.950316	175.959083	4.523914
177.761451	12.950316	176.001640	4.460122
177.803400	12.959905	176.039385	4.460122
177.852264	12.959905	176.097101	4.460122
177.889554	12.959905	176.135501	4.460122
177.930157	12.978103	176.178069	4.410756
177.974701	12.978103	176.219228	4.410756
178.013998	12.978103	176.255654	4.410756
178.090341	12.987533	176.298852	4.371030
178.132348	12.987533	176.342080	4.371030
178.170305	12.987533	176.380554	4.371030
178.214437	12.994995	176.443125	4.310694
178.257044	12.994995	176.479286	4.310694
178.294927	12.994995	176.517698	4.310694
178.343084	13.000275	176.557210	4.263082
178.382720	13.000275	176.597294	4.263082
178.426816	13.000275	176.635169	4.263082
178.465871	13.009297	176.677419	4.198425
178.509758	13.009297	176.719225	4.198425
178.551300	13.009297	176.757059	4.198425
178.620633	13.014967	176.797638	4.124692
178.663416	13.014967	176.847851	4.124692
178.700460	13.014967	176.887035	4.124692
178.748030	13.007453	176.957007	4.056753
178.787768	13.007453	176.998259	4.056753
178.855223	13.007453	177.033693	4.056753
178.905030	13.017874	177.076712	4.026467
178.943865	13.017874	177.116939	4.026467
178.983859	13.017874	177.187895	4.026467
179.029453	13.023288	177.230927	3.957680
179.068048	13.023288	177.272747	3.957680
179.141607	13.037312	177.309747	3.957680
179.184422	13.037312	177.379085	3.889519
179.222147	13.037312	177.416669	3.889519
179.263948	13.027769	177.457975	3.889519
179.305914	13.027769	177.501519	3.810530
179.344711	13.027769	177.541007	3.810530
179.385960	13.027769	177.583547	3.810530
179.428099	13.011467	177.630009	3.753292
179.468575	13.011467	177.668292	3.753292
179.505867	13.011467	177.734061	3.692212
179.551498	13.005351	177.774030	3.692212
179.593071	13.005351	177.816140	3.692212
179.631695	13.005351	177.856695	3.692212
179.671833	13.011571	177.907023	3.654525
179.713927	13.011571	177.947712	3.654525
179.751819	13.011571	177.985142	3.654525
179.792474	12.910372	178.027228	3.585107
179.833796	12.910372	178.068397	3.585107
179.876391	12.910372	178.106932	3.585107
179.915013	12.910372	178.161839	3.522794
179.959459	12.915130	178.200030	3.522794
180.000996	12.915130	178.265567	3.522794
180.075478	12.861226	178.305838	3.491405
180.118567	12.861226	178.347840	3.491405
180.156122	12.861226	178.409983	3.433551
180.201166	12.853301	178.452147	3.433551
180.242563	12.853301	178.489644	3.433551
180.309165	12.853301	178.532369	3.394427
180.352797	12.870690	178.573741	3.394427
180.388994	12.870690	178.640078	3.394427
180.431126	12.870690	178.682189	3.374975
180.470990	12.845854	178.722421	3.374975
180.522358	12.845854	178.764575	3.374975
180.558918	12.845854	178.803493	3.358979
180.600405	12.826010	178.863246	3.358979
180.645141	12.826010	178.900011	3.358979
180.684278	12.826010	178.940425	3.347909
180.727326	12.817355	178.980159	3.347909
180.778982	12.817355	179.018854	3.347909
180.816441	12.817355	179.056839	3.347909
180.853770	12.817355	179.103385	3.365982
180.899466	12.818821	179.143214	3.365982
180.938149	12.818821	179.207917	3.353612
180.978899	12.818821	179.251695	3.353612
181.022383	12.825886	179.289105	3.353612
181.088006	12.825886	179.333207	3.405376
181.130749	12.855197	179.374597	3.405376
181.169975	12.855197	179.440087	3.405376
181.212514	12.855197	179.482131	3.380228
181.251294	12.855197	179.525375	3.380228
181.328543	12.815872	179.566307	3.380228
181.369577	12.815872	179.605129	3.406541
181.409511	12.830860	179.674749	3.406541
181.450893	12.830860	179.713335	3.406541
181.491640	12.830860	179.752182	3.421082
181.533694	12.833878	179.792069	3.421082
181.573521	12.833878	179.829782	3.421082
181.614214	12.833878	179.868108	3.412100
181.653539	12.833878	179.921609	3.412100
181.694166	12.833607	179.958642	3.412100
181.732205	12.833607	180.019875	3.429601
181.772446	12.833607	180.061292	3.429601
181.812458	12.849468	180.100540	3.429601
181.857400	12.849468	180.141477	3.441562
181.896536	12.849468	180.181309	3.441562
181.965014	12.850652	180.238896	3.441562
182.007899	12.850652	180.279156	3.453741
182.044622	12.850652	180.320564	3.453741
182.092802	12.851800	180.359590	3.453741
182.136816	12.851800	180.398659	3.467086
182.204087	12.868055	180.441890	3.467086
182.245253	12.868055	180.481964	3.467086
182.282730	12.868055	180.524975	3.476841
182.327006	12.880516	180.568484	3.476841
182.368630	12.880516	180.609766	3.476841
182.434958	12.880516	180.647864	3.476841
182.477850	12.872987	180.688644	3.464046
182.513471	12.872987	180.729477	3.464046
182.557056	12.872987	180.772958	3.464046
182.596408	12.870830	180.820342	3.455525
182.647396	12.870830	180.860751	3.455525
182.684888	12.870830	180.901071	3.455525
182.725403	12.879067	180.941168	3.463660
182.769861	12.879067	180.980818	3.463660
182.808694	12.879067	181.018621	3.463660
182.846778	12.879067	181.055602	3.463660
182.892253	12.883023	181.098490	3.449594
182.936592	12.883023	181.140203	3.449594
182.980383	12.883023	181.178081	3.449594
183.023055	12.915216	181.245686	3.410320
183.092132	12.915216	181.284421	3.410320
183.134508	12.907434	181.323289	3.410320
183.173966	12.907434	181.366219	3.363330
183.216104	12.907434	181.403591	3.363330
183.256614	12.907434	181.441254	3.363330
183.329121	12.916704	181.485947	4.722355
183.365837	12.916704	181.526756	4.722355
183.406502	12.919232	181.603144	4.725783
183.445142	12.919232	181.646037	4.725783
183.483747	12.919232	181.688834	4.725783
183.525192	12.932505	181.733081	4.754655
183.565703	12.932505	181.774838	4.754655
183.606684	12.932505	181.814410	4.754655
183.643831	12.932505	181.853527	4.754655
183.694463	12.957052	181.892377	4.770336
183.733559	12.957052	181.933459	4.770336
183.777400	12.957052	181.972057	4.770336
183.817275	12.964277	182.012987	4.746331
183.857586	12.964277	182.050002	4.746331
183.920568	12.967410	182.086304	4.746331
183.964711	12.967410	182.124857	4.788208
184.002052	12.967410	182.168076	4.788208
184.039994	12.967410	182.207141	4.788208
184.087790	12.973419	182.245195	4.788208
184.127376	12.973419	182.285466	4.793780
184.201937	12.989873	182.326298	4.793780
184.243357	12.989873	182.402283	4.793529
184.281362	12.989873	182.446668	4.793529
184.323078	13.013466	182.485474	4.793529
184.364574	13.013466	182.526342	4.793529
184.402545	13.013466	182.566418	4.780490
184.440748	13.013466	182.634110	4.780490
184.484371	12.993014	182.672865	4.765325
184.524130	12.993014	182.713925	4.765325
184.560786	12.993014	182.753351	4.765325
184.603196	13.001525	182.789714	4.765325
184.644471	13.001525	182.833447	4.698727
184.681394	13.001525	182.874837	4.698727
184.721939	13.006745	182.913358	4.698727
184.763656	13.006745	182.979423	4.680703
184.804507	13.006745	183.021007	4.680703
184.844426	13.021693	183.059287	4.680703
184.885429	13.021693	183.109546	4.616100
184.929148	13.021693	183.148447	4.616100
184.964756	13.021693	183.213285	4.544182
185.011004	13.016898	183.256130	4.544182
185.053463	13.016898	183.300494	4.544182
185.127799	13.024589	183.344357	4.462494
185.172624	13.024589	183.413284	4.462494
185.208643	13.024589	183.450760	4.462494
185.253335	13.002058	183.493416	4.428478
185.293883	13.002058	183.537781	4.428478
185.361844	13.002058	183.576316	4.428478
185.403124	13.020240	183.655060	4.360947
185.441795	13.020240	183.695567	4.360947
185.480681	13.020240	183.736187	4.287670
185.517300	13.020240	183.780119	4.287670
185.556537	12.886907	183.818533	4.287670
185.596923	12.886907	183.889403	4.213899
185.638567	12.886907	183.929066	4.213899
185.683911	12.878921	183.967667	4.213899
185.720030	12.878921	184.009249	4.126500
185.762619	12.878921	184.047602	4.126500
185.802952	12.861389	184.087101	4.126500
185.850487	12.861389	184.131843	4.069758
185.887052	12.861389	184.174117	4.069758
185.927188	12.859811	184.233094	4.069758
185.990539	12.859811	184.270900	3.998919
186.029077	12.859811	184.311851	3.998919
186.074651	12.831797	184.350858	3.998919
186.115056	12.831797	184.388441	3.998919
186.150711	12.831797	184.431007	3.909424
186.191158	12.848317	184.470845	3.909424
186.234472	12.848317	184.508049	3.909424
186.273508	12.848317	184.552766	3.838563
186.311325	12.848317	184.594958	3.838563
186.357140	12.838185	184.633381	3.838563
186.398443	12.838185	184.705152	3.757376
186.437634	12.838185	184.745255	3.757376
186.481234	12.808211	184.782624	3.757376
186.521595	12.808211	184.825849	3.686331
186.559388	12.808211	184.864428	3.686331
186.599695	12.803178	184.902074	3.686331
186.641091	12.803178	184.950021	3.623184
186.680118	12.803178	184.986712	3.623184
186.723898	12.818078	185.046484	3.623184
186.770695	12.818078	185.085679	3.539605
186.817159	12.818078	185.128682	3.539605
186.855605	12.816771	185.171005	3.539605
186.930140	12.816771	185.211843	3.476481
186.968682	12.816771	185.251303	3.476481
187.010595	12.811985	185.289818	3.476481
187.054469	12.811985	185.330222	3.400168
187.090252	12.811985	185.370707	3.400168
187.134714	12.820686	185.410763	3.400168
187.174962	12.820686	185.449008	3.400168
187.241818	12.820686	185.492874	3.359861
187.285019	12.810623	185.530480	3.359861
187.321715	12.810623	185.571880	3.359861
187.366120	12.810623	185.614622	3.290940
187.405540	12.826898	185.655520	3.290940
187.445188	12.826898	185.697102	3.290940
187.509354	12.826898	185.742650	3.239088
187.556436	12.837030	185.782341	3.239088
187.594376	12.837030	185.841063	3.239088
187.631287	12.837030	185.880158	3.204764
187.678349	12.815496	185.921444	3.204764
187.717838	12.815496	185.963337	3.204764
187.790287	12.815496	186.001138	3.192870
187.834356	12.831827	186.042638	3.192870
187.871407	12.831827	186.081337	3.192870
187.910537	12.831827	186.118885	3.192870
187.954327	12.836460	186.152659	3.172723
187.991211	12.836460	186.192421	3.172723
188.028485	12.836460	186.229040	3.172723
188.073383	12.836759	186.269878	3.161051
188.112681	12.836759	186.322601	3.161051
188.150051	12.836759	186.360698	3.161051
188.189181	12.862062	186.435048	3.149229
188.232200	12.862062	186.473533	3.149229
188.271060	12.862062	186.515426	3.149229
188.312374	12.862062	186.558332	3.191390
188.355652	12.869198	186.599235	3.191390
188.393769	12.869198	186.638618	3.191390
188.434051	12.869198	186.680492	3.190157
188.474056	12.857749	186.719542	3.190157
188.517787	12.857749	186.757919	3.190157
188.554262	12.857749	186.796794	3.201213
188.596219	12.857346	186.842458	3.201213
188.638791	12.857346	186.881046	3.201213
188.702189	12.857346	186.950992	3.196017
188.746492	12.879906	186.993309	3.196017
188.785590	12.879906	187.031533	3.196017
188.831103	12.879906	187.093991	3.223746
188.872876	12.891393	187.133889	3.223746
188.922426	12.891393	187.171287	3.223746
188.958077	12.891393	187.212650	3.244623
189.000486	12.895095	187.257082	3.244623
189.045626	12.895095	187.295635	3.244623
189.085788	12.895095	187.357485	3.259533
189.153061	12.902410	187.395754	3.259533
189.193163	12.902410	187.432715	3.259533
189.230119	12.902410	187.470651	3.264873
189.274207	12.920222	187.517599	3.264873
189.316027	12.920222	187.557246	3.264873
189.353681	12.920222	187.625893	3.271683
189.393562	12.930321	187.668381	3.271683
189.436586	12.930321	187.704865	3.271683
189.476388	12.930321	187.752393	3.283738
189.514596	12.930321	187.791357	3.283738
189.556652	12.952637	187.855957	3.283738
189.596133	12.952637	187.901858	3.303653
189.636481	12.952637	187.942663	3.303653
189.678410	12.941605	187.984046	3.303653
189.718984	12.941605	188.032434	3.318840
189.756007	12.941605	188.076895	3.318840
189.794930	12.957406	188.114369	3.318840
189.837524	12.957406	188.157816	3.318452
189.880392	12.957406	188.197948	3.318452
189.919703	12.974491	188.236167	3.318452
189.963515	12.974491	188.275867	3.287481
190.006634	12.974491	188.321122	3.287481
190.073388	12.975593	188.359256	3.287481
190.116280	12.975593	188.422395	3.277226
190.152161	12.975593	188.463498	3.277226
190.194772	12.990312	188.500831	3.277226
190.234762	12.990312	188.543267	3.262377
190.301353	12.990312	188.581891	3.262377
190.345398	12.984251	188.654499	3.262377
190.382440	12.984251	188.698847	4.769535
190.424027	12.984251	188.738720	4.769535
190.462540	12.975211	188.778067	4.769535
190.503494	12.975211	188.824912	4.776676
190.570267	12.975211	188.873472	4.776676
190.614000	12.989057	188.912538	4.776676
190.652622	12.989057	188.953777	4.767816
190.694966	12.989057	188.995112	4.767816
190.735538	13.007572	189.034392	4.767816
190.775488	13.007572	189.071727	4.788942
190.837028	13.007572	189.116398	4.788942
190.881941	12.987991	189.154358	4.788942
190.919635	12.987991	189.196744	4.805662
190.958642	12.987991	189.240732	4.805662
191.004635	12.980575	189.281272	4.805662
191.045679	12.980575	189.319383	4.805662
191.117944	12.992233	189.363441	4.783727
191.159935	12.992233	189.405139	4.783727
191.197282	12.992233	189.444512	4.783727
191.236159	12.992233	189.516582	4.814522
191.278726	12.997168	189.556597	4.814522
191.316823	12.997168	189.595824	4.814522
191.358843	12.997168	189.636755	4.807406
191.401817	12.880185	189.675626	4.807406
191.466362	12.880185	189.734271	4.784838
191.506391	12.880185	189.775670	4.784838
191.548923	12.873583	189.814279	4.784838
191.586228	12.873583	189.851740	4.784838
191.626428	12.873583	189.891858	4.769443
191.672459	12.842390	189.937007	4.769443
191.709220	12.842390	189.976227	4.769443
191.752915	12.842390	190.048973	4.754700
191.791474	12.841267	190.088712	4.754700
191.854095	12.841267	190.129979	4.679770
191.893784	12.841267	190.176517	4.679770
191.936683	12.819817	190.214395	4.679770
191.977805	12.819817	190.284634	4.624003
192.014372	12.819817	190.323647	4.624003
192.058513	12.809869	190.362194	4.624003
192.099722	12.809869	190.404268	4.573560
192.163737	12.809869	190.445580	4.573560
192.206522	12.808119	190.484905	4.573560
192.244984	12.808119	190.525132	4.498094
192.288888	12.808119	190.572602	4.498094
192.330027	12.777025	190.610952	4.498094
192.380543	12.777025	190.685550	4.453599
192.416702	12.777025	190.725840	4.453599
192.458078	12.778077	190.766517	4.453599
192.501883	12.778077	190.809332	4.359558
192.540544	12.778077	190.851694	4.359558
192.606745	12.786547	190.889969	4.359558
192.646642	12.786547	190.929177	4.284231
192.684434	12.786547	190.972255	4.284231
192.726227	12.806975	191.011406	4.284231
192.768511	12.806975	191.050702	4.284231
192.805657	12.806975	191.096802	4.222638
192.842973	12.806975	191.134058	4.222638
192.885386	12.788145	191.201068	4.143741
192.926180	12.788145	191.247920	4.143741
192.963919	12.788145	191.288048	4.143741
193.006739	12.795379	191.357934	4.067352
193.044764	12.795379	191.400561	4.067352
193.082197	12.795379	191.436755	4.067352
193.123360	12.791867	191.483208	3.990657
193.165373	12.791867	191.522191	3.990657
193.203675	12.791867	191.590671	3.990657
193.242367	12.791867	191.632761	3.912140
193.290710	12.806086	191.670195	3.912140
193.332754	12.806086	191.708634	3.912140
193.368164	12.806086	191.755065	3.827838
193.412219	12.815198	191.809113	3.827838
193.453128	12.815198	191.847785	3.827838
193.511615	12.815198	191.889198	3.749620
193.557424	12.796875	191.928868	3.749620
193.595198	12.796875	191.966098	3.749620
193.639514	12.796875	192.004610	3.675514
193.678246	12.818508	192.043874	3.675514
193.727467	12.818508	192.084008	3.675514
193.765279	12.818508	192.126557	3.591285
193.805847	12.810547	192.171994	3.591285
193.849383	12.810547	192.211979	3.591285
193.888277	12.810547	192.252059	3.591285
193.931792	12.831485	192.300270	3.500377
193.980812	12.831485	192.339803	3.500377
194.017713	12.831485	192.383062	3.500377
194.058891	12.860622	192.424022	3.408790
194.100127	12.860622	192.495496	3.408790
194.137106	12.860622	192.535967	3.343921
194.174913	12.860622	192.575695	3.343921
194.219360	12.832960	192.614441	3.343921
194.257195	12.832960	192.657334	3.280219
194.300120	12.832960	192.699430	3.280219
194.345455	12.838659	192.761517	3.280219
194.404684	12.838659	192.801369	3.204600
194.446668	12.852766	192.841619	3.204600
194.486682	12.852766	192.882009	3.204600
194.527726	12.852766	192.919959	3.204600
194.565219	12.852766	192.962550	3.134908
194.639547	12.864746	193.001342	3.134908
194.681387	12.864746	193.039618	3.134908
194.719905	12.871431	193.085618	3.066130
194.762171	12.871431	193.127052	3.066130
194.802481	12.871431	193.166191	3.066130
194.872740	12.865128	193.229830	3.070880
194.916786	12.865128	193.267650	3.070880
194.953742	12.865128	193.303990	3.070880
194.995962	12.883622	193.353666	3.043226
195.037706	12.883622	193.391286	3.043226
195.102956	12.883622	193.431375	3.043226
195.148106	12.896301	193.478567	3.006913
195.184792	12.896301	193.515891	3.006913
195.222694	12.896301	193.584391	3.006913
195.269011	12.936165	193.627391	3.015308
195.309866	12.936165	193.670813	3.015308
195.369199	12.936165	193.714307	3.015308
195.413279	12.932236	193.756317	3.018662
195.451500	12.932236	193.797150	3.018662
195.492507	12.932236	193.835679	3.018662
195.535153	12.921390	193.875619	3.056570
195.605393	12.921390	193.917159	3.056570
195.646564	12.946846	193.955824	3.056570
195.685474	12.946846	193.993504	3.056570
195.728625	12.946846	194.037849	3.040211
195.766828	12.946846	194.075603	3.040211
195.840854	12.951272	194.114409	3.040211
195.881770	12.951272	194.162198	3.038128
195.921174	12.981958	194.201336	3.038128
195.966053	12.981958	194.261199	3.055947
196.006418	12.981958	194.305111	3.055947
196.077548	12.966085	194.342761	3.055947
196.119755	12.966085	194.384442	3.055947
196.156719	12.966085	194.425120	3.065342
196.202238	12.974977	194.493424	3.065342
196.242059	12.974977	194.537417	3.093507
196.310627	12.974977	194.581351	3.093507
196.356716	12.949275	194.620997	3.093507
196.393560	12.949275	194.659849	3.103359
196.433626	12.949275	194.730646	3.103359
196.478055	12.975428	194.769161	3.103359
196.518900	12.975428	194.809429	3.118270
196.593394	12.981670	194.849707	3.118270
196.635123	12.981670	194.887283	3.118270
196.672490	12.981670	194.926827	3.132002
196.709410	12.981670	194.971472	3.132002
196.752792	12.977861	195.010453	3.132002
196.791409	12.977861	195.075479	3.141979
196.828466	12.977861	195.117914	3.141979
196.875454	12.954688	195.153724	3.141979
196.932117	12.954688	195.194813	3.153324
196.970725	12.954688	195.243876	3.153324
197.012744	12.954850	195.310520	3.153324
197.052211	12.954850	195.355431	3.143386
197.089801	12.954850	195.395479	3.143386
197.130135	12.857767	195.435484	3.143386
197.172154	12.857767	195.483127	3.157009
197.210371	12.857767	195.529380	3.157009
197.249948	12.866573	195.566582	3.157009
197.290581	12.866573	195.608326	3.142725
197.329755	12.866573	195.650083	3.142725
197.366184	12.866573	195.690011	3.142725
197.407331	12.831475	195.727814	3.138500
197.447339	12.831475	195.773157	3.138500
197.485252	12.831475	195.815058	3.138500
197.529376	12.812982	195.853935	3.151600
197.571182	12.812982	195.918046	3.151600
197.607899	12.812982	195.956993	3.151600
197.647918	12.810040	195.995173	3.151600
197.689539	12.810040	196.038787	4.701077
197.731174	12.810040	196.079422	4.701077
197.768876	12.810040	196.138250	4.701205
197.812803	12.780939	196.177779	4.701205
197.853560	12.780939	196.217235	4.701205
197.920700	12.790947	196.255929	4.720300
197.966157	12.790947	196.297732	4.720300
198.004890	12.790947	196.337639	4.720300
198.043491	12.790947	196.379368	4.720300
198.087857	12.752264	196.422947	4.716556
198.127656	12.752264	196.479778	4.716556
198.190861	12.764726	196.516474	4.716556
198.232222	12.764726	196.561258	4.703670
198.269723	12.764726	196.602584	4.703670
198.308131	12.764726	196.641017	4.703670
198.353028	12.767700	196.713027	4.726032
198.390367	12.767700	196.753336	4.726032
198.434412	12.767700	196.792716	4.726032
198.478432	12.774147	196.837585	4.727751
198.518379	12.774147	196.896624	4.727751
198.560050	12.774147	196.935947	4.708822
198.600356	12.790008	196.975952	4.708822
198.641136	12.790008	197.013900	4.708822
198.681646	12.790008	197.052133	4.708822
198.721575	12.759837	197.093041	4.705826
198.763955	12.759837	197.131123	4.705826
198.806200	12.759837	197.170571	4.705826
198.843198	12.759837	197.213256	4.676805
198.890378	12.778336	197.251425	4.676805
198.928504	12.778336	197.320115	4.676805
198.967967	12.778336	197.363643	4.606698
199.036076	12.792660	197.404605	4.606698
199.074183	12.792660	197.446830	4.606698
199.112172	12.792660	197.489567	4.556138
199.154547	12.793650	197.529776	4.556138
199.192790	12.793650	197.566781	4.556138
199.229953	12.793650	197.605778	4.496737
199.275988	12.786689	197.648002	4.496737
199.315727	12.786689	197.687158	4.496737
199.353511	12.786689	197.724335	4.496737
199.395326	12.776121	197.765635	4.432140
199.438054	12.776121	197.804813	4.432140
199.476171	12.776121	197.843861	4.432140
199.515042	12.776121	197.892296	4.358778
199.556810	12.800683	197.947657	4.358778
199.595110	12.800683	197.985376	4.358778
199.634473	12.800683	198.030132	4.285664
199.677446	12.811937	198.068586	4.285664
199.721744	12.811937	198.107634	4.285664
199.758392	12.811937	198.153499	4.223334
199.803492	12.841383	198.196598	4.223334
199.845263	12.841383	198.264242	4.156604
199.912015	12.841383	198.305422	4.156604
199.956678	12.824405	198.342605	4.156604
199.993134	12.824405	198.381752	4.156604
200.035914	12.824405	198.423027	4.083443
200.075151	12.827402	198.497646	4.083443
200.122006	12.827402	198.544814	4.002987
200.159968	12.827402	198.585019	4.002987
200.199442	12.819577	198.625294	4.002987
200.240789	12.819577	198.665214	3.924598
200.278825	12.819577	198.733506	3.924598
200.350436	12.850444	198.773246	3.924598
200.391030	12.850444	198.814374	3.851881
200.427510	12.850444	198.854582	3.851881
200.471303	12.868841	198.891874	3.851881
200.511958	12.868841	198.931585	3.757697
200.550194	12.868841	198.976633	3.757697
200.592776	12.870273	199.013402	3.757697
200.631282	12.870273	199.078820	3.700643
200.670138	12.870273	199.121286	3.700643
200.707489	12.870273	199.156745	3.700643
200.753459	12.872355	199.196875	3.610605
200.798251	12.872355	199.238733	3.610605
200.842329	12.872355	199.295897	3.610605
200.881485	12.873232	199.336938	3.534659
200.925615	12.873232	199.376155	3.534659
200.964985	12.873232	199.412395	3.534659
201.034745	12.906133	199.451331	3.534659
201.074932	12.906133	199.502315	3.467746
201.113092	12.906133	199.544261	3.467746
201.158122	12.909925	199.580233	3.467746
201.200154	12.909925	199.654848	3.409395
201.268296	12.918788	199.695481	3.409395
201.310822	12.918788	199.739226	3.349725
201.347120	12.918788	199.779623	3.349725
201.391341	12.922608	199.816648	3.349725
201.428455	12.922608	199.874636	3.245267
201.501343	12.922608	199.915442	3.245267
201.544256	12.900411	199.953144	3.245267
201.581674	12.900411	199.989133	3.245267
201.620411	12.900411	200.035010	3.196448
201.667634	12.924051	200.076741	3.196448
201.706643	12.924051	200.114338	3.196448
201.767036	12.924051	200.184999	3.120045
201.810585	12.957854	200.225481	3.120045
201.849972	12.957854	200.267790	3.067818
201.886870	12.957854	200.311162	3.067818
201.930226	12.948404	200.350371	3.067818
201.970844	12.948404	200.419889	3.037646
202.031626	12.948404	200.459869	3.037646
202.076509	12.938073	200.500508	3.037646
202.113036	12.938073	200.543653	3.014051
202.150587	12.938073	200.584162	3.014051
202.196257	12.946521	200.624056	3.014051
202.237100	12.946521	200.670242	3.002974
202.296301	12.946521	200.707677	3.002974
202.339941	12.961589	200.775990	3.002974
202.376995	12.961589	200.817156	2.990460
202.420399	12.961589	200.860906	2.990460
202.463570	12.967725	200.901478	2.990460
202.532711	12.967725	200.942349	2.980792
202.575738	12.961122	201.011651	2.980792
202.617437	12.961122	201.048866	2.980792
202.659294	12.961122	201.091812	3.024418
202.696876	12.961122	201.131114	3.024418
202.767050	12.955919	201.168809	3.024418
202.810205	12.955919	201.209457	2.980995
202.848856	12.964327	201.251027	2.980995
202.897892	12.964327	201.290316	2.980995
202.934779	12.964327	201.336318	2.992823
203.005262	12.852077	201.373091	2.992823
203.046722	12.852077	201.446670	2.992823
203.082998	12.852077	201.486956	3.024660
203.129053	12.826010	201.528596	3.024660
203.170673	12.826010	201.570118	3.024660
203.237353	12.826010	201.611197	3.031930
203.282713	12.803313	201.651600	3.031930
203.319783	12.803313	201.689107	3.031930
203.362876	12.803313	201.728084	3.060893
203.403483	12.818400	201.767655	3.060893
203.448849	12.818400	201.806400	3.060893
203.485521	12.818400	201.843577	3.060893
203.526243	12.793638	201.886955	3.049063
203.569986	12.793638	201.928512	3.049063
203.607959	12.793638	201.966666	3.049063
203.689046	12.781815	202.027299	3.096897
203.728898	12.781815	202.066204	3.096897
203.767139	12.781815	202.103492	3.096897
203.810000	12.769948	202.145782	3.097671
203.851545	12.769948	202.186656	3.097671
203.890847	12.769948	202.224544	3.097671
203.929605	12.751828	202.271131	3.123820
203.967750	12.751828	202.315619	3.123820
204.008818	12.751828	202.386842	3.134723
204.051085	12.748534	202.429034	3.134723
204.090606	12.748534	202.470795	3.134723
204.133334	12.748534	202.511210	3.134723
204.171057	12.748534	202.553303	3.147835
204.220887	12.759565	202.594532	3.147835
204.257447	12.759565	202.632275	3.147835
204.297174	12.759565	202.673153	3.165614
204.340836	12.767576	202.713091	3.165614
204.411980	12.767576	202.752283	3.165614
204.456032	12.743770	202.795895	3.157264
204.494505	12.743770	202.834181	3.157264
204.537860	12.743770	202.872166	3.157264
204.576459	12.774347	202.909368	3.157264
204.629426	12.774347	202.952075	3.160292
204.666447	12.774347	202.992722	3.160292
204.705756	12.774347	203.030125	3.160292
204.749347	12.762915	203.072245	3.191772
204.787442	12.762915	203.112410	3.191772
204.825838	12.762915	203.183639	4.671436
204.871694	12.763828	203.225267	4.671436
204.909552	12.763828	203.264570	4.671436
204.978026	12.779728	203.303598	4.671436
205.017327	12.779728	203.345544	4.675987
205.057560	12.779728	203.417636	4.675987
205.097447	12.779728	203.458889	4.681386
205.139109	12.765961	203.500982	4.681386
205.182300	12.765961	203.539243	4.681386
205.221416	12.765961	203.576143	4.681386
205.288858	12.769271	203.617846	4.688810
205.331124	12.769271	203.658291	4.688810
205.368525	12.769271	203.701608	4.688810
205.412388	12.784656	203.743210	4.656663
205.452933	12.784656	203.810232	4.656663
205.525318	12.794777	203.845824	4.656663
205.569134	12.794777	203.890750	4.700242
205.606464	12.794777	203.929659	4.700242
205.644357	12.799003	203.967719	4.700242
205.690042	12.799003	204.014374	4.690367
205.728319	12.799003	204.054602	4.690367
205.790044	12.795545	204.116451	4.690367
205.831945	12.795545	204.161693	4.677187
205.869291	12.795545	204.199478	4.677187
205.907148	12.795545	204.237773	4.677187
205.951256	12.822510	204.284772	4.671667
205.990729	12.822510	204.326319	4.671667
206.032774	12.822510	204.364838	4.671667
206.078974	12.807897	204.409624	4.626090
206.117437	12.807897	204.445870	4.626090
206.158793	12.807897	204.492917	4.626090
206.199168	12.859845	204.532229	4.589157
206.243380	12.859845	204.574922	4.589157
206.283416	12.859845	204.615983	4.589157
206.350583	12.847722	204.653693	4.589157
206.393615	12.847722	204.724903	4.522111
206.430272	12.847722	204.762961	4.522111
206.478357	12.822190	204.804152	4.469059
206.517519	12.822190	204.844581	4.469059
206.590084	12.845008	204.884223	4.469059
206.631792	12.845008	204.923108	4.469059
206.668352	12.845008	204.968785	4.414567
206.709962	12.845008	205.005118	4.414567
206.753963	12.866415	205.043999	4.414567
206.818158	12.866415	205.090882	4.341890
206.864138	12.878661	205.131470	4.341890
206.906222	12.878661	205.199258	4.270990
206.948299	12.878661	205.241199	4.270990
206.988764	12.904541	205.279047	4.270990
207.033114	12.904541	205.320594	4.270990
207.067907	12.904541	205.363545	4.200877
207.107635	12.904541	205.432539	4.200877
207.149463	12.897480	205.473536	4.141112
207.212207	12.897480	205.514101	4.141112
207.256351	12.903514	205.553864	4.141112
207.294198	12.903514	205.593930	4.065272
207.338362	12.903514	205.653544	4.065272
207.377174	12.920266	205.692168	4.065272
207.428598	12.920266	205.732897	3.990910
207.466288	12.920266	205.773154	3.990910
207.502483	12.920266	205.813219	3.990910
207.548064	12.932097	205.851447	3.990910
207.589000	12.932097	205.894532	3.929424
207.627347	12.932097	205.933405	3.929424
207.680897	12.915697	205.975781	3.929424
207.723028	12.915697	206.020342	3.853490
207.759892	12.915697	206.060656	3.853490
207.806462	12.929202	206.096204	3.853490
207.845929	12.929202	206.138146	3.781312
207.913459	12.929202	206.184056	3.781312
207.957921	12.925424	206.221116	3.781312
207.996239	12.925424	206.293100	3.702867
208.038064	12.925424	206.336048	3.702867
208.079660	12.924304	206.371368	3.702867
208.146514	12.924304	206.415674	3.628304
208.190156	12.950885	206.455183	3.628304
208.228020	12.950885	206.527645	3.556305
208.271778	12.950885	206.574569	3.556305
208.307986	12.950885	206.611458	3.556305
208.359956	12.929475	206.651862	3.556305
208.397676	12.929475	206.697433	3.481425
208.439432	12.929475	206.736137	3.481425
208.481126	12.922386	206.775655	3.481425
208.521883	12.922386	206.816798	3.417083
208.562826	12.922386	206.858932	3.417083
208.604714	12.943468	206.895537	3.417083
208.653543	12.943468	206.968896	3.345935
208.694476	12.943468	207.006354	3.345935
208.735670	12.942908	207.048531	3.345935
208.778065	12.942908	207.090654	3.265563
208.818201	12.942908	207.150959	3.265563
208.857382	12.827782	207.191762	3.228070
208.897398	12.827782	207.232930	3.228070
208.937659	12.827782	207.271769	3.228070
208.978284	12.795507	207.308016	3.228070
209.023562	12.795507	207.372586	3.160422
209.059315	12.795507	207.410187	3.160422
209.098413	12.795507	207.450088	3.160422
209.163119	12.809524	207.499021	3.099683
209.202516	12.809524	207.534977	3.099683
209.240622	12.809524	207.575343	3.099683
209.282014	12.785860	207.622189	3.064304
209.321935	12.785860	207.661113	3.064304
209.359515	12.785860	207.730892	3.060319
209.405548	12.782853	207.774475	3.060319
209.441624	12.782853	207.817995	3.060319
209.485702	12.782853	207.858049	3.022834
209.524154	12.768116	207.933483	3.022834
209.575489	12.768116	207.971406	3.022834
209.610955	12.768116	208.019386	3.045596
209.650778	12.727895	208.060718	3.045596
209.695873	12.727895	208.103498	3.045596
209.734685	12.727895	208.146030	3.013440
209.775907	12.725044	208.202993	3.013440
209.823174	12.725044	208.238878	3.013440
209.858303	12.725044	208.285047	3.051502
209.898777	12.725044	208.324285	3.051502
209.941078	12.737866	208.363437	3.051502
210.006544	12.737866	208.406896	3.054959
210.046114	12.737866	208.449760	3.054959
210.087310	12.750092	208.513078	3.054959
210.125378	12.750092	208.561065	3.051818
210.166025	12.750092	208.599958	3.051818
210.206213	12.749302	208.640379	3.051818
210.246346	12.749302	208.682786	3.066983
210.284847	12.749302	208.749451	3.066983
210.328959	12.731473	208.793430	3.076806
210.366923	12.731473	208.833240	3.076806
210.409520	12.731473	208.873030	3.076806
210.447283	12.739959	208.910001	3.076806
210.494376	12.739959	208.981163	3.080355
210.556190	12.739959	209.019749	3.080355
210.598963	12.731044	209.058360	3.097432
210.637720	12.731044	209.100376	3.097432
210.678380	12.731044	209.137915	3.097432
210.718303	12.749204	209.175714	3.097432
210.769273	12.749204	209.223483	3.121853
210.805771	12.749204	209.260650	3.121853
210.844680	12.765572	209.328085	3.142352
210.890219	12.765572	209.371395	3.142352
210.928286	12.765572	209.415072	3.142352
210.970679	12.765572	209.454615	3.153145
211.018038	12.738613	209.529759	3.153145
211.058115	12.738613	209.566071	3.153145
211.100024	12.738613	209.615605	3.149281
211.142631	12.767673	209.655115	3.149281
211.212430	12.767673	209.696602	3.149281
211.255529	12.768508	209.738012	3.155601
211.296935	12.768508	209.795359	3.155601
211.345148	12.768508	209.833249	3.155601
211.388118	12.776757	209.876147	3.178525
211.446254	12.776757	209.919414	3.178525
211.484008	12.776757	209.957526	3.178525
211.528962	12.795998	210.029874	3.167681
211.568237	12.795998	210.069521	3.167681
211.633680	12.795998	210.106390	3.167681
211.678254	12.784650	210.152685	3.156360
211.716746	12.784650	210.195105	3.156360
211.755126	12.784650	210.235050	3.156360
211.800130	12.781843	210.296201	3.181378
211.840248	12.781843	210.337799	3.181378
211.903502	12.796461	210.377017	3.181378
211.944181	12.796461	210.419895	4.671355
211.983385	12.796461	210.457781	4.671355
212.022510	12.796461	210.496901	4.671355
212.064111	12.826035	210.540304	4.696836
212.101356	12.826035	210.576664	4.696836
212.140082	12.826035	210.636809	4.696836
212.183360	12.813325	210.679120	4.713425
212.225149	12.813325	210.721009	4.713425
212.261294	12.813325	210.762287	4.713425
212.299488	12.813325	210.804719	4.711526
212.342154	12.812268	210.844447	4.711526
212.381371	12.812268	210.882803	4.711526
212.418395	12.812268	210.920710	4.711526
212.460734	12.847749	210.962099	4.682020
212.499957	12.847749	211.002040	4.682020
212.538478	12.847749	211.038798	4.682020
212.579209	12.839009	211.082798	4.709680
212.624092	12.839009	211.124105	4.709680
212.660423	12.839009	211.161088	4.709680
212.699647	12.839009	211.229328	4.744439
212.768264	12.877417	211.269073	4.744439
212.807720	12.877417	211.308581	4.744439
212.848844	12.860587	211.352909	4.742430
212.893218	12.860587	211.391703	4.742430
212.930311	12.860587	211.431082	4.742430
212.971675	12.860587	211.477980	4.720558
213.014616	12.872367	211.516542	4.720558
213.055192	12.872367	211.593646	4.689983
213.093069	12.872367	211.632715	4.689983
213.136169	12.894137	211.673778	4.689983
213.175047	12.894137	211.715444	4.689983
213.213257	12.894137	211.757010	4.671310
213.256688	12.908281	211.798937	4.671310
213.298018	12.908281	211.838779	4.671310
213.338587	12.908281	211.880231	4.631862
213.384743	12.906388	211.920171	4.631862
213.423595	12.906388	211.957995	4.631862
213.461907	12.906388	211.998745	4.569147
213.501003	12.909610	212.038592	4.569147
213.543473	12.909610	212.075470	4.569147
213.580399	12.909610	212.113591	4.569147
213.623103	12.909610	212.155609	4.508099
213.661515	12.907261	212.196638	4.508099
213.708928	12.907261	212.235122	4.508099
213.769668	12.907261	212.277331	4.457190
213.813496	12.915727	212.317898	4.457190
213.851305	12.915727	212.389106	4.395574
213.895225	12.915727	212.432786	4.395574
213.935541	12.936246	212.471112	4.395574
213.982899	12.936246	212.510870	4.395574
214.020917	12.936246	212.555273	4.343063
214.062473	12.935834	212.623048	4.343063
214.106901	12.935834	212.665141	4.275787
214.145171	12.935834	212.708728	4.275787
214.187967	12.900918	212.747271	4.275787
214.236462	12.900918	212.787651	4.194159
214.274005	12.900918	212.828715	4.194159
214.317803	12.917344	212.868123	4.194159
214.357430	12.917344	212.907098	4.194159
214.394571	12.917344	212.956365	4.136560
214.432796	12.917344	212.994829	4.136560
214.476727	12.936460	213.062154	4.087855
214.515003	12.936460	213.102560	4.087855
214.556917	12.936460	213.144967	4.087855
214.597036	12.918281	213.187874	4.027323
214.656847	12.918281	213.228442	4.027323
214.696359	12.918281	213.267962	4.027323
214.735648	12.798545	213.304860	4.027323
214.779138	12.798545	213.346546	3.972766
214.818359	12.798545	213.385266	3.972766
214.889408	12.772662	213.422727	3.972766
214.931122	12.772662	213.466207	3.889197
214.968842	12.772662	213.504763	3.889197
215.020867	12.785965	213.542993	3.889197
215.059002	12.785965	213.581419	3.821853
215.128584	12.780787	213.623116	3.821853
215.170000	12.780787	213.663752	3.821853
215.206559	12.780787	213.700916	3.821853
215.246959	12.794792	213.742896	3.767354
215.292562	12.794792	213.784191	3.767354
215.329841	12.794792	213.846662	3.767354
215.368986	12.794792	213.891098	3.716795
215.418657	12.739295	213.930998	3.716795
215.457016	12.739295	213.971210	3.716795
215.494113	12.739295	214.012192	3.640567
215.535916	12.732372	214.081922	3.640567
215.575420	12.732372	214.118601	3.640567
215.613299	12.732372	214.161194	3.583300
215.653279	12.724962	214.202117	3.583300
215.694287	12.724962	214.238745	3.583300
215.730413	12.724962	214.280530	3.527417
215.770832	12.724962	214.324038	3.527417
215.820541	12.692151	214.362507	3.527417
215.860429	12.692151	214.427842	3.491241
215.903120	12.737508	214.470015	3.491241
215.943332	12.737508	214.505885	3.491241
215.985416	12.737508	214.550159	3.422563
216.024832	12.737508	214.591476	3.422563
216.094068	12.716737	214.662725	3.360469
216.135470	12.716737	214.704865	3.360469
216.172642	12.711259	214.746550	3.360469
216.219196	12.711259	214.788334	3.335657
216.258811	12.711259	214.863683	3.335657
216.329653	12.726895	214.901180	3.335657
216.372282	12.726895	214.943749	3.318596
216.408457	12.726895	214.984215	3.318596
216.454157	12.741655	215.020627	3.318596
216.493241	12.741655	215.085081	3.300186
216.550353	12.741655	215.127947	3.300186
216.594862	12.735917	215.164957	3.300186
216.633441	12.735917	215.207755	3.289991
216.675180	12.735917	215.248790	3.289991
216.714978	12.731032	215.321108	3.279030
216.763852	12.731032	215.363127	3.279030
216.799360	12.731032	215.406326	3.279030
216.840443	12.731032	215.444549	3.279030
216.886496	12.733042	215.521097	3.300677
216.926015	12.733042	215.563810	3.300677
216.989858	12.732729	215.605145	3.286856
217.031439	12.732729	215.676713	3.286856
217.068667	12.732729	215.716688	3.302460
217.110725	12.756979	215.757164	3.302460
217.150996	12.756979	215.795125	3.302460
217.188766	12.756979	215.832437	3.302460
217.225942	12.756979	215.874343	3.316616
217.270895	12.778808	215.919539	3.316616
217.311672	12.778808	215.956310	3.316616
217.349540	12.778808	216.023865	3.318283
217.390397	12.750338	216.065946	3.318283
217.431637	12.750338	216.102578	3.318283
217.468703	12.750338	216.148044	3.325813
217.509283	12.768554	216.185775	3.325813
217.550399	12.768554	216.257458	3.347030
217.589710	12.768554	216.302590	3.347030
217.628861	12.768554	216.343509	3.347030
217.672936	12.769178	216.386979	3.372358
217.713552	12.769178	216.424289	3.372358
217.750591	12.769178	216.490673	3.372358
217.795846	12.787153	216.534515	3.368550
217.837502	12.787153	216.573918	3.368550
217.876211	12.787153	216.612458	3.368550
217.919454	12.795438	216.650723	3.368550
217.960432	12.795438	216.697089	3.384206
217.999397	12.795438	216.738181	3.384206
218.038523	12.795438	216.778762	3.384206
218.080105	12.801004	216.827250	3.401981
218.120293	12.801004	216.865476	3.401981
218.158380	12.801004	216.928492	3.396888
218.228888	12.789458	216.969405	3.396888
218.269360	12.789458	217.011361	3.396888
218.309216	12.805211	217.050891	3.396888
218.357905	12.805211	217.093601	3.420528
218.403780	12.805211	217.134107	3.420528
218.445445	12.805211	217.171813	3.420528
218.490551	12.850282	217.213814	3.417935
218.527045	12.850282	217.253340	3.417935
218.567039	12.850282	217.291481	3.417935
218.637696	12.833110	217.338030	3.405793
218.676444	12.833110	217.375926	3.405793
218.722266	12.849289	217.441607	3.405793
218.760267	12.849289	217.484340	3.417922
218.803448	12.849289	217.525646	3.417922
218.841510	12.849289	217.589137	3.533209
218.892194	12.863407	217.634317	3.533209
218.929259	12.863407	217.672555	3.533209
218.964073	12.863407	217.716728	4.756180
219.009867	12.877361	217.757535	4.756180
219.049453	12.877361	217.819589	4.756180
219.086762	12.877361	217.863975	4.775215
219.128583	12.888457	217.906077	4.775215
219.167282	12.888457	217.947249	4.775215
219.206445	12.888457	217.984550	4.778763
219.273529	12.899276	218.041320	4.778763
219.313341	12.899276	218.079947	4.778763
219.351570	12.899276	218.119863	4.763931
219.393901	12.890320	218.158245	4.763931
219.435524	12.890320	218.197667	4.763931
219.472162	12.890320	218.234901	4.763931
219.514440	12.890770	218.278858	4.759310
219.552146	12.890770	218.317122	4.759310
219.591176	12.890770	218.357828	4.759310
219.628691	12.890770	218.402149	4.790637
219.673755	12.897428	218.442199	4.790637
219.709696	12.897428	218.482723	4.790637
219.746409	12.897428	218.526530	4.762043
219.811611	12.892955	218.566433	4.762043
219.850496	12.892955	218.632858	4.762043
219.891202	12.892955	218.673518	4.763600
219.934918	12.904512	218.717334	4.763600
219.971187	12.904512	218.759635	4.763600
220.011838	12.904512	218.801005	4.718405
220.052903	12.900168	218.841314	4.718405
220.120715	12.900168	218.880090	4.718405
220.161323	12.900168	218.920971	4.717681
220.200165	12.891439	218.960820	4.717681
220.242114	12.891439	218.997305	4.717681
220.281026	12.891439	219.033046	4.717681
220.355056	12.911780	219.077748	4.683457
220.395996	12.911780	219.116417	4.683457
220.433795	12.911780	219.157035	4.683457
220.477765	12.925480	219.199100	4.601217
220.517312	12.925480	219.240292	4.601217
220.577836	12.902987	219.281095	4.601217
220.621443	12.902987	219.325838	4.543178
220.658492	12.902987	219.363865	4.543178
220.694211	12.902987	219.432221	4.543178
220.739806	12.775385	219.472770	4.514411
220.779978	12.775385	219.517027	4.514411
220.844748	12.761588	219.559408	4.514411
220.890087	12.761588	219.602993	4.457469
220.926818	12.761588	219.642620	4.457469
220.969172	12.761588	219.679962	4.457469
221.010716	12.760966	219.719824	4.374282
221.077053	12.760966	219.760554	4.374282
221.123083	12.760586	219.798263	4.374282
221.160563	12.760586	219.835307	4.374282
221.205448	12.760586	219.879119	4.319716
221.245633	12.725789	219.920875	4.319716
221.313746	12.725789	219.958275	4.319716
221.354866	12.725789	220.020172	4.268688
221.392391	12.714958	220.057838	4.268688
221.435191	12.714958	220.096708	4.268688
221.474564	12.714958	220.139135	4.187256
221.548759	12.706868	220.178151	4.187256
221.590824	12.706868	220.217595	4.187256
221.627531	12.706868	220.260438	4.139007
221.673514	12.715270	220.301189	4.139007
221.712469	12.715270	220.373950	4.139007
221.782903	12.699881	220.415890	4.074940
221.826105	12.699881	220.459000	4.074940
221.861419	12.699881	220.502308	4.074940
221.908508	12.693014	220.543275	3.999084
221.949844	12.693014	220.584336	3.999084
222.016306	12.693014	220.622602	3.999084
222.060939	12.692474	220.662270	3.946792
222.097711	12.692474	220.700821	3.946792
222.139710	12.692474	220.739514	3.946792
222.176768	12.701449	220.777431	3.946792
222.217758	12.701449	220.818985	3.879767
222.285698	12.701449	220.856435	3.879767
222.330455	12.722025	220.894488	3.879767
222.368755	12.722025	220.938627	3.838855
222.411210	12.722025	220.978337	3.838855
222.450962	12.716610	221.047144	3.838855
222.500310	12.716610	221.089821	3.769169
222.537927	12.716610	221.125962	3.769169
222.578677	12.696770	221.166667	3.769169
222.623563	12.696770	221.208627	3.742459
222.661051	12.696770	221.281904	3.742459
222.701667	12.720762	221.327727	3.688165
222.756015	12.720762	221.368223	3.688165
222.792482	12.720762	221.407165	3.688165
222.838150	12.717750	221.444925	3.688165
222.877882	12.717750	221.512658	3.658124
222.941996	12.717750	221.550762	3.658124
222.984872	12.740443	221.591633	3.647478
223.025327	12.740443	221.631741	3.647478
223.068626	12.740443	221.670502	3.647478
223.109928	12.734664	221.708717	3.623393
223.174848	12.734664	221.753291	3.623393
223.214227	12.734664	221.790565	3.623393
223.256218	12.723300	221.858613	3.588239
223.298899	12.723300	221.900365	3.588239
223.338070	12.723300	221.942828	3.588239
223.401491	12.726476	221.981088	3.589202
223.444777	12.726476	222.047805	3.589202
223.482174	12.726476	222.084669	3.589202
223.528001	12.740954	222.125369	3.583906
223.568874	12.740954	222.163900	3.583906
223.636434	12.762123	222.201835	3.583906
223.681083	12.762123	222.238321	3.583906
223.718357	12.762123	222.285811	3.581033
223.758482	12.762123	222.324125	3.581033
223.800760	12.777705	222.390424	3.587402
223.868480	12.777705	222.434786	3.587402
223.913438	12.758922	222.473295	3.587402
223.955395	12.758922	222.532320	3.583850
223.996971	12.758922	222.573155	3.583850
224.035172	12.792198	222.610150	3.583850
224.083640	12.792198	222.648018	3.583850
224.121707	12.792198	222.694941	3.588069
224.163858	12.792198	222.735590	3.588069
224.204945	12.769185	222.801277	3.601920
224.277348	12.769185	222.842475	3.601920
224.323154	12.816268	222.880527	3.601920
224.361805	12.816268	222.924419	3.604384
224.405056	12.816268	222.962167	3.604384
224.445535	12.798585	223.031703	3.604384
224.491400	12.798585	223.074625	3.606953
224.527804	12.798585	223.116290	3.606953
224.568541	12.798585	223.156666	3.606953
224.617336	12.825199	223.197511	3.600231
224.682478	12.825199	223.250683	3.600231
224.726750	12.828144	223.287216	3.600231
224.764043	12.828144	223.328887	3.614320
224.807676	12.828144	223.368973	3.614320
224.849327	12.854602	223.405875	3.614320
224.898248	12.854602	223.444030	3.614320
224.934591	12.854602	223.488873	3.628448
224.974088	12.878123	223.532708	3.628448
225.017452	12.878123	223.570326	3.628448
225.057263	12.878123	223.614266	3.625780
225.124905	12.866577	223.651160	3.625780
225.165536	12.866577	223.690230	3.625780
225.202377	12.866577	223.734838	3.627091
225.244736	12.872965	223.776522	3.627091
225.286398	12.872965	223.842143	3.627091
225.323459	12.872965	223.885482	3.642457
225.361052	12.872965	223.923997	3.642457
225.404912	12.849801	223.963893	3.642457
225.444797	12.849801	224.004036	3.645805
225.480688	12.849801	224.062566	3.645805
225.525102	12.877589	224.101802	3.645805
225.564993	12.877589	224.145084	3.683401
225.602109	12.877589	224.183691	3.683401
225.643503	12.887854	224.221050	3.683401
225.683706	12.887854	224.262469	3.658372
225.721408	12.887854	224.311514	3.658372
225.760207	12.887854	224.349489	3.658372
225.802536	12.864607	224.422609	3.672646
225.848114	12.864607	224.462299	3.672646
225.885016	12.864607	224.499522	3.672646
225.930670	12.884406	224.543114	3.683198
225.972245	12.884406	224.583144	3.683198
226.048832	12.882740	224.656124	3.670454
226.091935	12.882740	224.701141	3.670454
226.129548	12.882740	224.740239	3.670454
226.171095	12.882740	224.781261	3.670454
226.211691	12.882155	224.820613	3.753894
226.279753	12.882155	224.885237	3.753894
226.322656	12.884631	224.924901	4.539504
226.359716	12.884631	224.964046	4.539504
226.399280	12.884631	225.003014	4.539504
226.442293	12.882845	225.040710	4.539504
226.480722	12.882845	225.085274	4.548318
226.524012	12.882845	225.129992	4.548318
226.561582	12.882845	225.170046	4.548318
226.612624	12.742778	225.249773	4.548389
226.649426	12.742778	225.290995	4.548389
226.684704	12.742778	225.335909	4.563999
226.726955	12.759550	225.378789	4.563999
226.765473	12.759550	225.435230	4.563999
226.805547	12.759550	225.474359	4.540526
226.847727	12.765829	225.515713	4.540526
226.889858	12.765829	225.554995	4.540526
226.926961	12.765829	225.595010	4.533322
226.965414	12.765829	225.635559	4.533322
227.011164	12.743555	225.673821	4.533322
227.049411	12.743555	225.714090	4.533882
227.087996	12.743555	225.758947	4.533882
227.143962	12.714803	225.798156	4.533882
227.183122	12.714803	225.860149	4.527165
227.222518	12.714803	225.903934	4.527165
227.263375	12.700134	225.941379	4.527165
227.307738	12.700134	225.983227	4.519882
227.343669	12.700134	226.023650	4.519882
227.389446	12.686187	226.091739	4.519882
227.428164	12.686187	226.137475	4.496540
227.500365	12.697364	226.176957	4.496540
227.546616	12.697364	226.216687	4.496540
227.586072	12.697364	226.257411	4.483449
227.625938	12.697364	226.329357	4.483449
227.668098	12.678657	226.370277	4.483449
227.735267	12.678657	226.412135	4.425014
227.774055	12.678657	226.450762	4.425014
227.814942	12.672748	226.486887	4.425014
227.852458	12.672748	226.530397	4.400434
227.891318	12.672748	226.572288	4.400434
227.931900	12.681825	226.612952	4.400434
227.971667	12.681825	226.678113	4.382785
228.011160	12.681825	226.722976	4.382785
228.056694	12.673562	226.761750	4.382785
228.093103	12.673562	226.801515	4.335053
228.135674	12.673562	226.839433	4.335053
228.173375	12.700345	226.878325	4.335053
228.223821	12.700345	226.922394	4.284721
228.262413	12.700345	226.960539	4.284721
228.299653	12.700345	227.026703	4.284721
228.342843	12.686568	227.068638	4.250990
228.383274	12.686568	227.113107	4.250990
228.424316	12.686568	227.156658	4.250990
228.465992	12.701162	227.197252	4.228559
228.506211	12.701162	227.238360	4.228559
228.544508	12.701162	227.276289	4.228559
228.596994	12.680454	227.318232	4.203808
228.636559	12.680454	227.356874	4.203808
228.676202	12.680454	227.395969	4.203808
228.718240	12.704085	227.434287	4.203808
228.760723	12.704085	227.475214	4.146336
228.796281	12.704085	227.514491	4.146336
228.840768	12.713229	227.553574	4.146336
228.881082	12.713229	227.599947	4.100710
228.938323	12.713229	227.640947	4.100710
228.981980	12.703352	227.702979	4.100710
229.023082	12.703352	227.747469	4.068632
229.066115	12.703352	227.785421	4.068632
229.106098	12.708701	227.824717	4.068632
229.151524	12.708701	227.868460	4.010023
229.188666	12.708701	227.936492	4.010023
229.231557	12.715139	227.978373	4.010023
229.276870	12.715139	228.020595	3.994778
229.344325	12.715139	228.062556	3.994778
229.388115	12.732841	228.101566	3.994778
229.426498	12.732841	228.172531	3.954343
229.470352	12.732841	228.209804	3.954343
229.509973	12.729215	228.250299	3.907671
229.561363	12.729215	228.288955	3.907671
229.596964	12.729215	228.325564	3.907671
229.639221	12.737160	228.363844	3.907671
229.685688	12.737160	228.412216	3.857404
229.724591	12.737160	228.449714	3.857404
229.799716	12.735670	228.512429	3.822450
229.839677	12.735670	228.552472	3.822450
229.876070	12.735670	228.596560	3.822450
229.918247	12.754288	228.638132	3.797365
229.960253	12.754288	228.683944	3.797365
229.998671	12.754288	228.722695	3.797365
230.041427	12.763880	228.762239	3.797365
230.078452	12.763880	228.804466	3.776377
230.119139	12.763880	228.845869	3.776377
230.156885	12.763880	228.885010	3.776377
230.197707	12.778624	228.925927	3.736385
230.237695	12.778624	228.963653	3.736385
230.277926	12.778624	228.999965	3.736385
230.318120	12.778487	229.037761	3.685277
230.365614	12.778487	229.080700	3.685277
230.407979	12.778487	229.118830	3.685277
230.474876	12.790064	229.155921	3.685277
230.517322	12.790064	229.197474	3.680155
230.554845	12.790064	229.237275	3.680155
230.598776	12.803132	229.299347	3.680155
230.640102	12.803132	229.342449	3.662689
230.703212	12.827197	229.384167	3.662689
230.746993	12.827197	229.424348	3.662689
230.784224	12.827197	229.470238	3.624066
230.823334	12.827197	229.536026	3.624066
230.869831	12.841423	229.575265	3.624066
230.909966	12.841423	229.616673	3.614864
230.982626	12.814754	229.655467	3.614864
231.025906	12.814754	229.692250	3.614864
231.066755	12.814754	229.735424	3.608710
231.106566	12.840253	229.780350	3.608710
231.148875	12.840253	229.818832	3.608710
231.189162	12.840253	229.893532	3.613210
231.226934	12.840253	229.933855	3.613210
231.271525	12.855166	229.970540	3.613210
231.310502	12.855166	230.017845	3.620452
231.345743	12.855166	230.057178	3.620452
231.387321	12.855069	230.133344	3.607462
231.428990	12.855069	230.174998	3.607462
231.466115	12.855069	230.219903	3.607462
231.506531	12.847910	230.262790	3.619818
231.548423	12.847910	230.335093	3.619818
231.586953	12.847910	230.373341	3.619818
231.625982	12.847910	230.416568	3.649148
231.668913	12.853718	230.461198	3.649148
231.710500	12.853718	230.500046	3.649148
231.746285	12.853718	230.571037	3.678658
231.790258	12.858392	230.610684	3.678658
231.832072	12.858392	230.653244	3.706596
231.903977	12.871876	230.694449	3.706596
231.947922	12.871876	230.733438	3.706596
231.985502	12.871876	230.790631	3.727588
232.028096	12.860798	230.830453	3.727588
232.069411	12.860798	230.868783	3.727588
232.107924	12.860798	230.906485	3.727588
232.168383	12.860798	230.947750	3.774780
232.209523	12.844218	230.986259	3.774780
232.250268	12.844218	231.023694	3.774780
232.289332	12.844218	231.071472	3.798366
232.333288	12.853020	231.110063	3.798366
232.372464	12.853020	231.176601	3.798366
232.410398	12.853020	231.219218	3.836477
232.458058	12.869881	231.260561	3.836477
232.498116	12.869881	231.302028	3.836477
232.541738	12.869881	231.345352	3.866898
232.579712	12.735552	231.386675	3.866898
232.630729	12.735552	231.424385	3.866898
232.667082	12.735552	231.467387	3.881407
232.706686	12.744690	231.505497	3.881407
232.751758	12.744690	231.542494	3.881407
232.790164	12.744690	231.578691	3.881407
232.831911	12.705832	231.620574	3.895655
232.877495	12.705832	231.658178	3.895655
232.915006	12.705832	231.697653	3.895655
232.986207	12.712951	231.744381	3.925778
233.026264	12.712951	231.784024	3.925778
233.067122	12.712951	231.853991	3.937131
233.109377	12.694214	231.894942	3.937131
233.153096	12.694214	231.932325	3.937131
233.197184	12.694214	231.970713	3.937131
233.237499	12.692979	232.014054	3.958386
233.314287	12.692979	232.087746	3.958386
233.351005	12.692979	232.129519	4.052238
233.400904	12.675191	232.168382	4.052238
233.439883	12.675191	232.205413	4.052238
233.482198	12.675191	232.244647	4.324760
233.522192	12.647022	232.291149	4.324760
233.572657	12.647022	232.329846	4.324760
233.609719	12.647022	232.402249	4.327888
233.651322	12.669638	232.443228	4.327888
233.719402	12.669638	232.479750	4.327888
233.759435	12.649144	232.523839	4.340022
233.801673	12.649144	232.562499	4.340022
233.842044	12.649144	232.620376	4.340022
233.878173	12.649144	232.662674	4.329165
233.920718	12.674966	232.702927	4.329165
233.962428	12.674966	232.740685	4.329165
234.000072	12.674966	232.780239	4.329165
234.043140	12.664929	232.823522	4.312730
234.081987	12.664929	232.864257	4.312730
234.120809	12.664929	232.907110	4.312730
234.163512	12.646417	232.957853	4.330270
234.205285	12.646417	232.996509	4.330270
234.248720	12.646417	233.036701	4.330270
234.286723	12.646417	233.076346	4.316438
234.334291	12.673451	233.116801	4.316438
234.371507	12.673451	233.159399	4.316438
234.407396	12.673451	233.200588	4.308325
234.450016	12.668609	233.266335	4.308325
234.489794	12.668609	233.304185	4.308325
234.528464	12.668609	233.346089	4.297425
234.570401	12.673002	233.384801	4.297425
234.610308	12.673002	233.427552	4.297425
234.648336	12.673002	233.471519	4.271307
234.719827	12.684737	233.543222	4.271307
234.759731	12.684737	233.580259	4.271307
234.797276	12.684737	233.619616	4.282265
234.839078	12.683131	233.656892	4.282265
234.879958	12.683131	233.696393	4.282265
234.918753	12.683131	233.740828	4.272221
234.958416	12.674626	233.781716	4.272221
234.998584	12.674626	233.856845	4.236709
235.038274	12.674626	233.900883	4.236709
235.074903	12.674626	233.937855	4.236709
235.119076	12.690030	233.980019	4.203971
235.161425	12.690030	234.019618	4.203971
235.197952	12.690030	234.086560	4.203971
235.239729	12.705367	234.129450	4.186080
235.281166	12.705367	234.171293	4.186080
235.319891	12.705367	234.209552	4.186080
235.361355	12.699058	234.250919	4.178110
235.402495	12.699058	234.308550	4.178110
235.444159	12.699058	234.345616	4.178110
235.482172	12.699058	234.384764	4.148453
235.529010	12.713312	234.426955	4.148453
235.567151	12.713312	234.467316	4.148453
235.639632	12.722172	234.506229	4.148453
235.683162	12.722172	234.559773	4.151440
235.720250	12.722172	234.599683	4.151440
235.765333	12.722146	234.680089	4.129853
235.806422	12.722146	234.721122	4.129853
235.873053	12.722146	234.756445	4.129853
235.914352	12.729219	234.800953	4.110028
235.955408	12.729219	234.842019	4.110028
235.995223	12.729219	234.908069	4.099355
236.035775	12.734423	234.949754	4.099355
236.076041	12.734423	234.991084	4.099355
236.113618	12.734423	235.033309	4.099355
236.153007	12.734423	235.073991	4.079722
236.195586	12.747640	235.145477	4.079722
236.234528	12.747640	235.184811	4.073002
236.275211	12.747640	235.226939	4.073002
236.316678	12.752205	235.267624	4.073002
236.366371	12.752205	235.305027	4.073002
236.402615	12.752205	235.351358	4.041526
236.442846	12.760958	235.389464	4.041526
236.487819	12.760958	235.428704	4.041526
236.525821	12.760958	235.475689	4.054900
236.570195	12.811628	235.534076	4.054900
236.624525	12.811628	235.571242	4.054900
236.660686	12.811628	235.612013	4.025197
236.700141	12.811628	235.651765	4.025197
236.742254	12.778228	235.689322	4.025197
236.780299	12.778228	235.732012	4.009633
236.819319	12.778228	235.769957	4.009633
236.863840	12.810507	235.808909	4.009633
236.904537	12.810507	235.854063	4.004053
236.945806	12.810507	235.892045	4.004053
236.991334	12.811332	235.953355	4.004053
237.030803	12.811332	235.994514	3.983306
237.071483	12.811332	236.038282	3.983306
237.110221	12.834260	236.079749	3.983306
237.152954	12.834260	236.120790	3.956120
237.192695	12.834260	236.162810	3.956120
237.232029	12.825368	236.200304	3.956120
237.272316	12.825368	236.239482	3.953123
237.311089	12.825368	236.280943	3.953123
237.348072	12.825368	236.319159	3.953123
237.394766	12.823225	236.356163	3.953123
237.433779	12.823225	236.402982	3.948015
237.499315	12.823225	236.440894	3.948015
237.550013	12.831282	236.482752	3.948015
237.589505	12.831282	236.525657	3.921960
237.628832	12.846210	236.573433	3.921960
237.669027	12.846210	236.615075	3.921960
237.708980	12.846210	236.659794	3.926718
237.746947	12.846210	236.699858	3.926718
237.792219	12.841589	236.769418	3.926718
237.828476	12.841589	236.809453	3.914107
237.871473	12.841589	236.852073	3.914107
237.910499	12.840518	236.893227	3.914107
237.961764	12.840518	236.936766	3.892985
237.997639	12.840518	236.978158	3.892985
238.038358	12.834757	237.016350	3.892985
238.084256	12.834757	237.056751	3.924605
238.123427	12.834757	237.096673	3.924605
238.165296	12.839521	237.135965	3.924605
238.235188	12.839521	237.172718	3.924605
238.272907	12.839521	237.218718	3.901432
238.318039	12.839128	237.259191	3.901432
238.360147	12.839128	237.295839	3.901432
238.396940	12.839128	237.363637	3.890235
238.436343	12.853321	237.401340	3.890235
238.478910	12.853321	237.441504	3.904796
238.518986	12.853321	237.483074	3.904796
238.557292	12.717173	237.520717	3.904796
238.601456	12.717173	237.559381	3.904796
238.671910	12.717173	237.609888	3.899408
238.711172	12.712110	237.649522	3.899408
238.752088	12.712110	237.722291	3.903513
238.791065	12.712110	237.762632	3.903513
238.828337	12.712110	237.803714	3.903513
238.868290	12.697705	237.849861	3.897471
238.907412	12.697705	237.891981	3.897471
238.945319	12.697705	237.931715	3.897471
238.991190	12.683246	237.968967	3.897471
239.028522	12.683246	238.008963	3.912057
239.066794	12.683246	238.048605	3.912057
239.133061	12.713715	238.087057	3.912057
239.171885	12.713715	238.129287	3.891262
239.209741	12.713715	238.167076	3.891262
239.250427	12.672099	238.204801	3.891262
239.291049	12.672099	238.245549	3.916423
239.328886	12.672099	238.285627	3.916423
239.370041	12.642727	238.324022	3.916423
239.408421	12.642727	238.364787	3.916423
239.447148	12.642727	238.413319	3.918129
239.485395	12.642727	238.486353	3.918129
239.525629	12.628049	238.526788	3.899612
239.567164	12.628049	238.569181	3.899612
239.607165	12.628049	238.611094	3.899612
239.648503	12.646509	238.652811	3.920877
239.690485	12.646509	238.693195	3.920877
239.728509	12.646509	238.732421	3.920877
239.800414	12.663205	238.770206	3.920877
239.841702	12.663205	238.810622	3.927703
239.878610	12.663205	238.851042	3.927703
239.923667	12.643877	238.887492	3.927703
239.962226	12.643877	238.929427	3.930355
240.035264	12.650990	238.971761	3.930355
240.078509	12.650990	239.008317	3.930355
240.118818	12.650990	239.069414	3.937365
240.158974	12.621018	239.107659	3.937365
240.208182	12.621018	239.144442	3.937365
240.245107	12.621018	239.182755	3.956053
240.316925	12.652124	239.223031	3.956053
240.358366	12.652124	239.263334	3.956053
240.395177	12.652124	239.305882	3.956053
240.437282	12.653305	239.349335	3.974797
240.479486	12.653305	239.390159	3.974797
240.516778	12.653305	239.428199	3.974797
240.555270	12.653305	239.472893	4.097826
240.606361	12.655925	239.514791	4.097826
240.644184	12.655925	239.552768	4.097826
240.681845	12.655925	239.627442	4.334870
240.723302	12.642271	239.666597	4.334870
240.765030	12.642271	239.705018	4.334870
240.804271	12.642271	239.747015	4.330303
240.845458	12.672386	239.784171	4.330303
240.885859	12.672386	239.822329	4.330303
240.925052	12.672386	239.869659	4.291111
240.966672	12.678130	239.907808	4.291111
241.008471	12.678130	239.971231	4.244971
241.047780	12.678130	240.012624	4.244971
241.084733	12.678130	240.055254	4.244971
241.125650	12.679472	240.096571	4.244971
241.167165	12.679472	240.138989	4.224606
241.205955	12.679472	240.184425	4.224606
241.247332	12.687161	240.225557	4.224606
241.285554	12.687161	240.274800	4.202297
241.328094	12.687161	240.320066	4.202297
241.368663	12.690940	240.363467	4.202297
241.441776	12.690940	240.420110	4.150338
241.480335	12.690940	240.460642	4.150338
241.525175	12.695241	240.524470	4.111688
241.567781	12.695241	240.571785	4.111688
241.603483	12.695241	240.614231	4.111688
241.647491	12.725069	240.679834	4.064679
241.687819	12.725069	240.720841	4.064679
241.751512	12.725069	240.764858	4.064679
241.795407	12.698420	240.808425	4.038689
241.832667	12.698420	240.850531	4.038689
241.874952	12.698420	240.889866	4.038689
241.918340	12.711238	240.938365	4.043610
241.961990	12.711238	240.976643	4.043610
242.044732	12.713960	241.051563	4.011782
242.089970	12.713960	241.091906	4.011782
242.129380	12.713960	241.134081	4.011782
242.180387	12.720212	241.178581	4.019897
242.229117	12.720212	241.218971	4.019897
242.299783	12.740058	241.258476	4.019897
242.343623	12.740058	241.298326	4.019897
242.383815	12.740058	241.342440	4.010548
242.433054	12.762788	241.381051	4.010548
242.477468	12.762788	241.417504	4.010548
242.521832	12.762788	241.465901	4.021097
242.599799	12.753436	241.502605	4.021097
242.641064	12.753436	241.561032	4.021097
242.678782	12.753436	241.606890	4.015212
242.726742	12.760969	241.647242	4.015212
242.770837	12.760969	241.705042	4.015212
242.833019	12.792353	241.748893	4.019525
242.876811	12.792353	241.788102	4.019525
242.912930	12.792353	241.829885	4.019525
242.951205	12.792353	241.875145	4.022169
242.998838	12.795356	241.943763	4.022169
243.038556	12.795356	241.987193	4.038983
243.102970	12.801350	242.029879	4.038983
243.144494	12.801350	242.071355	4.038983
243.182299	12.801350	242.112302	4.046092
243.221066	12.801350	242.174710	4.046092
243.266627	12.798275	242.212921	4.046092
243.309356	12.798275	242.253750	4.049898
243.347600	12.798275	242.294824	4.049898
243.394161	12.787525	242.335775	4.049898
243.459624	12.787525	242.378658	4.053108
243.498083	12.787525	242.423760	4.053108
243.544168	12.820806	242.464401	4.053108
243.583632	12.820806	242.536371	4.069261
243.624982	12.820806	242.578279	4.069261
243.665425	12.833850	242.619052	4.069261
243.706712	12.833850	242.661606	4.095885
243.746240	12.833850	242.700113	4.095885
243.791488	12.815607	242.739576	4.095885
243.830761	12.815607	242.787946	4.094685
243.877668	12.815607	242.826006	4.094685
243.919387	12.806668	242.895334	4.094685
243.970790	12.806668	242.938021	4.107517
244.008095	12.806668	242.981359	4.107517
244.051877	12.828138	243.023552	4.107517
244.098787	12.828138	243.068674	4.109131
244.139222	12.828138	243.115474	4.109131
244.189895	12.829256	243.155213	4.109131
244.244768	12.829256	243.196921	4.133247
244.282642	12.829256	243.236845	4.133247
244.327692	12.832625	243.275751	4.133247
244.371974	12.832625	243.316915	4.122540
244.409583	12.832625	243.358413	4.122540
244.451309	12.826296	243.396586	4.122540
244.493970	12.826296	243.435741	4.146530
244.531125	12.826296	243.487856	4.146530
244.573924	12.696553	243.527177	4.146530
244.611998	12.696553	243.590385	4.159895
244.650825	12.696553	243.630769	4.159895
244.688489	12.696553	243.667557	4.159895
244.728800	12.675593	243.708312	4.161685
244.770369	12.675593	243.756435	4.161685
244.818235	12.675593	243.824824	4.161685
244.858236	12.698801	243.868341	4.171771
244.901423	12.698801	243.909853	4.171771
244.943860	12.698801	243.949516	4.171771
244.985531	12.686202	243.996292	4.173399
245.057181	12.686202	244.046496	4.173399
245.096966	12.686202	244.084237	4.173399
245.138920	12.665859	244.124235	4.182596
245.177128	12.665859	244.165006	4.182596
245.216728	12.665859	244.202662	4.182596
245.260860	12.650774	244.243027	4.187871
245.299484	12.650774	244.287776	4.187871
245.342092	12.650774	244.325965	4.187871
245.384351	12.635109	244.390887	4.172122
245.446098	12.635109	244.433587	4.172122
245.484340	12.635109	244.469110	4.172122
245.530231	12.626710	244.510462	4.152652
245.570942	12.626710	244.551178	4.152652
245.613800	12.626710	244.625251	4.152652
245.657093	12.615685	244.668354	4.168509
245.702761	12.615685	244.707560	4.168509
245.739553	12.615685	244.748795	4.168509
245.786131	12.597943	244.795968	4.184590
245.827044	12.597943	244.847907	4.184590
245.887062	12.612759	244.886029	4.184590
245.931702	12.612759	244.925675	4.156059
245.969221	12.612759	244.965941	4.156059
246.010245	12.612759	245.003964	4.156059
246.052047	12.627946	245.048290	4.163723
246.120049	12.627946	245.090126	4.163723
246.163330	12.640313	245.129564	4.163723
246.202633	12.640313	245.173467	4.152111
246.246075	12.640313	245.212119	4.152111
246.284226	12.625901	245.278349	4.152111
246.333754	12.625901	245.318578	4.146647
246.371607	12.625901	245.362322	4.146647
246.406419	12.625901	245.403727	4.146647
246.451306	12.622041	245.444472	4.162237
246.492483	12.622041	245.488155	4.162237
246.530645	12.622041	245.527021	4.162237
246.581887	12.636968	245.564623	4.142086
246.621690	12.636968	245.605036	4.142086
246.659864	12.636968	245.645607	4.142086
246.702108	12.622425	245.683213	4.142086
246.744718	12.622425	245.725098	4.147680
246.780777	12.622425	245.768325	4.147680
246.822570	12.622425	245.806301	4.147680
246.867052	12.651086	245.871827	4.150943
246.909388	12.651086	245.910573	4.150943
246.948256	12.651086	245.950295	4.150943
246.990437	12.641580	245.990563	4.158718
247.030347	12.641580	246.030019	4.158718
247.069637	12.641580	246.068550	4.158718
247.112718	12.651549	246.111256	4.168404
247.151121	12.651549	246.157373	4.168404
247.192032	12.651549	246.198859	4.168404
247.230354	12.650568	246.237046	4.168404
247.276119	12.650568	246.276688	4.162986
247.315029	12.650568	246.319299	4.162986
247.379434	12.652162	246.361037	4.162986
247.420458	12.652162	246.401920	4.160793
247.457287	12.652162	246.465632	4.160793
247.500527	12.686188	246.502001	4.160793
247.542419	12.686188	246.547141	4.162754
247.579887	12.686188	246.585173	4.162754
247.617651	12.686188	246.625546	4.162754
247.662274	12.674752	246.667187	4.224252
247.705565	12.674752	246.730831	4.224252
247.741850	12.674752	246.774509	4.265833
247.791999	12.671477	246.816431	4.265833
247.829944	12.671477	246.856373	4.265833
247.873098	12.671477	246.894587	4.265833
247.911115	12.695905	246.967216	3.990826
247.950108	12.695905	247.005403	3.990826
248.019632	12.695905	247.047002	3.971429
248.061930	12.692607	247.088636	3.971429
248.104412	12.692607	247.125086	3.971429
248.144243	12.692607	247.164192	3.961972
248.183464	12.712037	247.209677	3.961972
248.223526	12.712037	247.250309	3.961972
248.263862	12.712037	247.324520	3.972264
248.305967	12.710403	247.366247	3.972264
248.344024	12.710403	247.408147	3.972264
248.382328	12.710403	247.452877	3.962166
248.425076	12.710403	247.494168	3.962166
248.465550	12.725225	247.536506	3.962166
248.532338	12.725225	247.577451	3.937090
248.573291	12.726896	247.616281	3.937090
248.611907	12.726896	247.656166	3.937090
248.652610	12.726896	247.694678	3.937090
248.693045	12.757763	247.742269	3.955061
248.766578	12.757763	247.781619	3.955061
248.807703	12.757763	247.850972	3.936627
248.849229	12.774011	247.895623	3.936627
248.892018	12.774011	247.934269	3.936627
248.929777	12.774011	247.994991	3.940205
249.000990	12.762477	248.034499	3.940205
249.043436	12.762477	248.071036	3.940205
249.080584	12.762477	248.111157	3.932210
249.126056	12.780618	248.156907	3.932210
249.167012	12.780618	248.195946	3.932210
249.237727	12.784803	248.259976	3.917822
249.282107	12.784803	248.302454	3.917822
249.318264	12.784803	248.338763	3.917822
249.361543	12.783630	248.383405	3.935804
249.404432	12.783630	248.422101	3.935804
249.469850	12.783630	248.493219	3.935804
249.513737	12.796724	248.536281	3.958796
249.550912	12.796724	248.576654	3.958796
249.587068	12.796724	248.617095	3.958796
249.630720	12.797122	248.662800	3.959727
249.672120	12.797122	248.716529	3.959727
249.735119	12.797122	248.754038	3.959727
249.781379	12.788660	248.796086	3.943340
249.820424	12.788660	248.836469	3.943340
249.863822	12.788660	248.876538	3.943340
249.904799	12.787029	248.915156	3.952003
249.972131	12.787029	248.960074	3.952003
250.013848	12.787029	248.997538	3.952003
250.058384	12.813469	249.058745	3.968849
250.100502	12.813469	249.100923	3.968849
250.138629	12.813469	249.137282	3.968849
250.210875	12.809119	249.181450	3.988808
250.251637	12.809119	249.220468	3.988808
250.291180	12.787444	249.276526	3.988808
250.332144	12.787444	249.314612	4.002089
250.374207	12.787444	249.356427	4.002089
250.413128	12.787444	249.395036	4.002089
250.460162	12.808654	249.432992	4.002089
250.497386	12.808654	249.476549	3.989614
250.542144	12.808654	249.520458	3.989614
250.581930	12.777112	249.559980	3.989614
250.626136	12.777112	249.634574	4.022186
250.665182	12.777112	249.675727	4.022186
250.740815	12.693481	249.717668	4.020042
250.781841	12.693481	249.758792	4.020042
250.820253	12.693481	249.799578	4.020042
250.866766	12.666978	249.859792	4.056079
250.906428	12.666978	249.900418	4.056079
250.976552	12.643298	249.939986	4.056079
251.019727	12.643298	249.981604	4.061178
251.056229	12.643298	250.022130	4.061178
251.101070	12.663773	250.061099	4.061178
251.141045	12.663773	250.103976	4.061178
251.208399	12.663773	250.151082	4.066103
251.254097	12.643819	250.192205	4.066103
251.292718	12.643819	250.229980	4.066103
251.336471	12.643819	250.273554	4.099498
251.377586	12.625036	250.313076	4.099498
251.426111	12.625036	250.352287	4.099498
251.462879	12.625036	250.397926	4.112829
251.504683	12.605159	250.437138	4.112829
251.549415	12.605159	250.513723	4.168542
251.588721	12.605159	250.557843	4.168542
251.651479	12.604857	250.595015	4.168542
251.692151	12.604857	250.636892	4.190660
251.727704	12.604857	250.679136	4.190660
251.770376	12.599861	250.746117	4.190660
251.812559	12.599861	250.790891	4.219631
251.851567	12.599861	250.831700	4.219631
251.891393	12.581328	250.872490	4.219631
251.935028	12.581328	250.911189	4.235813
251.974985	12.581328	250.981613	4.235813
252.013882	12.581328	251.019694	4.235813
252.057714	12.604370	251.065137	4.267465
252.096215	12.604370	251.105929	4.267465
252.135458	12.604370	251.144565	4.267465
252.178165	12.594231	251.187622	4.312130
252.219397	12.594231	251.229361	4.312130
252.256128	12.594231	251.267874	4.312130
252.299026	12.603874	251.340654	4.313746
252.342186	12.603874	251.379981	4.313746
252.379050	12.603874	251.417638	4.313746
252.416375	12.603874	251.462126	4.341183
252.460159	12.606007	251.500958	4.341183
252.498924	12.606007	251.540087	4.341183
252.536763	12.606007	251.587662	4.342844
252.579228	12.607225	251.624697	4.342844
252.624054	12.607225	251.694276	4.342844
252.660584	12.607225	251.736048	4.356679
252.728650	12.617685	251.779792	4.356679
252.767788	12.617685	251.820329	4.356679
252.807759	12.617685	251.863302	4.390266
252.849357	12.622554	251.927082	4.390266
252.887808	12.622554	251.967308	4.385293
252.927096	12.622554	252.007806	4.385293
252.972139	12.595050	252.048706	4.385293
253.009799	12.595050	252.086335	4.385293
253.047600	12.595050	252.128943	4.372663
253.089674	12.618284	252.167011	4.372663
253.131367	12.618284	252.206190	4.372663
253.198593	12.618284	252.250840	4.387420
253.240608	12.643460	252.288306	4.387420
253.281269	12.643460	252.350831	4.387420
253.321669	12.643460	252.400895	4.393974
253.363399	12.635415	252.444616	4.393974
253.408288	12.635415	252.485990	4.393974
253.446761	12.635415	252.529156	4.353434
253.487778	12.627387	252.569470	4.353434
253.535299	12.627387	252.609096	4.353434
253.573973	12.627387	252.651382	4.354594
253.636280	12.640095	252.692816	4.354594
253.678409	12.640095	252.732754	4.354594
253.714430	12.640095	252.771157	4.349711
253.757407	12.660484	252.814285	4.349711
253.799351	12.660484	252.852214	4.349711
253.869839	12.660484	252.890862	4.349711
253.913380	12.673620	252.935667	4.330743
253.951927	12.673620	252.974385	4.330743
253.992453	12.673620	253.042638	4.305548
254.034525	12.681084	253.085792	4.305548
254.103984	12.681084	253.121578	4.305548
254.144757	12.681084	253.163217	4.324509
254.184146	12.656285	253.212399	4.324509
254.227384	12.656285	253.276296	4.324509
254.267191	12.656285	253.319530	4.316595
254.341126	12.695057	253.358891	4.316595
254.382231	12.695057	253.398890	4.316595
254.418171	12.695057	253.438817	4.303387
254.466991	12.681050	253.510479	4.303387
254.503805	12.681050	253.548290	4.303387
254.562961	12.720051	253.589606	4.323502
254.604335	12.720051	253.631474	4.323502
254.641446	12.720051	253.669206	4.323502
254.680655	12.720051	253.710464	4.303340
254.719975	12.721470	253.754194	4.303340
254.763313	12.721470	253.791251	4.303340
254.801503	12.721470	253.857571	4.333363
254.845135	12.735125	253.898635	4.333363
254.883998	12.735125	253.939238	4.333363
254.955051	12.730974	253.981722	4.328988
254.998830	12.730974	254.021863	4.328988
255.035738	12.730974	254.060182	4.328988
255.077277	12.730974	254.104589	4.366156
255.121118	12.745482	254.146001	4.366156
255.187341	12.745482	254.216146	4.366156
255.225715	12.745482	254.259073	4.437767
255.267188	12.776941	254.303417	4.437767
255.304407	12.776941	254.344973	4.437767
255.343637	12.776941	254.385499	3.630779
255.386834	12.759519	254.447927	3.630779
255.426134	12.759519	254.487001	3.630779
255.466601	12.759519	254.527796	3.616531
255.510983	12.770391	254.567019	3.616531
255.548372	12.770391	254.604177	3.616531
255.592118	12.770391	254.645771	3.603015
255.631772	12.763967	254.689267	3.603015
255.682766	12.763967	254.729056	3.603015
255.719115	12.763967	254.772066	3.591416
255.760146	12.763967	254.814700	3.591416
255.809108	12.787558	254.888820	3.591416
255.848648	12.787558	254.935559	3.605680
255.889566	12.790832	254.972073	3.605680
255.932106	12.790832	255.012163	3.605680
255.972497	12.790832	255.054517	3.591752
256.010397	12.790832	255.122069	3.591752
256.065246	12.771913	255.162710	3.591752
256.104851	12.771913	255.212664	3.577519
256.142575	12.771913	255.254705	3.577519
256.187583	12.771473	255.293015	3.567034
256.229756	12.771473	255.359278	3.567034
256.266170	12.771473	255.395942	3.567034
256.312164	12.776693	255.434490	3.567034
256.352489	12.776693	255.475187	3.565560
256.420531	12.776693	255.513986	3.565560
256.466085	12.790800	255.553358	3.565560
256.503422	12.790800	255.599572	3.589231
256.542829	12.790800	255.639008	3.589231
256.585477	12.777799	255.706507	3.622429
256.654972	12.777799	255.747347	3.622429
256.698706	12.776815	255.786026	3.622429
256.739582	12.776815	255.827647	3.622429
256.781456	12.776815	255.869453	3.615115
256.817216	12.776815	255.937483	3.615115
256.867679	12.653692	255.980663	3.647910
256.904611	12.653692	256.021520	3.647910
256.943894	12.653692	256.064370	3.647910
256.989355	12.639099	256.117331	3.700779
257.028146	12.639099	256.174409	3.700779
257.067463	12.639099	256.211558	3.700779
257.111581	12.654308	256.252205	3.709635
257.150168	12.654308	256.293214	3.709635
257.218803	12.654308	256.332742	3.709635
257.261251	12.641749	256.372408	3.744239
257.303718	12.641749	256.417518	3.744239
257.341836	12.641749	256.457091	3.744239
257.383154	12.606637	256.502285	3.769210
257.422404	12.606637	256.542284	3.769210
257.463290	12.606637	256.608664	3.769210
257.503220	12.600344	256.650531	3.811556
257.542538	12.600344	256.692332	3.811556
257.580709	12.600344	256.733782	3.811556
257.619062	12.600344	256.773665	3.824523
257.661443	12.589861	256.817516	3.824523
257.702054	12.589861	256.854522	3.824523
257.742284	12.589861	256.893046	3.880590
257.782860	12.585615	256.935178	3.880590
257.826389	12.585615	256.973321	3.880590
257.863907	12.585615	257.011009	3.880590
257.928351	12.583185	257.051289	3.900797
257.971526	12.583185	257.092723	3.900797
258.007442	12.583185	257.130859	3.900797
258.054418	12.579852	257.192128	3.934463
258.094556	12.579852	257.233326	3.934463
258.159022	12.572464	257.272673	3.934463
258.207999	12.572464	257.315753	3.970408
258.244298	12.572464	257.354600	3.970408
258.283419	12.572464	257.394900	3.970408
258.328022	12.579143	257.436600	4.010533
258.367332	12.579143	257.482730	4.010533
258.441201	12.604709	257.523059	4.010533
258.484959	12.604709	257.559569	4.010533
258.522700	12.604709	257.602350	4.072249
258.562668	12.581598	257.646819	4.072249
258.605380	12.581598	257.686021	4.072249
258.643579	12.581598	257.754201	4.086791
258.682379	12.581598	257.793416	4.086791
258.724382	12.579319	257.832238	4.086791
258.764639	12.579319	257.877286	4.108248
258.801312	12.579319	257.917783	4.108248
258.845889	12.585576	257.974629	4.143929
258.885951	12.585576	258.014702	4.143929
258.922725	12.585576	258.053941	4.143929
258.967545	12.586008	258.091605	4.143929
259.014375	12.586008	258.132398	4.192380
259.056503	12.586008	258.171088	4.192380
259.099555	12.599224	258.213043	4.192380
259.140547	12.599224	258.253729	4.249908
259.182017	12.599224	258.320440	4.249908
259.221499	12.601206	258.356547	4.249908
259.264867	12.601206	258.402217	4.265973
259.305301	12.601206	258.440246	4.265973
259.380215	12.607192	258.479890	4.265973
259.424967	12.607192	258.525028	4.299450
259.462298	12.607192	258.566113	4.299450
259.506268	12.604385	258.627451	4.299450
259.547350	12.604385	258.674301	4.313746
259.613565	12.632227	258.712117	4.313746
259.656578	12.632227	258.751501	4.313746
259.693181	12.632227	258.797083	4.336794
259.736490	12.632227	258.837025	4.336794
259.777125	12.630447	258.876729	4.336794
259.816920	12.630447	258.923636	4.362747
259.880462	12.630447	258.962781	4.362747
259.921044	12.641627	259.032581	4.362747
259.960191	12.641627	259.076046	4.364830
260.001538	12.641627	259.117627	4.364830
260.040296	12.645896	259.158926	4.364830
260.078917	12.645896	259.201731	4.369197
260.118648	12.645896	259.241380	4.369197
260.156887	12.645896	259.279176	4.369197
260.209943	12.643236	259.320218	4.367161
260.246573	12.643236	259.360119	4.367161
260.320982	12.658396	259.399163	4.367161
260.360812	12.658396	259.437645	4.367161
260.402848	12.658396	259.479032	4.354214
260.443909	12.676134	259.517421	4.354214
260.482366	12.676134	259.556003	4.354214
260.522743	12.676134	259.601923	4.347993
260.563107	12.656217	259.642208	4.347993
260.609632	12.656217	259.707883	4.348225
260.646394	12.656217	259.749170	4.348225
260.688333	12.682809	259.787035	4.348225
260.758632	12.682809	259.829006	4.348225
260.798011	12.682809	259.874519	4.338503
260.846134	12.700849	259.942458	4.338503
260.883410	12.700849	259.984306	4.336617
260.921779	12.700849	260.025456	4.336617
260.966943	12.710126	260.067345	4.336617
261.008478	12.710126	260.109518	4.341848
261.070163	12.710126	260.164105	4.341848
261.113746	12.706711	260.202239	4.341848
261.152562	12.706711	260.241387	4.335159
261.190802	12.706711	260.283394	4.335159
261.235469	12.722158	260.321416	4.335159
261.276073	12.722158	260.359640	4.335159
261.348280	12.722158	260.406439	4.314508
261.389621	12.703025	260.446121	4.314508
261.429689	12.703025	260.507765	4.352273
261.466341	12.703025	260.548726	4.352273
261.511171	12.743072	260.585245	4.352273
261.553237	12.743072	260.622592	4.352273
261.617861	12.758664	260.665557	4.377873
261.659375	12.758664	260.728214	4.377873
261.696235	12.758664	260.768155	4.407488
261.733725	12.758664	260.809808	4.407488
261.776315	12.752594	260.850525	4.407488
261.815611	12.752594	260.887848	4.407488
261.856817	12.752594	260.928932	4.411326
261.898098	12.761883	260.972196	4.411326
261.964862	12.761883	261.010078	4.411326
262.005315	12.761883	261.073839	4.413643
262.046334	12.768323	261.116559	4.413643
262.089222	12.768323	261.153443	4.413643
262.126670	12.768323	261.196959	4.414277
262.195856	12.758049	261.237135	4.414277
262.238616	12.758049	261.308515	4.438293
262.274530	12.758049	261.351236	4.438293
262.322279	12.784343	261.389265	4.438293
262.360318	12.784343	261.429456	4.438293
262.434190	12.766779	261.470441	4.428775
262.473923	12.766779	261.527811	4.428775
262.512319	12.766779	261.566404	4.426270
262.552046	12.766779	261.611150	4.426270
262.594289	12.763238	261.651960	4.426270
262.635444	12.763238	261.690183	4.426270
262.672307	12.763238	261.730071	4.435434
262.721857	12.763100	261.771023	4.435434
262.759274	12.763100	261.813216	4.435434
262.829848	12.762697	261.855157	3.259816
262.867207	12.762697	261.908593	3.259816
262.911115	12.762697	261.945083	3.259816
262.947713	12.762697	261.986019	3.194691
262.991453	12.645282	262.029057	3.194691
263.055933	12.645282	262.066649	3.194691
263.097733	12.636347	262.128527	3.208173
263.141331	12.636347	262.166884	3.208173
263.182802	12.636347	262.203925	3.208173
263.223882	12.617079	262.245450	3.163005
263.265900	12.617079	262.292183	3.163005
263.303713	12.617079	262.331697	3.163005
263.343869	12.617079	262.407542	3.157423
263.385200	12.615004	262.449259	3.157423
263.425054	12.615004	262.489347	3.157423
263.465722	12.615004	262.534425	3.125692
263.507436	12.633396	262.589861	3.125692
263.545916	12.633396	262.626617	3.125692
263.591813	12.633396	262.668089	3.126364
263.631618	12.595726	262.708138	3.126364
263.677191	12.595726	262.746708	3.126364
263.713951	12.595726	262.788560	3.136394
263.755124	12.595726	262.831738	3.136394
263.820347	12.565224	262.869302	3.136394
263.859000	12.565224	262.937306	3.148830
263.901408	12.559526	262.975358	3.148830
263.943255	12.559526	263.011598	3.148830
263.979387	12.559526	263.052503	3.127938
264.021386	12.551907	263.095556	3.127938
264.062039	12.551907	263.133753	3.127938
264.099094	12.551907	263.201411	3.175849
264.136053	12.551907	263.239510	3.175849
264.177627	12.572347	263.277373	3.175849
264.219058	12.572347	263.322134	3.214367
264.266051	12.572347	263.364419	3.214367
264.307532	12.576615	263.402851	3.214367
264.345696	12.576615	263.468077	3.264547
264.387403	12.576615	263.506838	3.264547
264.428631	12.575954	263.544453	3.264547
264.468612	12.575954	263.590324	3.292260
264.508770	12.575954	263.627775	3.292260
264.545026	12.575954	263.667206	3.292260
264.590044	12.569778	263.714298	3.345358
264.630337	12.569778	263.751883	3.345358
264.669485	12.569778	263.819851	3.345358
264.710153	12.540521	263.863026	3.386582
264.749518	12.540521	263.905685	3.386582
264.787842	12.540521	263.950568	3.386582
264.830735	12.577846	263.990983	3.446448
264.869406	12.577846	264.032988	3.446448
264.911669	12.577846	264.071666	3.446448
264.948571	12.577846	264.112993	3.496850
265.021594	12.573166	264.152146	3.496850
265.060598	12.573166	264.189373	3.496850
265.106082	12.558632	264.232259	3.552548
265.143333	12.558632	264.272777	3.552548
265.185305	12.558632	264.310509	3.552548
265.223720	12.585564	264.347031	3.552548
265.300727	12.585564	264.387443	3.597491
265.338331	12.585564	264.428545	3.597491
265.383840	12.584924	264.466585	3.597491
265.425282	12.584924	264.508569	3.651146
265.465789	12.584924	264.551891	3.651146
265.507526	12.593310	264.624535	3.704863
265.554395	12.593310	264.671030	3.704863
265.590946	12.593310	264.709492	3.704863
265.640180	12.598612	264.751081	3.704863
265.681270	12.598612	264.793258	3.776825
265.752330	12.598612	264.856390	3.776825
265.795413	12.590535	264.897124	3.815225
265.832157	12.590535	264.938997	3.815225
265.875206	12.590535	264.978743	3.815225
265.918560	12.612343	265.016087	3.815225
265.985100	12.612343	265.060503	3.862862
266.027790	12.616398	265.102245	3.862862
266.069408	12.616398	265.139175	3.862862
266.110999	12.616398	265.204398	3.926100
266.149291	12.616398	265.247657	3.926100
266.197191	12.631193	265.285376	3.926100
266.236236	12.631193	265.332190	3.979546
266.275797	12.631193	265.403761	3.979546
266.322012	12.635787	265.445298	4.044492
266.361167	12.635787	265.484158	4.044492
266.399223	12.635787	265.522199	4.044492
266.476337	12.646793	265.558665	4.044492
266.514048	12.646793	265.601884	4.080333
266.556783	12.639063	265.640058	4.080333
266.596815	12.639063	265.683239	4.080333
266.639875	12.639063	265.725408	4.125343
266.677759	12.639063	265.770122	4.125343
266.753767	12.642976	265.807478	4.125343
266.791611	12.642976	265.852345	4.173565
266.830448	12.672357	265.893578	4.173565
266.871742	12.672357	265.930934	4.173565
266.912411	12.672357	265.998461	4.246963
266.951681	12.672357	266.037989	4.246963
266.999063	12.662652	266.075126	4.246963
267.035619	12.662652	266.120476	4.257869
267.074640	12.662652	266.162177	4.257869
267.140619	12.693472	266.202157	4.257869
267.176393	12.693472	266.274702	4.312559
267.216180	12.685936	266.313140	4.312559
267.258835	12.685936	266.350283	4.312559
267.297314	12.685936	266.395071	4.313217
267.336828	12.685936	266.437028	4.313217
267.380070	12.727057	266.475106	4.313217
267.422345	12.727057	266.521229	4.316187
267.459392	12.727057	266.559877	4.316187
267.503899	12.723594	266.622512	4.361695
267.545106	12.723594	266.663155	4.361695
267.582814	12.723594	266.705907	4.361695
267.626885	12.728648	266.748538	4.361695
267.672280	12.728648	266.800244	4.363501
267.713093	12.728648	266.840703	4.363501
267.753320	12.728648	266.879100	4.363501
267.794096	12.726597	266.920446	4.341297
267.833787	12.726597	266.960967	4.341297
267.874473	12.726597	266.999782	4.341297
267.917303	12.733276	267.047017	4.346248
267.959183	12.733276	267.086342	4.346248
267.997273	12.733276	267.153484	4.346248
268.072301	12.738736	267.197406	4.344267
268.114007	12.738736	267.238275	4.344267
268.151839	12.738736	267.313507	4.354944
268.198586	12.762948	267.358536	4.354944
268.238380	12.762948	267.397198	4.354944
268.309999	12.730948	267.442720	4.340474
268.352196	12.730948	267.480800	4.340474
268.390067	12.730948	267.545351	4.340474
268.438330	12.736695	267.588310	4.325520
268.479531	12.736695	267.629045	4.325520
268.540360	12.736695	267.670515	4.325520
268.584966	12.753037	267.711954	4.312311
268.622045	12.753037	267.766306	4.312311
268.661006	12.753037	267.804915	4.312311
268.707555	12.748159	267.846916	4.304798
268.747721	12.748159	267.887856	4.304798
268.807612	12.748159	267.925557	4.304798
268.849510	12.769042	267.964165	4.308875
268.888386	12.769042	268.007451	4.308875
268.927032	12.769042	268.047614	4.308875
268.970428	12.745635	268.113894	4.290360
269.009939	12.745635	268.154447	4.290360
269.049862	12.745635	268.190582	4.290360
269.091656	12.744268	268.234368	4.301048
269.133931	12.744268	268.272442	4.301048
269.172782	12.744268	268.347652	4.301048
269.212456	12.744268	268.389304	4.278301
269.251309	12.614111	268.430635	4.278301
269.289683	12.614111	268.470549	4.278301
269.354739	12.614111	268.513354	4.285376
269.397219	12.617782	268.568883	4.285376
269.436667	12.617782	268.607299	4.285376
269.475055	12.617782	268.651056	4.298856
269.517800	12.621132	268.689569	4.298856
269.559939	12.621132	268.727167	4.298856
269.595299	12.621132	268.766504	4.294800
269.642872	12.594037	268.810471	4.294800
269.682211	12.594037	268.852057	4.294800
269.742426	12.594037	268.891180	4.294800
269.787325	12.576932	268.964730	4.312162
269.825118	12.576932	269.005261	4.312162
269.863486	12.576932	269.047286	4.333023
269.909700	12.565402	269.088870	4.333023
269.948971	12.565402	269.127493	4.333023
270.008415	12.565402	269.197247	4.372284
270.052613	12.589220	269.235454	4.372284
270.089995	12.589220	269.273391	4.372284
270.130556	12.589220	269.318216	3.231266
270.173371	12.536951	269.356524	3.231266
270.212350	12.536951	269.396863	3.231266
270.251050	12.536951	269.443932	3.212858
270.290308	12.532001	269.483309	3.212858
270.335997	12.532001	269.557357	3.212858
270.373836	12.532001	269.600642	3.212868
270.418861	12.545100	269.645042	3.212868
270.458274	12.545100	269.689489	3.212868
270.528194	12.545100	269.733605	3.210126
270.575400	12.536728	269.775173	3.210126
270.615983	12.536728	269.813792	3.210126
270.657505	12.536728	269.857586	3.249201
270.699723	12.548998	269.899587	3.249201
270.763102	12.548998	269.938850	3.249201
270.805808	12.548998	269.979891	3.195400
270.849726	12.545638	270.017385	3.195400
270.888670	12.545638	270.055430	3.195400
270.931868	12.545638	270.094672	3.194079
270.975710	12.531070	270.137927	3.194079
271.045415	12.531070	270.176534	3.194079
271.086494	12.529892	270.213618	3.194079
271.125968	12.529892	270.258397	3.150186
271.163675	12.529892	270.323367	3.150186
271.201406	12.529892	270.362169	3.150186
271.244156	12.559175	270.406666	3.132436
271.282265	12.559175	270.451097	3.132436
271.323280	12.559175	270.489797	3.132436
271.367338	12.572035	270.534668	3.136226
271.423275	12.572035	270.572916	3.136226
271.463425	12.572035	270.611401	3.136226
271.503483	12.566575	270.654963	3.160356
271.545841	12.566575	270.695035	3.160356
271.584432	12.566575	270.733154	3.160356
271.655855	12.571185	270.776522	3.169375
271.697787	12.571185	270.819097	3.169375
271.735179	12.571185	270.855883	3.169375
271.777579	12.572027	270.921419	3.229991
271.817362	12.572027	270.962695	3.229991
271.873784	12.572027	271.000917	3.229991
271.918797	12.585230	271.041605	3.301520
271.954682	12.585230	271.081846	3.301520
271.991903	12.585230	271.120755	3.301520
272.040106	12.608075	271.162881	3.376659
272.079516	12.608075	271.206787	3.376659
272.145418	12.580359	271.247876	3.376659
272.186770	12.580359	271.285582	3.376659
272.223656	12.580359	271.329831	3.422191
272.261064	12.580359	271.370672	3.422191
272.305095	12.597716	271.410282	3.422191
272.345148	12.597716	271.478368	3.512553
272.388999	12.597716	271.520430	3.512553
272.429841	12.619555	271.558460	3.512553
272.489550	12.619555	271.602337	3.582136
272.530737	12.619555	271.644402	3.582136
272.572851	12.616286	271.713265	3.672076
272.617943	12.616286	271.753386	3.672076
272.656992	12.616286	271.792322	3.672076
272.724200	12.619999	271.834533	3.744721
272.765384	12.619999	271.874216	3.744721
272.802993	12.619999	271.913203	3.744721
272.848263	12.624268	271.954534	3.744721
272.888652	12.624268	271.999588	3.824925
272.923911	12.624268	272.040273	3.824925
272.971245	12.619777	272.078496	3.824925
273.009880	12.619777	272.125268	3.906220
273.054490	12.619777	272.167591	3.906220
273.093438	12.637102	272.205963	3.906220
273.138263	12.637102	272.277544	3.972524
273.177123	12.637102	272.316545	3.972524
273.240815	12.676388	272.354862	3.972524
273.285930	12.676388	272.400967	4.073002
273.322742	12.676388	272.442747	4.073002
273.370968	12.667343	272.482094	4.073002
273.412069	12.667343	272.557860	4.167694
273.475072	12.667343	272.595245	4.167694
273.524361	12.679327	272.636515	4.262303
273.561970	12.679327	272.676686	4.262303
273.600173	12.679327	272.715827	4.262303
273.645378	12.701107	272.754061	4.262303
273.685735	12.701107	272.800698	4.337712
273.743821	12.687597	272.839532	4.337712
273.786270	12.687597	272.901312	4.419485
273.823539	12.687597	272.941391	4.419485
273.860128	12.687597	272.983905	4.419485
273.904287	12.703268	273.025994	4.520929
273.945346	12.703268	273.068066	4.520929
273.982778	12.703268	273.107913	4.520929
274.024879	12.712928	273.147652	4.520929
274.064572	12.712928	273.188565	4.592899
274.102157	12.712928	273.227837	4.592899
274.141815	12.705792	273.266005	4.592899
274.183706	12.705792	273.307918	4.647200
274.221729	12.705792	273.347244	4.647200
274.259527	12.705792	273.384348	4.647200
274.302604	12.717706	273.424063	4.713000
274.344028	12.717706	273.465641	4.713000
274.381256	12.717706	273.504006	4.713000
274.424086	12.716409	273.542581	4.713000
274.467035	12.716409	273.584189	4.789212
274.504327	12.716409	273.622824	4.789212
274.547295	12.731906	273.697818	4.845384
274.589059	12.731906	273.739787	4.845384
274.661344	12.731906	273.780900	4.845384
274.701803	12.737763	273.821658	4.845384
274.740776	12.737763	273.861613	4.893693
274.779114	12.737763	273.931730	4.893693
274.823042	12.727606	273.970474	4.909915
274.861903	12.727606	274.011574	4.909915
274.906308	12.727606	274.051413	4.909915
274.945917	12.726953	274.091896	4.909915
274.996794	12.726953	274.132685	4.914668
275.034336	12.726953	274.171832	4.914668
275.069214	12.726953	274.215342	4.914668
275.114460	12.725930	274.260816	4.931140
275.155044	12.725930	274.302270	4.931140
275.193797	12.725930	274.338078	4.931140
275.258075	12.734758	274.380991	4.964308
275.294794	12.734758	274.426298	4.964308
275.334722	12.734758	274.465650	4.964308
275.377554	12.729341	274.530660	4.952924
275.421287	12.729341	274.572803	4.952924
275.457121	12.729341	274.609973	4.952924
275.502028	12.597558	274.658152	4.907982
275.543268	12.597558	274.698742	4.907982
275.619354	12.592840	274.763364	4.907982
275.663365	12.592840	274.807112	4.942870
275.699675	12.592840	274.846627	4.942870
275.741625	12.576168	274.888354	4.942870
275.780571	12.576168	274.935020	4.931017
275.853503	12.576168	274.973449	4.931017
275.897506	12.580760	275.014167	4.931017
275.938842	12.580760	275.057169	4.943683
275.982646	12.580760	275.099549	4.943683
276.023378	12.570074	275.135805	4.943683
276.085789	12.570074	275.202271	4.914677
276.124011	12.570074	275.240037	4.914677
276.171099	12.551467	275.280881	4.914677
276.209555	12.551467	275.324309	4.896949
276.273392	12.551467	275.398512	4.896949
276.318364	12.547526	275.442526	4.882664
276.355924	12.547526	275.482551	4.882664
276.394704	12.547526	275.522308	4.882664
276.440638	12.531096	275.561841	4.882664
276.481071	12.531096	275.631195	4.873240
276.538903	12.531096	275.669552	4.873240
276.582115	12.530407	275.710458	4.860389
276.619420	12.530407	275.751471	4.860389
276.658055	12.530407	275.789278	4.860389
276.698566	12.522450	275.833127	4.854733
276.739587	12.522450	275.874013	4.854733
276.778082	12.522450	275.913599	4.854733
276.816408	12.538233	275.982736	4.837217
276.862263	12.538233	276.026947	4.837217
276.898479	12.538233	276.068803	4.837217
276.938102	12.538233	276.110034	4.855633
276.982252	12.507530	276.148812	4.855633
277.021169	12.507530	276.188690	4.855633
277.085876	12.535922	276.232787	4.845083
277.128763	12.535922	276.272390	4.845083
277.168265	12.535922	276.346698	4.845083
277.207338	12.535922	276.389170	4.838876
277.250196	12.535729	276.433063	4.838876
277.290030	12.535729	276.475025	4.838876
277.328355	12.535729	276.517737	4.847202
277.375695	12.516246	276.558319	4.847202
277.414544	12.516246	276.596641	4.847202
277.477818	12.516246	276.637845	4.873283
277.522817	12.524256	276.677480	4.873283
277.560145	12.524256	276.717718	4.873283
277.601672	12.524256	276.757646	4.898480
277.645236	12.524876	276.797707	4.898480
277.712782	12.524876	276.837448	4.898480
277.755972	12.535680	276.879202	4.898480
277.794813	12.535680	276.922968	3.352720
277.838337	12.535680	276.987435	3.352720
277.875720	12.535680	277.026597	3.345994
277.926326	12.544587	277.068560	3.345994
277.964366	12.544587	277.108116	3.345994
278.006053	12.544587	277.152609	3.304279
278.047087	12.549105	277.193036	3.304279
278.116384	12.549105	277.266211	3.304279
278.160217	12.555488	277.310981	3.311331
278.200691	12.555488	277.351856	3.311331
278.243014	12.555488	277.395037	3.311331
278.282741	12.555488	277.436699	3.318972
278.349913	12.541016	277.501175	3.318972
278.390603	12.541016	277.543214	3.318972
278.433779	12.578504	277.584340	3.269965
278.475926	12.578504	277.625159	3.269965
278.514010	12.578504	277.663246	3.269965
278.570424	12.580222	277.722800	3.276704
278.614129	12.580222	277.763699	3.276704
278.650347	12.580222	277.801309	3.276704
278.693344	12.575508	277.844003	3.267337
278.734136	12.575508	277.884482	3.267337
278.800785	12.575508	277.921494	3.267337
278.844042	12.572066	277.962921	3.289195
278.881171	12.572066	278.000855	3.289195
278.922960	12.572066	278.042323	3.289195
278.962051	12.591188	278.083745	3.289195
279.002128	12.591188	278.127506	3.287246
279.069237	12.591188	278.169977	3.287246
279.116926	12.630904	278.206759	3.287246
279.153558	12.630904	278.251625	3.367708
279.195930	12.630904	278.296308	3.367708
279.234793	12.609477	278.334164	3.367708
279.273236	12.609477	278.404456	3.394067
279.338473	12.609477	278.445585	3.394067
279.384750	12.609650	278.483024	3.394067
279.422496	12.609650	278.525698	3.445679
279.464884	12.609650	278.566183	3.445679
279.506020	12.628822	278.640875	3.493490
279.555714	12.628822	278.681775	3.493490
279.593735	12.628822	278.722475	3.493490
279.640579	12.649129	278.765848	3.569046
279.677027	12.649129	278.827749	3.569046
279.721255	12.649129	278.866484	3.569046
279.762085	12.658878	278.906128	3.626106
279.811224	12.658878	278.945839	3.626106
279.847333	12.658878	278.983621	3.626106
279.887950	12.655893	279.022404	3.683777
279.958886	12.655893	279.064345	3.683777
279.997230	12.655893	279.102531	3.683777
280.041987	12.681531	279.144838	3.683777
280.084983	12.681531	279.188358	3.744398
280.121992	12.681531	279.227495	3.744398
280.169798	12.675886	279.262848	3.744398
280.206493	12.675886	279.304203	3.819053
280.248652	12.675886	279.349820	3.819053
280.286560	12.694545	279.387999	3.819053
280.332812	12.694545	279.459477	3.892026
280.373162	12.694545	279.501030	3.892026
280.445302	12.691511	279.538556	3.892026
280.489023	12.691511	279.584873	3.967725
280.525484	12.691511	279.628015	3.967725
280.574615	12.671704	279.667139	3.967725
280.615115	12.671704	279.741810	4.037198
280.678291	12.671704	279.780324	4.037198
280.724328	12.698374	279.818576	4.037198
280.760400	12.698374	279.861973	4.104619
280.800530	12.698374	279.902031	4.104619
280.846429	12.683283	279.941456	4.104619
280.889584	12.683283	279.989126	4.177064
280.964103	12.721305	280.026558	4.177064
281.006194	12.721305	280.099785	4.272873
281.042939	12.721305	280.140116	4.272873
281.079932	12.721305	280.181235	4.272873
281.124648	12.728868	280.224222	4.340897
281.163344	12.728868	280.267872	4.340897
281.202827	12.728868	280.306707	4.340897
281.245685	12.687213	280.346370	4.340897
281.286857	12.687213	280.388657	4.393185
281.324903	12.687213	280.428540	4.393185
281.367206	12.693033	280.466552	4.393185
281.406670	12.693033	280.510206	4.463190
281.446720	12.693033	280.548410	4.463190
281.485811	12.690207	280.585545	4.463190
281.527060	12.690207	280.625991	4.547305
281.568556	12.690207	280.669489	4.547305
281.605834	12.690207	280.707242	4.547305
281.649388	12.718009	280.745355	4.547305
281.689000	12.718009	280.787815	4.589446
281.727626	12.718009	280.828641	4.589446
281.771205	12.709225	280.872857	4.589446
281.813294	12.709225	280.914836	4.638047
281.852072	12.709225	280.957135	4.638047
281.895361	12.555548	280.994525	4.638047
281.937432	12.555548	281.036776	4.718429
281.978602	12.555548	281.113341	4.718429
282.016411	12.559763	281.153983	4.800176
282.058602	12.559763	281.199330	4.800176
282.098877	12.559763	281.241238	4.800176
282.138891	12.559763	281.278776	4.800176
282.205256	12.551270	281.323475	4.874021
282.245258	12.551270	281.364967	4.874021
282.283194	12.551270	281.406920	4.874021
282.323435	12.570547	281.452107	4.936185
282.363394	12.570547	281.492823	4.936185
282.401958	12.570547	281.533200	4.936185
282.447325	12.537027	281.574528	4.959710
282.485954	12.537027	281.616055	4.959710
282.528216	12.537027	281.654183	4.959710
282.570076	12.513421	281.693635	4.969758
282.619215	12.513421	281.741630	4.969758
282.654771	12.513421	281.779953	4.969758
282.696267	12.519182	281.818019	4.969758
282.738785	12.519182	281.872348	4.985125
282.777673	12.519182	281.913239	4.985125
282.818851	12.498021	281.982356	5.004532
282.880915	12.498021	282.021943	5.004532
282.917004	12.498021	282.060141	5.004532
282.964578	12.519791	282.104021	5.020934
283.005402	12.519791	282.144989	5.020934
283.066039	12.519791	282.212985	5.020934
283.109351	12.507018	282.257131	4.979962
283.147347	12.507018	282.296861	4.979962
283.188358	12.507018	282.337265	4.979962
283.230783	12.473432	282.387997	5.002289
283.300464	12.473432	282.427783	5.002289
283.338903	12.473432	282.465425	5.002289
283.377938	12.483063	282.505134	4.976072
283.419320	12.483063	282.544956	4.976072
283.458205	12.483063	282.583573	4.976072
283.502606	12.506978	282.621890	4.978403
283.539680	12.506978	282.665854	4.978403
283.582614	12.506978	282.705050	4.978403
283.621266	12.508242	282.750405	4.984929
283.676628	12.508242	282.794978	4.984929
283.713639	12.508242	282.835312	4.984929
283.757647	12.491271	282.872311	4.984929
283.795047	12.491271	282.912611	4.951943
283.833636	12.491271	282.952668	4.951943
283.878433	12.515616	282.995002	4.951943
283.938824	12.515616	283.038678	4.934318
283.976337	12.515616	283.093181	4.934318
284.016387	12.521860	283.129703	4.934318
284.059815	12.521860	283.174078	4.901761
284.098276	12.521860	283.217615	4.901761
284.138659	12.521860	283.255222	4.901761
284.178585	12.516756	283.326864	4.896086
284.221885	12.516756	283.367162	4.896086
284.259183	12.516756	283.403787	4.896086
284.306758	12.542736	283.448564	4.883070
284.346618	12.542736	283.489872	4.883070
284.413213	12.533693	283.562672	4.867333
284.462369	12.533693	283.606762	4.867333
284.499871	12.533693	283.651165	4.867333
284.543204	12.534178	283.690075	4.867333
284.584795	12.534178	283.760978	4.874043
284.647384	12.534178	283.799215	4.874043
284.691643	12.551175	283.838972	4.859279
284.732611	12.551175	283.879673	4.859279
284.776144	12.551175	283.919137	4.859279
284.814184	12.561475	283.960472	4.867843
284.861986	12.561475	284.000446	4.867843
284.898028	12.561475	284.037908	4.867843
284.943506	12.565392	284.075025	4.867843
284.983684	12.565392	284.118567	4.869611
285.042466	12.565392	284.159007	4.869611
285.086362	12.557357	284.196583	4.869611
285.126015	12.557357	284.238523	4.857350
285.168925	12.557357	284.281168	4.857350
285.205619	12.557357	284.324414	4.857350
285.255342	12.557386	284.367608	4.881969
285.292731	12.557386	284.406578	4.881969
285.331179	12.557386	284.446262	4.881969
285.379064	12.561130	284.484827	4.881969
285.419573	12.561130	284.531686	3.248404
285.459247	12.561130	284.575040	3.248404
285.526494	12.582248	284.611552	3.248404
285.564355	12.582248	284.655115	3.223733
285.607865	12.582248	284.698419	3.223733
285.651007	12.590109	284.739112	3.223733
285.714478	12.590109	284.813253	3.231705
285.760049	12.592241	284.852593	3.231705
285.799277	12.592241	284.890053	3.231705
285.840523	12.592241	284.937752	3.204078
285.881121	12.603245	284.979411	3.204078
285.948325	12.603245	285.021097	3.211399
285.988482	12.603245	285.072395	3.211399
286.029456	12.626945	285.109177	3.211399
286.074620	12.626945	285.170210	3.190069
286.112976	12.626945	285.210773	3.190069
286.182713	12.651377	285.250968	3.190069
286.226417	12.651377	285.293900	3.185897
286.262930	12.651377	285.338518	3.185897
286.305631	12.656533	285.398504	3.185897
286.344771	12.656533	285.441848	3.188324
286.385810	12.656533	285.481243	3.188324
286.427896	12.653098	285.519602	3.188324
286.467760	12.653098	285.558298	3.188501
286.506340	12.653098	285.598364	3.188501
286.577080	12.638585	285.638425	3.188501
286.617290	12.638585	285.676342	3.188501
286.654560	12.638585	285.723060	3.213717
286.696784	12.671333	285.763918	3.213717
286.737983	12.671333	285.823381	3.251620
286.776479	12.671333	285.868926	3.251620
286.815479	12.689097	285.904778	3.251620
286.858337	12.689097	285.944814	3.251620
286.897483	12.689097	285.986123	3.322488
286.935715	12.689097	286.055857	3.322488
286.980031	12.666221	286.097439	3.347895
287.021844	12.666221	286.139551	3.347895
287.059460	12.666221	286.180473	3.347895
287.100492	12.671593	286.218540	3.347895
287.140470	12.671593	286.292447	3.411429
287.179289	12.671593	286.329847	3.411429
287.218111	12.678090	286.371269	3.471978
287.260791	12.678090	286.411656	3.471978
287.299937	12.678090	286.449778	3.471978
287.338973	12.678090	286.488142	3.471978
287.379811	12.674391	286.536029	3.548195
287.420154	12.674391	286.574024	3.548195
287.461215	12.674391	286.638766	3.614473
287.501088	12.702469	286.680782	3.614473
287.577000	12.702469	286.720202	3.614473
287.618539	12.684036	286.765441	3.665188
287.660976	12.684036	286.805729	3.665188
287.701535	12.684036	286.870714	3.665188
287.738652	12.684036	286.911470	3.751327
287.783335	12.671627	286.950771	3.751327
287.823577	12.671627	286.990278	3.751327
287.893116	12.673072	287.034224	3.824944
287.936370	12.673072	287.074461	3.824944
287.973555	12.673072	287.112765	3.824944
288.017427	12.698393	287.151642	3.907656
288.061267	12.698393	287.198176	3.907656
288.124601	12.698393	287.235257	3.907656
288.168675	12.711527	287.297071	3.975076
288.206825	12.711527	287.340376	3.975076
288.244639	12.711527	287.384060	3.975076
288.290913	12.548148	287.424222	4.049885
288.332138	12.548148	287.500113	4.049885
288.389015	12.548148	287.536079	4.049885
288.432987	12.553164	287.582297	4.121024
288.472402	12.553164	287.621430	4.121024
288.514266	12.553164	287.663961	4.121024
288.556719	12.523086	287.705446	4.209116
288.622549	12.523086	287.767239	4.209116
288.662698	12.523086	287.804889	4.209116
288.704366	12.550957	287.849755	4.290933
288.746175	12.550957	287.892385	4.290933
288.786033	12.550957	287.929915	4.290933
288.844720	12.532680	288.000759	4.352430
288.889307	12.532680	288.038805	4.352430
288.926119	12.532680	288.076324	4.352430
288.972761	12.490483	288.122502	4.423981
289.013496	12.490483	288.166129	4.423981
289.078792	12.504473	288.204541	4.423981
289.123018	12.504473	288.268550	4.507145
289.158185	12.504473	288.306842	4.507145
289.200539	12.504473	288.346953	4.507145
289.242490	12.467961	288.395493	4.564472
289.309394	12.467961	288.434367	4.564472
289.347545	12.476542	288.471614	4.564472
289.388574	12.476542	288.518334	4.661608
289.426670	12.476542	288.557095	4.661608
289.466167	12.476542	288.628294	4.719943
289.508340	12.477920	288.670967	4.719943
289.544559	12.477920	288.711747	4.719943
289.587788	12.477920	288.755477	4.785083
289.629474	12.486401	288.796480	4.785083
289.702474	12.486401	288.837476	4.785083
289.739810	12.486401	288.876310	4.834383
289.785478	12.489205	288.920778	4.834383
289.822485	12.489205	288.962270	4.834383
289.863480	12.489205	288.999818	4.834383
289.906820	12.481162	289.045701	4.895565
289.970146	12.481162	289.084625	4.895565
290.009204	12.481162	289.122500	4.895565
290.051890	12.504733	289.164352	4.916105
290.089731	12.504733	289.205066	4.916105
290.127814	12.504733	289.245200	4.916105
290.173800	12.469777	289.284198	4.945362
290.212687	12.469777	289.324263	4.945362
290.284645	12.493985	289.367549	4.945362
290.328080	12.493985	289.421396	4.951330
290.366415	12.493985	289.469493	4.951330
290.404889	12.493985	289.512138	4.951330
290.451091	12.506871	289.549812	4.976457
290.489770	12.506871	289.589748	4.976457
290.531785	12.506871	289.630451	4.976457
290.574784	12.491147	289.671274	4.976457
290.615731	12.491147	289.723442	4.966459
290.655087	12.491147	289.761959	4.966459
290.694582	12.504889	289.835030	4.960580
290.738039	12.504889	289.874644	4.960580
290.779563	12.504889	289.917202	4.960580
290.820526	12.530193	289.959491	4.977348
290.862552	12.530193	290.000694	4.977348
290.902039	12.530193	290.040350	4.977348
290.940375	12.530193	290.080650	4.965184
290.983205	12.510344	290.122285	4.965184
291.020020	12.510344	290.161762	4.965184
291.058603	12.510344	290.199695	4.965184
291.133450	12.529359	290.243134	4.956475
291.170432	12.529359	290.281080	4.956475
291.209794	12.529359	290.317591	4.956475
291.251381	12.542156	290.356926	4.945282
291.289159	12.542156	290.412430	4.945282
291.327717	12.542156	290.454788	4.945282
291.372278	12.548868	290.497718	4.935173
291.412384	12.548868	290.539967	4.935173
291.449389	12.548868	290.581929	4.935173
291.492169	12.548834	290.625810	4.914011
291.533346	12.548834	290.672017	4.914011
291.571218	12.548834	290.714290	4.914011
291.609974	12.548834	290.752073	4.913361
291.653721	12.551166	290.790617	4.913361
291.690454	12.551166	290.828632	4.913361
291.730521	12.551166	290.866387	4.913361
291.773470	12.542903	290.915306	4.932465
291.817132	12.542903	290.953764	4.932465
291.853168	12.542903	291.023486	4.916124
291.899235	12.563398	291.065519	4.916124
291.941385	12.563398	291.108017	4.916124
292.008265	12.563398	291.150078	4.914971
292.053540	12.572101	291.192214	4.914971
292.090327	12.572101	291.233370	4.914971
292.134070	12.572101	291.272124	4.914971
292.174942	12.560819	291.316424	4.894913
292.224231	12.560819	291.357353	4.894913
292.261798	12.560819	291.396559	4.894913
292.305534	12.592552	291.438815	4.904650
292.346719	12.592552	291.476166	4.904650
292.385777	12.592552	291.513362	4.904650
292.452302	12.611850	291.552838	4.910796
292.494151	12.611850	291.593310	4.910796
292.531345	12.611850	291.634664	4.910796
292.580773	12.616232	291.672301	4.910796
292.623392	12.616232	291.716610	4.924357
292.661603	12.616232	291.757059	4.924357
292.708242	12.630362	291.796566	4.924357
292.743384	12.630362	291.871130	4.915380
292.782108	12.630362	291.911800	4.915380
292.860338	12.633589	291.951584	4.909257
292.900533	12.633589	291.995539	4.909257
292.942318	12.633589	292.035093	4.909257
292.980038	12.634001	292.103365	4.849746
293.023431	12.634001	292.143127	4.849746
293.066156	12.634001	292.182340	4.849746
293.113321	12.637760	292.219867	4.849746
293.152565	12.637760	292.261038	3.268385
293.191724	12.637760	292.303262	3.268385
293.265182	12.654984	292.346675	3.268385
293.306271	12.654984	292.391060	3.296662
293.351964	12.635408	292.430969	3.296662
293.397371	12.635408	292.468419	3.296662
293.437322	12.635408	292.513675	3.273852
293.483236	12.661812	292.554032	3.273852
293.524722	12.661812	292.590954	3.273852
293.567062	12.661812	292.653529	3.272367
293.609143	12.661812	292.692187	3.272367
293.650955	12.665269	292.728267	3.272367
293.692386	12.665269	292.772197	3.291533
293.736682	12.665269	292.813638	3.291533
293.780421	12.669123	292.851170	3.291533
293.825026	12.669123	292.920094	3.242963
293.866975	12.669123	292.957866	3.242963
293.935093	12.693382	292.995098	3.242963
293.980290	12.693382	293.035375	3.247155
294.019380	12.676065	293.076626	3.247155
294.065409	12.676065	293.113860	3.247155
294.106632	12.676065	293.186689	3.257217
294.171170	12.659127	293.224087	3.257217
294.215567	12.659127	293.260197	3.257217
294.255343	12.659127	293.304178	3.243487
294.306380	12.663828	293.345336	3.243487
294.345056	12.663828	293.383064	3.243487
294.402836	12.663828	293.452921	3.266450
294.448801	12.665590	293.491045	3.266450
294.486824	12.665590	293.526478	3.266450
294.526102	12.665590	293.567555	3.324895
294.572909	12.681146	293.608933	3.324895
294.612478	12.681146	293.646603	3.324895
294.688223	12.541543	293.719240	3.382913
294.728580	12.541543	293.758483	3.382913
294.765959	12.541543	293.796020	3.382913
294.804780	12.541543	293.838326	3.436372
294.847878	12.535972	293.881343	3.436372
294.888578	12.535972	293.919489	3.436372
294.925261	12.535972	293.993903	3.516169
294.973380	12.520981	294.034453	3.516169
295.044472	12.520981	294.073206	3.516169
295.084947	12.515953	294.115647	3.568915
295.122961	12.515953	294.151634	3.568915
295.164419	12.515953	294.189387	3.568915
295.201896	12.515953	294.235254	3.644924
295.243906	12.526253	294.272862	3.644924
295.283150	12.526253	294.346137	3.644924
295.321843	12.526253	294.389506	3.717885
295.369786	12.501781	294.433074	3.717885
295.408535	12.501781	294.475150	3.717885
295.452898	12.501781	294.517984	3.778377
295.490691	12.475103	294.558507	3.778377
295.539223	12.475103	294.595685	3.778377
295.575286	12.475103	294.637200	3.854119
295.616425	12.458153	294.678932	3.854119
295.688095	12.458153	294.718782	3.854119
295.726528	12.458153	294.759713	3.915684
295.773982	12.465673	294.799147	3.915684
295.815518	12.465673	294.836823	3.915684
295.855511	12.465673	294.874459	3.915684
295.896575	12.463352	294.916726	3.997598
295.938905	12.463352	294.955734	3.997598
295.976514	12.463352	294.992023	3.997598
296.023920	12.463983	295.033773	4.070413
296.061467	12.463983	295.074413	4.070413
296.128221	12.463983	295.142831	4.070413
296.167984	12.467313	295.186504	4.136661
296.215412	12.467313	295.226131	4.136661
296.251653	12.467313	295.265835	4.136661
296.294419	12.479349	295.306835	4.218136
296.359518	12.479349	295.379233	4.218136
296.398854	12.488633	295.418129	4.218136
296.440710	12.488633	295.459340	4.296924
296.483251	12.488633	295.498115	4.296924
296.520564	12.488633	295.534173	4.296924
296.565186	12.474112	295.577549	4.371093
296.608808	12.474112	295.620806	4.371093
296.646643	12.474112	295.658033	4.371093
296.692706	12.467376	295.739196	4.450685
296.730043	12.467376	295.778773	4.450685
296.800459	12.474180	295.817353	4.450685
296.841847	12.474180	295.862771	4.491035
296.889023	12.474180	295.927361	4.491035
296.924954	12.474180	295.968207	4.585924
296.966786	12.475792	296.009661	4.585924
297.034834	12.475792	296.047542	4.585924
297.074494	12.508761	296.088065	4.665007
297.118106	12.508761	296.127633	4.665007
297.158375	12.508761	296.166979	4.665007
297.196044	12.508761	296.203636	4.665007
297.237568	12.511100	296.252855	4.739796
297.277427	12.511100	296.289365	4.739796
297.314523	12.511100	296.365161	4.781149
297.357068	12.494610	296.403621	4.781149
297.395262	12.494610	296.445055	4.781149
297.434276	12.494610	296.488384	4.834022
297.477211	12.509828	296.529237	4.834022
297.516208	12.509828	296.567036	4.834022
297.560238	12.509828	296.604142	4.834022
297.598878	12.500839	296.644762	4.912390
297.646763	12.500839	296.683239	4.912390
297.683412	12.500839	296.721334	4.912390
297.724886	12.500839	296.761939	4.951417
297.767195	12.520192	296.799138	4.951417
297.831733	12.520192	296.837234	4.951417
297.871763	12.520192	296.874743	4.951417
297.911230	12.511093	296.919386	5.009803
297.951545	12.511093	296.958284	5.009803
297.991663	12.511093	296.996977	5.009803
298.031348	12.525253	297.040806	4.999167
298.073287	12.525253	297.085494	4.999167
298.112375	12.525253	297.165508	5.025831
298.152454	12.531460	297.207509	5.025831
298.194232	12.531460	297.244904	5.025831
298.234375	12.531460	297.289905	5.054087
298.273979	12.548691	297.329114	5.054087
298.320249	12.548691	297.394582	5.054087
298.357481	12.548691	297.436109	5.050994
298.397500	12.563635	297.475163	5.050994
298.471020	12.563635	297.513751	5.050994
298.509727	12.563635	297.552089	5.054721
298.555986	12.549770	297.592673	5.054721
298.596268	12.549770	297.634320	5.054721
298.640061	12.549770	297.676841	5.052269
298.680127	12.567428	297.721536	5.052269
298.749296	12.567428	297.761563	5.052269
298.788584	12.567428	297.798232	5.052269
298.836093	12.585883	297.840473	5.046812
298.874321	12.585883	297.885596	5.046812
298.916093	12.585883	297.922422	5.046812
298.957390	12.585131	297.989984	5.024569
299.016443	12.585131	298.030735	5.024569
299.053988	12.585131	298.067213	5.024569
299.098524	12.609140	298.113280	5.012883
299.140149	12.609140	298.153013	5.012883
299.179669	12.609140	298.220678	5.021832
299.220823	12.597396	298.268313	5.021832
299.260715	12.597396	298.306624	5.021832
299.300931	12.597396	298.346476	5.021832
299.340271	12.597396	298.393522	5.004190
299.387080	12.618193	298.432035	5.004190
299.424536	12.618193	298.473622	5.004190
299.464503	12.618193	298.515729	5.005072
299.532784	12.619447	298.558135	5.005072
299.571724	12.619447	298.595061	5.005072
299.616426	12.642372	298.667766	4.983003
299.656887	12.642372	298.705001	4.983003
299.694715	12.642372	298.746392	4.983003
299.733144	12.642372	298.795886	4.982079
299.779330	12.635952	298.865174	4.982079
299.820326	12.635952	298.910947	4.971992
299.857338	12.635952	298.949854	4.971992
299.900391	12.631642	298.990246	4.971992
299.941199	12.631642	299.030861	4.958730
299.979922	12.631642	299.101122	4.958730
300.022063	12.636741	299.138495	4.958730
300.062811	12.636741	299.179719	4.941356
300.100932	12.636741	299.220484	4.941356
300.144258	12.624118	299.257754	4.941356
300.187644	12.624118	299.298944	4.960596
300.230583	12.624118	299.342251	4.960596
300.268699	12.664603	299.382646	4.960596
300.322539	12.664603	299.443519	4.956955
300.360760	12.664603	299.485480	4.956955
300.424383	12.660479	299.523381	4.956955
300.468532	12.660479	299.568727	4.951175
300.505821	12.660479	299.609073	4.951175
300.551090	12.641721	299.676587	4.955970
300.595455	12.641721	299.718950	4.955970
300.657058	12.641721	299.760455	4.955970
300.699932	12.633675	299.800331	4.955970
300.738677	12.633675	299.843742	4.923521
300.781987	12.633675	299.910601	4.923521
300.822962	12.641212	299.947838	4.923521
300.867196	12.641212	299.988270	3.337071
300.941774	12.663395	300.028864	3.337071
300.985472	12.663395	300.066199	3.337071
301.021926	12.663395	300.113081	3.316911
301.060483	12.663395	300.153040	3.316911
301.105549	12.654121	300.191093	3.316911
301.144663	12.654121	300.259317	3.302594
301.208263	12.504911	300.300924	3.302594
301.251287	12.504911	300.338919	3.302594
301.288789	12.504911	300.383129	3.293367
301.332083	12.504911	300.424478	3.293367
301.382105	12.501316	300.463102	3.293367
301.425887	12.501316	300.535481	3.327744
301.471762	12.504281	300.573578	3.327744
301.517180	12.504281	300.609422	3.327744
301.560892	12.504281	300.654304	3.343849
301.601262	12.522197	300.697529	3.343849
301.643573	12.522197	300.736123	3.343849
301.683628	12.522197	300.803421	3.315301
301.722640	12.522197	300.842230	3.315301
301.767093	12.470187	300.883402	3.331501
301.806150	12.470187	300.926046	3.331501
301.849355	12.470187	300.963762	3.331501
301.889545	12.457540	301.002160	3.331501
301.953725	12.457540	301.052778	3.349500
301.991207	12.457540	301.089879	3.349500
302.035324	12.457465	301.161285	3.387272
302.078577	12.457465	301.200381	3.387272
302.114439	12.457465	301.240821	3.387272
302.157280	12.433507	301.283106	3.431368
302.222156	12.433507	301.324317	3.431368
302.260883	12.433507	301.366545	3.431368
302.305900	12.448186	301.406906	3.515025
302.346190	12.448186	301.449010	3.515025
302.384413	12.448186	301.487698	3.515025
302.427116	12.436855	301.526555	3.515025
302.467283	12.436855	301.567460	3.574666
302.504983	12.436855	301.605146	3.574666
302.545313	12.439106	301.641953	3.574666
302.589731	12.439106	301.681911	3.649267
302.627531	12.439106	301.723326	3.649267
302.665853	12.439106	301.763132	3.649267
302.707850	12.428339	301.801130	3.649267
302.747848	12.428339	301.844904	3.700799
302.787930	12.428339	301.886380	3.700799
302.829745	12.447525	301.925276	3.700799
302.869650	12.447525	301.999540	3.763580
302.908943	12.447525	302.040352	3.763580
302.948954	12.453011	302.079845	3.830310
302.993047	12.453011	302.122081	3.830310
303.034188	12.453011	302.161013	3.830310
303.076382	12.454138	302.225086	3.870212
303.115984	12.454138	302.266267	3.870212
303.166904	12.454138	302.305470	3.870212
303.207956	12.455012	302.345050	3.870212
303.255360	12.455012	302.387619	3.929788
303.293294	12.455012	302.427294	3.929788
303.336754	12.455012	302.469422	3.929788
303.380975	12.441535	302.511515	3.993652
303.446723	12.441535	302.550489	3.993652
303.491120	12.467168	302.586753	3.993652
303.531206	12.467168	302.628925	4.075766
303.573598	12.467168	302.673211	4.075766
303.614199	12.463058	302.711680	4.075766
303.664744	12.463058	302.772476	4.110619
303.701062	12.463058	302.816827	4.110619
303.740397	12.470174	302.853951	4.110619
303.784979	12.470174	302.898693	4.166531
303.824070	12.470174	302.937829	4.166531
303.891083	12.480756	303.006297	4.241447
303.932341	12.480756	303.049077	4.241447
303.968735	12.480756	303.087707	4.241447
304.010031	12.491113	303.126612	4.241447
304.051643	12.491113	303.168213	4.294166
304.089503	12.491113	303.240431	4.294166
304.127597	12.491113	303.281415	4.344752
304.172880	12.482427	303.325752	4.344752
304.212350	12.482427	303.365330	4.344752
304.251011	12.482427	303.402984	4.344752
304.294918	12.512982	303.444773	4.409517
304.337323	12.512982	303.482643	4.409517
304.374615	12.512982	303.520481	4.409517
304.416697	12.500332	303.566093	4.455769
304.458758	12.500332	303.602559	4.455769
304.497251	12.500332	303.660308	4.455769
304.535581	12.500332	303.702129	4.529468
304.580129	12.508643	303.745958	4.529468
304.623355	12.508643	303.787838	4.529468
304.659113	12.508643	303.829309	4.597097
304.703658	12.517663	303.872941	4.597097
304.744856	12.517663	303.910731	4.597097
304.811984	12.550071	303.950758	4.652125
304.855596	12.550071	303.994975	4.652125
304.892009	12.550071	304.035227	4.652125
304.933063	12.550071	304.073138	4.652125
304.974866	12.527589	304.118273	4.709089
305.046094	12.527589	304.156665	4.709089
305.090910	12.539380	304.196048	4.709089
305.127911	12.539380	304.241730	4.748611
305.171283	12.539380	304.288011	4.748611
305.210563	12.550287	304.326595	4.748611
305.259868	12.550287	304.376250	4.810343
305.297215	12.550287	304.422390	4.810343
305.337629	12.550287	304.463252	4.810343
305.382650	12.557093	304.508846	4.853500
305.422200	12.557093	304.551151	4.853500
305.489103	12.596730	304.618391	4.899380
305.531330	12.596730	304.661901	4.899380
305.571107	12.596730	304.698786	4.899380
305.614883	12.571831	304.740126	4.899380
305.657227	12.571831	304.781822	4.924992
305.695334	12.571831	304.853811	4.924992
305.735658	12.571831	304.895820	4.939010
305.782106	12.579116	304.936614	4.939010
305.821831	12.579116	304.977223	4.939010
305.860040	12.579116	305.017946	4.943150
305.906260	12.609308	305.073163	4.943150
305.947271	12.609308	305.110941	4.943150
305.984982	12.609308	305.149381	4.959257
306.027271	12.597310	305.190526	4.959257
306.070335	12.597310	305.232705	4.959257
306.109341	12.597310	305.269904	4.959257
306.150943	12.625642	305.313681	4.985690
306.192278	12.625642	305.353949	4.985690
306.233624	12.625642	305.390622	4.985690
306.271179	12.623120	305.461951	4.950955
306.316919	12.623120	305.504173	4.950955
306.356674	12.623120	305.541505	4.950955
306.428284	12.619955	305.585201	4.968340
306.470286	12.619955	305.621902	4.968340
306.506444	12.619955	305.695878	4.976335
306.551123	12.613039	305.737859	4.976335
306.592794	12.613039	305.777027	4.976335
306.664163	12.613039	305.822282	4.974970
306.709991	12.632547	305.860418	4.974970
306.745059	12.632547	305.916523	4.974970
306.784171	12.632547	305.955996	4.950095
306.833232	12.639393	305.997030	4.950095
306.873908	12.639393	306.035439	4.950095
306.949477	12.623233	306.073431	4.950095
306.992312	12.623233	306.116738	4.956938
307.029326	12.623233	306.155455	4.956938
307.068895	12.624034	306.197344	4.956938
307.111002	12.624034	306.242906	4.930633
307.147265	12.624034	306.282639	4.930633
307.185915	12.624034	306.319587	4.930633
307.229284	12.612069	306.363596	4.911251
307.270993	12.612069	306.407371	4.911251
307.308306	12.612069	306.444591	4.911251
307.349636	12.625565	306.501744	4.945064
307.392561	12.625565	306.540602	4.945064
307.429815	12.625565	306.576695	4.945064
307.469155	12.643315	306.618771	4.929403
307.513496	12.643315	306.661616	4.929403
307.551360	12.643315	306.698769	4.929403
307.590608	12.643315	306.768731	4.882938
307.632596	12.624698	306.809523	4.882938
307.675278	12.624698	306.847733	4.882938
307.712805	12.624698	306.891903	4.891820
307.755425	12.492587	306.936211	4.891820
307.797240	12.492587	306.975173	4.891820
307.834340	12.492587	307.048725	4.874951
307.878072	12.485921	307.088188	4.874951
307.920774	12.485921	307.124157	4.874951
307.960541	12.485921	307.166347	4.890954
308.000604	12.470706	307.208122	4.890954
308.045947	12.470706	307.245367	4.890954
308.085916	12.470706	307.313077	4.883813
308.158002	12.497060	307.353193	4.883813
308.198080	12.497060	307.389073	4.883813
308.237733	12.497060	307.433769	4.857621
308.279142	12.467823	307.476328	4.857621
308.321730	12.467823	307.513199	4.857621
308.360282	12.467823	307.578901	4.866285
308.399481	12.443288	307.618373	4.866285
308.440300	12.443288	307.654084	4.866285
308.479747	12.443288	307.698815	4.794727
308.517056	12.443288	307.737087	4.794727
308.559709	12.428605	307.776534	4.794727
308.601773	12.428605	307.821434	3.512588
308.640908	12.428605	307.861463	3.512588
308.683302	12.452184	307.933344	3.512588
308.725790	12.452184	307.974589	3.486357
308.763387	12.452184	308.019022	3.486357
308.805738	12.445753	308.061034	3.486357
308.845547	12.445753	308.104356	3.483337
308.887298	12.445753	308.144994	3.483337
308.925306	12.418120	308.183702	3.483337
308.970116	12.418120	308.225347	3.468000
309.009445	12.418120	308.266161	3.468000
309.079260	12.417382	308.303915	3.468000
309.121846	12.417382	308.340482	3.468000
309.159106	12.417382	308.384996	3.492056
309.202639	12.434304	308.426577	3.492056
309.245207	12.434304	308.466110	3.492056
309.311769	12.434304	308.542218	3.485004
309.356967	12.445453	308.579975	3.485004
309.394744	12.445453	308.620919	3.478502
309.432198	12.445453	308.661221	3.478502
309.476104	12.450812	308.700693	3.478502
309.516702	12.450812	308.739090	3.478502
309.579357	12.450812	308.786797	3.476190
309.624954	12.431021	308.825713	3.476190
309.663952	12.431021	308.902338	3.479640
309.706052	12.431021	308.943369	3.479640
309.746003	12.426899	308.984462	3.479640
309.812173	12.426899	309.029431	3.499684
309.852903	12.426899	309.071138	3.499684
309.894476	12.435200	309.112054	3.499684
309.937694	12.435200	309.151170	3.538966
309.975661	12.435200	309.195185	3.538966
310.046476	12.477158	309.235547	3.538966
310.089789	12.477158	309.273926	3.538966
310.127799	12.436555	309.321718	3.565240
310.172437	12.436555	309.359031	3.565240
310.210643	12.436555	309.433815	3.612510
310.281960	12.460420	309.476187	3.612510
310.325220	12.460420	309.513654	3.612510
310.361910	12.460420	309.576054	3.668197
310.407821	12.438406	309.617309	3.668197
310.450056	12.438406	309.654141	3.668197
310.513468	12.438406	309.694310	3.713087
310.561102	12.453758	309.737780	3.713087
310.598126	12.453758	309.775865	3.713087
310.637556	12.453758	309.841150	3.772660
310.681294	12.474540	309.883200	3.772660
310.722566	12.474540	309.919197	3.772660
310.781255	12.474540	309.964623	3.816077
310.824704	12.464675	310.005869	3.816077
310.863821	12.464675	310.074954	3.816077
310.905320	12.464675	310.118830	3.868569
310.947453	12.480580	310.156986	3.868569
311.015586	12.480580	310.198388	3.868569
311.056785	12.480580	310.246538	3.933477
311.098560	12.488816	310.282928	3.933477
311.138618	12.488816	310.320464	3.933477
311.178145	12.488816	310.367231	3.997107
311.249722	12.509744	310.407546	3.997107
311.291851	12.509744	310.466517	3.997107
311.331885	12.512115	310.511837	4.066454
311.377871	12.512115	310.550340	4.066454
311.417118	12.512115	310.591245	4.066454
311.486003	12.497790	310.634370	4.109872
311.528462	12.497790	310.703910	4.109872
311.564276	12.497790	310.740707	4.109872
311.610046	12.523556	310.790630	4.170564
311.650318	12.523556	310.831141	4.170564
311.718814	12.523556	310.871708	4.170564
311.765562	12.514942	310.915309	4.235905
311.803105	12.514942	310.983708	4.235905
311.844724	12.514942	311.028481	4.303106
311.886546	12.546425	311.068091	4.303106
311.954619	12.546425	311.108514	4.303106
311.994742	12.546425	311.148464	4.365053
312.035691	12.563467	311.222373	4.365053
312.076467	12.563467	311.260128	4.365053
312.118112	12.563467	311.300922	4.407355
312.157743	12.549573	311.341711	4.407355
312.200012	12.549573	311.378168	4.407355
312.237956	12.549573	311.420318	4.475300
312.299612	12.559190	311.462679	4.475300
312.343419	12.559190	311.503958	4.475300
312.379791	12.559190	311.564333	4.531349
312.425461	12.575897	311.604591	4.531349
312.466702	12.575897	311.642873	4.531349
312.534921	12.591769	311.683598	4.603042
312.578273	12.591769	311.724026	4.603042
312.614633	12.591769	311.766011	4.603042
312.656674	12.591769	311.809962	4.659637
312.696315	12.597607	311.857874	4.659637
312.767686	12.597607	311.897474	4.659637
312.807144	12.599427	311.933695	4.659637
312.852942	12.599427	311.976636	4.711375
312.891990	12.599427	312.023967	4.711375
312.936788	12.593077	312.062678	4.711375
312.976328	12.593077	312.140494	4.762386
313.020293	12.593077	312.179773	4.762386
313.058715	12.593077	312.223012	4.803187
313.110888	12.597412	312.265337	4.803187
313.149254	12.597412	312.304060	4.803187
313.190104	12.597412	312.368710	4.861286
313.233587	12.609090	312.413492	4.861286
313.276361	12.609090	312.456019	4.861286
313.317348	12.609090	312.496063	4.878671
313.358842	12.607265	312.535072	4.878671
313.398258	12.607265	312.573287	4.878671
313.438739	12.607265	312.616931	4.893932
313.478227	12.612127	312.656179	4.893932
313.517685	12.612127	312.720404	4.893932
313.557836	12.612127	312.760467	4.897900
313.596313	12.609425	312.803779	4.897900
313.644983	12.609425	312.846507	4.897900
313.685492	12.609425	312.888142	4.907018
313.724280	12.609425	312.931676	4.907018
313.770333	12.598492	312.969616	4.907018
313.806486	12.598492	313.007089	4.903290
313.845469	12.598492	313.050050	4.903290
313.911526	12.634540	313.088787	4.903290
313.951072	12.634540	313.126883	4.903290
313.991389	12.634540	313.171934	4.896337
314.035879	12.613524	313.214911	4.896337
314.073755	12.613524	313.252194	4.896337
314.116451	12.613524	313.316039	4.872532
314.160883	12.607535	313.355460	4.872532
314.199950	12.607535	313.393834	4.872532
314.239719	12.607535	313.437470	4.876509
314.280482	12.482052	313.476566	4.876509
314.326043	12.482052	313.515873	4.876509
314.363434	12.482052	313.558090	4.855290
314.425146	12.477335	313.599949	4.855290
314.467719	12.477335	313.670369	4.855290
314.503607	12.477335	313.713015	4.845503
314.549884	12.474658	313.755558	4.845503
314.590458	12.474658	313.797013	4.845503
314.656073	12.474658	313.839397	4.823693
314.699980	12.459935	313.878593	4.823693
314.737370	12.459935	313.916991	4.823693
314.775825	12.459935	313.958477	4.801130
314.822751	12.462812	314.002073	4.801130
314.864433	12.462812	314.040426	4.801130
314.924309	12.439355	314.077398	4.801130
314.966978	12.439355	314.118260	4.796640
315.005873	12.439355	314.158866	4.796640
315.043816	12.439355	314.197078	4.796640
315.088635	12.424265	314.243682	4.783827
315.127016	12.424265	314.284972	4.783827
315.170243	12.424265	314.350870	4.758869
315.210656	12.428760	314.393261	4.758869
315.275584	12.428760	314.431042	4.758869
315.316610	12.428760	314.472338	4.758869
315.359199	12.405464	314.514585	4.732305
315.404867	12.405464	314.580087	4.732305
315.443474	12.405464	314.621994	4.720633
315.506580	12.397778	314.660377	4.720633
315.548493	12.397778	314.701377	4.720633
315.587044	12.397778	314.741861	4.714795
315.633374	12.424978	314.816242	4.714795
315.674074	12.424978	314.853796	4.714795
315.713189	12.424978	314.896234	4.712713
315.762148	12.424219	314.935882	4.712713
315.799519	12.424219	314.973938	4.712713
315.870178	12.413638	315.017387	4.710054
315.910384	12.413638	315.060436	4.710054
315.957232	12.413638	315.098341	4.710054
315.994551	12.413638	315.163609	4.695100
316.036228	12.397687	315.203555	4.695100
316.099236	12.397687	315.240498	4.695100
316.140197	12.415331	315.282743	4.693931
316.181760	12.415331	315.328739	4.693931
316.221952	12.415331	315.368082	4.693931
316.259416	12.415331	315.430675	4.699224
316.301823	12.414630	315.471681	4.699224
316.342834	12.414630	315.510527	4.699224
316.380212	12.414630	315.554225	4.646628
316.423252	12.431819	315.592291	4.646628
316.464670	12.431819	315.660994	4.646628
316.503869	12.431819	315.702207	3.714131
316.551040	12.432733	315.743167	3.714131
316.590236	12.432733	315.780166	3.714131
316.632913	12.432733	315.822423	3.720858
316.672208	12.409280	315.862701	3.720858
316.714899	12.409280	315.900959	3.720858
316.754815	12.409280	315.945827	3.718447
316.823704	12.445945	315.984836	3.718447
316.866512	12.445945	316.051425	3.718447
316.902708	12.445945	316.093085	3.709649
316.949730	12.437264	316.136452	3.709649
316.990274	12.437264	316.178040	3.709649
317.054247	12.437264	316.226069	3.723789
317.096432	12.447646	316.267687	3.723789
317.135026	12.447646	316.305659	3.723789
317.178421	12.447646	316.347307	3.711586
317.220030	12.438210	316.386890	3.711586
317.269623	12.438210	316.425682	3.711586
317.306114	12.438210	316.463007	3.711586
317.348015	12.460016	316.508688	3.701900
317.391918	12.460016	316.547999	3.701900
317.430500	12.460016	316.588138	3.701900
317.473585	12.455941	316.634630	3.707426
317.519405	12.455941	316.676047	3.707426
317.557245	12.455941	316.718513	3.707426
317.600390	12.473897	316.760901	3.714355
317.641636	12.473897	316.800332	3.714355
317.709876	12.473897	316.865879	3.714355
317.756744	12.477751	316.906196	3.738865
317.793724	12.477751	316.950022	3.738865
317.832623	12.477751	316.994435	3.738865
317.879238	12.478440	317.040424	3.739165
317.918951	12.478440	317.081924	3.739165
317.977796	12.478440	317.121029	3.739165
318.022454	12.495489	317.161571	3.768245
318.062015	12.495489	317.202279	3.768245
318.104461	12.495489	317.240555	3.768245
318.146492	12.485039	317.278489	3.791737
318.210445	12.485039	317.320097	3.791737
318.254425	12.485039	317.356586	3.791737
318.295293	12.493194	317.395999	3.791737
318.339661	12.493194	317.444683	3.830928
318.379337	12.493194	317.490634	3.830928
318.446240	12.516142	317.528775	3.830928
318.487244	12.516142	317.570062	3.869446
318.524741	12.517526	317.607568	3.869446
318.568761	12.517526	317.644910	3.869446
318.608707	12.517526	317.689792	3.886909
318.644651	12.517526	317.729637	3.886909
318.688007	12.530905	317.802274	3.886909
318.726368	12.530905	317.845626	3.939202
318.788116	12.530905	317.883413	3.939202
318.829310	12.545990	317.925179	3.939202
318.869454	12.545990	317.966163	3.974925
318.907158	12.545990	318.036308	3.974925
318.948165	12.545302	318.076962	4.000643
318.988484	12.545302	318.120766	4.000643
319.026221	12.545302	318.163228	4.000643
319.065542	12.545302	318.201401	4.000643
319.108562	12.571960	318.273007	4.071902
319.150839	12.571960	318.309478	4.071902
319.188924	12.571960	318.351230	4.070927
319.232572	12.563760	318.390093	4.070927
319.274448	12.563760	318.427687	4.070927
319.315322	12.563760	318.463504	4.070927
319.356978	12.577271	318.507837	4.115999
319.395184	12.577271	318.550306	4.115999
319.437038	12.577271	318.588212	4.115999
319.476001	12.569161	318.661491	4.156363
319.517717	12.569161	318.699549	4.156363
319.557699	12.569161	318.740032	4.196497
319.597414	12.569161	318.780583	4.196497
319.636966	12.580940	318.820199	4.196497
319.674863	12.580940	318.858993	4.196497
319.712750	12.580940	318.905597	4.241768
319.753940	12.609167	318.944319	4.241768
319.794111	12.609167	319.008243	4.275756
319.834889	12.609167	319.049909	4.275756
319.873514	12.572408	319.091517	4.275756
319.914158	12.572408	319.134808	4.306575
319.955685	12.572408	319.180123	4.306575
319.994617	12.572408	319.220902	4.306575
320.058196	12.597942	319.261319	4.306575
320.097140	12.597942	319.301572	4.357973
320.141281	12.600182	319.341343	4.357973
320.179901	12.600182	319.381161	4.357973
320.221972	12.600182	319.422753	4.388845
320.262364	12.589144	319.461983	4.388845
320.324174	12.589144	319.499262	4.388845
320.360936	12.589144	319.537153	4.431262
320.401999	12.603144	319.577938	4.431262
320.444973	12.603144	319.618648	4.431262
320.482676	12.603144	319.655824	4.431262
320.522946	12.603144	319.698222	4.475047
320.566056	12.580930	319.738616	4.475047
320.606755	12.580930	319.805684	4.510835
320.645885	12.580930	319.849093	4.510835
320.690036	12.592196	319.887117	4.510835
320.732765	12.592196	319.926009	4.510835
320.770726	12.592196	319.968081	4.538286
320.812680	12.590128	320.040823	4.538286
320.854944	12.590128	320.080325	4.592231
320.892278	12.590128	320.121994	4.592231
320.931839	12.608149	320.159938	4.592231
320.973446	12.608149	320.196989	4.592231
321.011799	12.608149	320.240390	4.590557
321.051459	12.608149	320.284439	4.590557
321.092016	12.469889	320.324585	4.590557
321.132252	12.469889	320.402702	4.645123
321.170883	12.469889	320.446319	4.645123
321.213582	12.471874	320.488074	4.675571
321.255170	12.471874	320.531184	4.675571
321.293053	12.471874	320.599288	4.675571
321.334719	12.459485	320.641616	4.662021
321.375921	12.459485	320.680027	4.662021
321.414443	12.459485	320.717232	4.662021
321.455451	12.441567	320.758379	4.705423
321.496024	12.441567	320.798758	4.705423
321.539058	12.441567	320.835964	4.705423
321.574847	12.441567	320.873541	4.705423
321.655109	12.450928	320.921172	4.706706
321.695689	12.450928	320.959417	4.706706
321.742844	12.428295	321.026049	4.709262
321.785900	12.428295	321.063995	4.709262
321.822367	12.428295	321.105352	4.709262
321.865802	12.404977	321.146920	4.728567
321.906461	12.404977	321.188989	4.728567
321.965572	12.404977	321.229434	4.728567
322.010038	12.390207	321.267833	4.728567
322.050384	12.390207	321.307594	4.718824
322.091540	12.390207	321.349378	4.718824
322.130916	12.387983	321.386331	4.718824
322.178094	12.387983	321.436580	4.722878
322.214371	12.387983	321.473157	4.722878
322.259156	12.405694	321.535532	4.728308
322.299830	12.405694	321.581875	4.728308
322.373584	12.405694	321.622249	4.728308
322.417384	12.384762	321.697355	4.724644
322.455496	12.384762	321.738564	4.724644
322.498755	12.384762	321.776570	4.724644
322.537926	12.391932	321.822209	4.706974
322.587838	12.391932	321.860896	4.706974
322.623308	12.391932	321.928619	4.706974
322.665219	12.385792	321.971072	4.718545
322.709310	12.385792	322.010695	4.718545
322.746709	12.385792	322.051876	4.718545
322.812043	12.407378	322.091277	4.704810
322.855562	12.407378	322.148894	4.704810
322.892833	12.407378	322.186340	4.704810
322.935561	12.432633	322.227649	4.687462
322.976579	12.432633	322.268140	4.687462
323.015939	12.432633	322.305734	4.687462
323.057679	12.399138	322.349709	4.690041
323.099896	12.399138	322.391388	4.690041
323.137815	12.399138	322.429825	4.690041
323.176360	12.399138	322.492136	4.691002
323.217486	12.401138	322.532792	4.691002
323.259376	12.401138	322.570167	4.691002
323.296650	12.401138	322.611897	4.677837
323.342759	12.405008	322.656178	4.677837
323.383625	12.405008	322.694326	4.677837
323.419736	12.405008	322.760993	4.664820
323.460792	12.433098	322.802254	4.664820
323.502006	12.433098	322.839586	4.664820
323.541154	12.433098	322.880013	4.638492
323.579706	12.433098	322.920685	4.638492
323.623982	12.428828	322.977651	4.638492
323.667541	12.428828	323.017766	4.619374
323.705394	12.428828	323.056894	4.619374
323.781092	12.435438	323.095618	4.619374
323.817532	12.435438	323.136536	4.600964
323.857732	12.415626	323.176203	4.600964
323.904249	12.415626	323.216887	4.600964
323.940794	12.415626	323.258833	4.600964
323.978441	12.415626	323.306934	4.576519
324.025405	12.417050	323.373304	4.576519
324.066137	12.417050	323.414471	4.518505
324.141083	12.447448	323.454878	4.518505
324.183693	12.447448	323.493988	4.518505
324.219266	12.447448	323.535102	4.447480
324.262443	12.452429	323.576597	4.447480
324.304152	12.452429	323.637589	4.447480
324.342092	12.452429	323.675777	4.447480
324.379842	12.452429	323.716333	3.936967
324.425418	12.455546	323.753966	3.936967
324.469421	12.455546	323.790295	3.936967
324.505878	12.455546	323.834597	3.972968
324.554718	12.459984	323.874618	3.972968
324.591608	12.459984	323.913626	3.972968
324.632875	12.459984	323.958390	3.999394
324.673573	12.455781	324.000331	3.999394
324.711189	12.455781	324.039214	3.999394
324.782595	12.455781	324.107366	3.995105
324.823184	12.475734	324.147082	3.995105
324.864222	12.475734	324.183644	3.995105
324.904868	12.475734	324.227084	4.021594
324.943904	12.472880	324.267306	4.021594
324.984163	12.472880	324.305273	4.021594
325.023698	12.472880	324.356677	4.045956
325.065453	12.478426	324.396831	4.045956
325.103522	12.478426	324.465093	4.045956
325.142582	12.478426	324.506848	4.034469
325.181169	12.478426	324.550435	4.034469
325.222816	12.487540	324.592582	4.034469
325.262936	12.487540	324.636600	4.048811
325.304101	12.487540	324.676522	4.048811
325.343644	12.514605	324.714804	4.048811
325.387846	12.514605	324.755190	4.036172
325.428309	12.514605	324.794971	4.036172
325.500047	12.525168	324.833328	4.036172
325.542217	12.525168	324.870915	4.036172
325.579396	12.525168	324.916074	4.040349
325.627263	12.542790	324.956015	4.040349
325.668351	12.542790	324.994793	4.040349
325.737382	12.534875	325.062679	4.044556
325.780967	12.534875	325.100700	4.044556
325.818703	12.534875	325.142887	4.048362
325.862482	12.528652	325.183690	4.048362
325.903432	12.528652	325.221055	4.048362
325.966790	12.528652	325.258551	4.048362
326.007250	12.555770	325.305763	4.062778
326.047452	12.555770	325.345827	4.062778
326.087669	12.555770	325.408330	4.072343
326.126114	12.555770	325.450821	4.072343
326.166177	12.580308	325.491551	4.072343
326.205647	12.580308	325.533392	4.088883
326.244545	12.580308	325.574666	4.088883
326.290730	12.561210	325.615979	4.088883
326.327944	12.561210	325.654310	4.088883
326.370205	12.561210	325.695029	4.088505
326.410309	12.568381	325.735628	4.088505
326.456154	12.568381	325.774331	4.088505
326.492836	12.568381	325.817709	4.111290
326.532188	12.566647	325.854982	4.111290
326.598578	12.566647	325.891883	4.111290
326.638231	12.566647	325.930987	4.111290
326.683560	12.578945	325.973057	4.126268
326.724057	12.578945	326.013164	4.126268
326.761334	12.578945	326.050172	4.126268
326.804296	12.574635	326.093099	4.139037
326.845786	12.574635	326.163353	4.139037
326.884028	12.574635	326.202749	4.146610
326.922699	12.574635	326.254636	4.146610
326.965580	12.586567	326.296091	4.146610
327.006588	12.586567	326.333574	4.146610
327.043025	12.586567	326.382794	4.182041
327.089490	12.578827	326.421440	4.182041
327.131137	12.578827	326.459648	4.207628
327.168805	12.578827	326.503323	4.207628
327.211922	12.588506	326.541235	4.207628
327.252692	12.588506	326.579657	4.207628
327.289882	12.588506	326.622875	4.205028
327.332646	12.586473	326.660860	4.205028
327.374342	12.586473	326.702673	4.205028
327.418458	12.586473	326.745266	4.205028
327.456842	12.586312	326.788866	4.223401
327.526946	12.586312	326.833335	4.223401
327.564596	12.586312	326.877225	4.224757
327.608645	12.564154	326.916603	4.224757
327.652609	12.564154	326.977290	4.224757
327.689898	12.564154	327.018648	4.234487
327.735579	12.586963	327.062861	4.234487
327.778814	12.586963	327.104771	4.234487
327.837923	12.586963	327.148449	4.255018
327.881715	12.446143	327.190406	4.255018
327.919981	12.446143	327.228931	4.255018
327.956970	12.446143	327.269863	4.281505
328.000952	12.459760	327.309638	4.281505
328.042663	12.459760	327.350270	4.281505
328.103542	12.459760	327.387392	4.281505
328.149407	12.445536	327.430731	4.272863
328.189109	12.445536	327.472979	4.272863
328.230607	12.445536	327.510923	4.272863
328.273029	12.429242	327.578582	4.303384
328.338711	12.429242	327.617904	4.303384
328.379039	12.429242	327.656267	4.303384
328.418341	12.421178	327.699032	4.300070
328.461935	12.421178	327.736275	4.300070
328.500427	12.421178	327.775120	4.300070
328.572912	12.405751	327.819585	4.320439
328.615205	12.405751	327.858684	4.320439
328.653075	12.399925	327.918772	4.320439
328.698358	12.399925	327.960228	4.317703
328.738662	12.399925	328.003303	4.317703
328.811271	12.396395	328.044105	4.317703
328.854010	12.396395	328.085770	4.315015
328.890633	12.396395	328.125416	4.315015
328.934438	12.377280	328.164713	4.315015
328.977267	12.377280	328.203336	4.315015
329.041156	12.377280	328.245830	4.250530
329.086272	12.382502	328.285312	4.250530
329.123981	12.382502	328.324063	4.250530
329.162786	12.382502	328.376578	4.229817
329.207545	12.369886	328.417987	4.229817
329.248293	12.369886	328.464034	4.246366
329.310591	12.369886	328.531189	4.246366
329.354401	12.398314	328.573466	4.246366
329.392648	12.398314	328.615163	4.209170
329.433705	12.398314	328.674408	4.209170
329.475974	12.385343	328.710535	4.209170
329.543788	12.385343	328.751616	4.251725
329.590487	12.385343	328.790386	4.251725
329.639636	12.369038	328.830659	4.251725
329.681243	12.369038	328.870465	4.240806
329.721959	12.369038	328.911323	4.240806
329.794086	12.393053	328.949968	4.240806
329.833339	12.393053	328.989571	4.240806
329.875047	12.384620	329.038387	4.220676
329.917853	12.384620	329.077258	4.220676
329.955539	12.384620	329.144294	4.212242
330.015924	12.415721	329.184891	4.212242
330.058196	12.415721	329.228093	4.212242
330.095892	12.415721	329.273635	4.184764
330.145494	12.395393	329.315181	4.184764
330.185717	12.395393	329.356522	4.184764
330.249812	12.395393	329.396544	4.184764
330.295554	12.393556	329.439065	4.170516
330.333219	12.393556	329.478315	4.170516
330.376683	12.393556	329.516445	4.170516
330.420558	12.413508	329.564862	4.155337
330.483294	12.413508	329.602314	4.155337
330.524979	12.413508	329.672988	4.171345
330.566127	12.414434	329.717762	4.171345
330.605868	12.414434	329.755694	4.171345
330.646193	12.414434	329.813820	4.163897
330.685535	12.432417	329.855024	4.163897
330.725904	12.432417	329.892354	4.163897
330.766543	12.432417	329.930954	4.163897
330.806294	12.416838	329.984273	4.165097
330.847516	12.416838	330.022218	4.165097
330.887117	12.416838	330.096333	4.166310
330.927348	12.430325	330.136335	4.166310
330.971838	12.430325	330.171595	4.166310
331.010806	12.430325	330.213982	4.157780
331.052306	12.443010	330.254867	4.157780
331.124268	12.443010	330.329259	4.157780
331.160943	12.443010	330.373013	4.182893
331.206289	12.445615	330.411870	4.182893
331.248668	12.445615	330.451366	4.182893
331.290517	12.445615	330.498441	4.195385
331.330264	12.465769	330.536470	4.195385
331.376053	12.465769	330.574914	4.195385
331.416995	12.465769	330.620619	4.163558
331.482135	12.449203	330.661114	4.163558
331.525259	12.449203	330.735882	4.167531
331.561391	12.449203	330.777504	4.167531
331.604407	12.455878	330.817939	4.167531
331.645924	12.455878	330.859115	4.167531
331.711323	12.455878	330.903512	4.183840
331.756491	12.457956	330.966778	4.183840
331.794026	12.457956	331.008043	4.174626
331.837613	12.457956	331.049615	4.174626
331.879622	12.466249	331.092134	4.174626
331.926997	12.466249	331.129388	4.174626
331.963579	12.466249	331.203486	4.176765
332.005248	12.497811	331.242069	4.176765
332.047847	12.497811	331.284591	4.162593
332.086822	12.497811	331.324989	4.162593
332.128122	12.484542	331.363727	4.162593
332.179575	12.484542	331.406244	4.137050
332.217077	12.484542	331.454422	4.137050
332.261147	12.491730	331.493058	4.137050
332.301531	12.491730	331.563982	4.121682
332.362965	12.491730	331.605145	4.121682
332.405715	12.519694	331.646255	4.121682
332.446274	12.519694	331.691340	4.051740
332.487841	12.519694	331.733623	4.051740
332.527581	12.532672	331.773126	4.051740
332.596608	12.532672	331.816222	4.229916
332.639604	12.532672	331.856260	4.229916
332.678611	12.534165	331.898251	4.229916
332.720908	12.534165	331.939405	4.231985
332.759330	12.534165	331.982759	4.231985
332.834381	12.516529	332.021154	4.231985
332.876875	12.516529	332.059081	4.231985
332.914085	12.516529	332.104626	4.233733
332.958198	12.552507	332.144507	4.233733
332.999557	12.552507	332.219816	4.249318
333.068594	12.531974	332.259776	4.249318
333.111395	12.531974	332.296813	4.249318
333.148981	12.531974	332.339095	4.252630
333.193771	12.548479	332.381591	4.252630
333.234736	12.548479	332.453036	4.252630
333.298826	12.548479	332.493842	4.231411
333.345024	12.570511	332.535463	4.231411
333.383918	12.570511	332.574768	4.231411
333.427812	12.570511	332.617346	4.243817
333.467859	12.564796	332.673583	4.243817
333.517783	12.564796	332.712595	4.243817
333.554935	12.564796	332.752113	4.215714
333.595675	12.561417	332.791876	4.215714
333.640304	12.561417	332.829523	4.215714
333.676990	12.561417	332.873302	4.249941
333.717829	12.561417	332.916078	4.249941
333.763557	12.570298	332.952163	4.249941
333.802040	12.570298	333.019782	4.239023
333.842896	12.570298	333.061145	4.239023
333.885167	12.576814	333.098542	4.239023
333.954246	12.576814	333.138413	4.246684
333.996857	12.565496	333.183269	4.246684
334.038202	12.565496	333.221566	4.246684
334.080852	12.565496	333.287302	4.232187
334.119825	12.565496	333.329334	4.232187
334.189451	12.573823	333.367010	4.232187
334.231880	12.573823	333.407844	4.232012
334.272828	12.571159	333.450323	4.232012
334.319090	12.571159	333.520954	4.232012
334.358309	12.571159	333.564544	4.254643
334.424681	12.550808	333.604604	4.254643
334.465378	12.550808	333.643378	4.254643
334.501581	12.550808	333.689508	4.228215
334.546365	12.582055	333.742260	4.228215
334.587832	12.582055	333.780371	4.228215
334.660448	12.432488	333.821497	4.217940
334.704195	12.432488	333.862021	4.217940
334.739758	12.432488	333.898867	4.217940
334.778773	12.432488	333.942520	4.226689
334.832627	12.435756	333.988698	4.226689
334.870966	12.435756	334.027999	4.226689
334.942894	12.424331	334.087624	4.206610
334.983771	12.424331	334.127211	4.206610
335.021288	12.424331	334.165345	4.206610
335.063882	12.419878	334.202919	4.206610
335.104406	12.419878	334.255058	4.233570
335.141932	12.419878	334.294474	4.233570
335.180370	12.438012	334.338048	4.204792
335.222588	12.438012	334.383998	4.204792
335.261922	12.438012	334.423546	4.204792
335.299267	12.438012	334.462600	4.204571
335.343920	12.394512	334.500810	4.204571
335.386829	12.394512	334.538971	4.204571
335.425764	12.394512	334.580724	4.204571
335.467911	12.375662	334.621850	4.205164
335.510736	12.375662	334.682305	4.205164
335.548923	12.375662	334.718714	4.205164
335.590533	12.380838	334.761688	4.191021
335.632474	12.380838	334.804580	4.191021
335.676591	12.380838	334.842234	4.191021
335.713468	12.380838	334.914393	4.197576
335.761626	12.378865	334.954373	4.197576
335.803177	12.378865	334.991035	4.197576
335.866735	12.363329	335.037138	4.198828
335.909829	12.363329	335.076869	4.198828
335.947095	12.363329	335.147150	4.175611
335.990903	12.361184	335.189493	4.175611
336.032101	12.361184	335.231309	4.175611
336.099806	12.361184	335.273299	4.160616
336.143872	12.367840	335.350492	4.160616
336.181304	12.367840	335.387897	4.160616
336.223518	12.367840	335.429145	4.159709
336.264618	12.339227	335.467936	4.159709
336.316950	12.339227	335.506691	4.159709
336.355110	12.339227	335.547918	4.165457
336.395524	12.378086	335.587828	4.165457
336.440086	12.378086	335.625209	4.165457
336.477983	12.378086	335.665770	4.145612
336.519209	12.378086	335.711370	4.145612
336.566814	12.373504	335.749019	4.145612
336.603386	12.373504	335.821733	4.140367
336.644611	12.373504	335.860590	4.140367
336.688811	12.362827	335.901663	4.140367
336.757852	12.362827	335.945039	4.131585
336.805042	12.374854	335.985787	4.131585
336.845047	12.374854	336.025732	4.131585
336.888661	12.374854	336.065484	4.110748
336.927113	12.381618	336.106802	4.110748
336.973347	12.381618	336.144704	4.110748
337.010359	12.381618	336.182432	4.110748
337.052258	12.391251	336.237143	4.067030
337.095120	12.391251	336.275316	4.067030
337.166174	12.391251	336.338516	4.025789
337.211658	12.403507	336.384126	4.025789
337.250352	12.403507	336.423968	4.025789
337.289830	12.403507	336.505538	3.971602
337.334354	12.402664	336.545386	3.971602
337.377376	12.402664	336.581602	3.971602
337.433709	12.402664	336.627898	3.908277
337.478988	12.384102	336.667089	3.908277
337.524484	12.384102	336.730342	3.908277
337.561014	12.384102	336.772651	3.879590
337.610349	12.397350	336.813838	3.879590
337.649294	12.397350	336.855714	3.879590
337.693024	12.397350	336.901683	3.835838
337.731887	12.412955	336.938509	3.835838
337.772904	12.412955	336.979169	3.835838
337.845081	12.412955	337.018669	3.786425
337.889363	12.415511	337.063470	3.786425
337.930004	12.415511	337.100002	3.786425
337.969798	12.415511	337.172827	3.761483
338.013754	12.426064	337.210409	3.761483
338.053060	12.426064	337.250040	3.761483
338.095979	12.426064	337.291793	3.715479
338.136950	12.427594	337.356169	3.715479
338.203310	12.427594	337.392908	3.715479
338.241608	12.427594	337.437577	3.705486
338.287352	12.426021	337.475896	3.705486
338.325860	12.426021	337.518459	3.705486
338.368097	12.426021	337.559702	3.679018
338.408570	12.466742	337.623802	3.679018
338.458632	12.466742	337.666838	3.641420
338.496079	12.466742	337.707630	3.641420
338.541159	12.456315	337.747532	3.641420
338.580365	12.456315	337.785074	3.641420
338.642958	12.456315	337.858439	3.635511
338.688587	12.446850	337.897498	3.635511
338.727785	12.446850	337.936822	3.633882
338.769668	12.446850	337.977088	3.633882
338.810440	12.455991	338.017921	3.633882
338.865106	12.455991	338.058585	3.633882
338.903249	12.455991	338.105357	3.639930
338.947902	12.466378	338.142697	3.639930
338.985773	12.466378	338.201850	3.639930
339.051071	12.466378	338.244086	3.651245
339.095365	12.497325	338.287475	3.651245
339.133500	12.497325	338.326581	3.651245
339.175656	12.497325	338.402960	3.664694
339.225959	12.482974	338.440130	3.664694
339.285611	12.482974	338.485607	3.655898
339.328628	12.482974	338.524914	3.655898
339.372419	12.497894	338.565135	3.655898
339.413803	12.497894	338.606746	3.668340
339.451771	12.484385	338.670130	3.668340
339.498739	12.484385	338.707663	3.668340
339.535920	12.484385	338.751447	3.683828
339.576828	12.484385	338.794915	3.683828
339.626636	12.514370	338.832957	3.683828
339.691351	12.514370	338.906690	3.683310
339.735304	12.555421	338.946326	3.683310
339.774811	12.555421	338.985279	3.683310
339.817971	12.555421	339.030579	3.673872
339.856697	12.515400	339.068981	3.673872
339.904433	12.515400	339.107490	3.673872
339.941839	12.515400	339.152061	3.678312
339.984418	12.547493	339.191767	3.678312
340.025645	12.547493	339.258242	3.678312
340.099247	12.547493	339.300892	3.691297
340.142550	12.541925	339.343535	3.691297
340.179794	12.541925	339.386766	3.691297
340.223320	12.541925	339.435990	3.687696
340.264487	12.549288	339.476684	3.687696
340.315059	12.549288	339.514322	3.687696
340.351820	12.549288	339.555338	3.651182
340.393694	12.551102	339.594849	3.651182
340.438382	12.551102	339.634307	3.651182
340.476987	12.551102	339.676278	3.632165
340.541080	12.552132	339.714588	3.632165
340.585308	12.552132	339.749653	3.632165
340.623715	12.552132	339.789491	3.583326
340.668135	12.559229	339.833049	3.583326
340.710706	12.559229	339.871234	3.583326
340.748479	12.559229	339.906896	3.583326
340.789709	12.550005	339.949461	4.545357
340.829510	12.550005	339.989997	4.545357
340.868054	12.550005	340.056613	4.545357
340.907549	12.550005	340.100174	4.561340
340.948482	12.559495	340.138791	4.561340
340.988913	12.559495	340.177722	4.561340
341.029955	12.559495	340.221195	4.550021
341.069562	12.549127	340.291214	4.550021
341.113464	12.549127	340.329076	4.550021
341.151655	12.549127	340.370625	4.571857
341.217015	12.557407	340.409153	4.571857
341.258644	12.557407	340.446576	4.571857
341.294806	12.557407	340.488756	4.569031
341.341311	12.558368	340.532666	4.569031
341.384810	12.558368	340.569147	4.569031
341.450500	12.558368	340.635498	4.564370
341.493199	12.562152	340.675125	4.564370
341.530486	12.562152	340.712103	4.564370
341.575372	12.562152	340.757420	4.594722
341.614327	12.437889	340.796098	4.594722
341.653181	12.437889	340.867311	4.527044
341.716576	12.437889	340.908992	4.527044
341.763269	12.435817	340.946770	4.527044
341.800007	12.435817	340.986587	4.527044
341.839664	12.435817	341.034791	4.475074
341.885311	12.420728	341.070779	4.475074
341.925080	12.420728	341.110411	4.475074
341.983654	12.391820	341.152238	4.440880
342.027150	12.391820	341.194238	4.440880
342.064799	12.391820	341.230954	4.440880
342.104320	12.391820	341.295077	4.465550
342.147189	12.415692	341.333309	4.465550
342.186569	12.415692	341.376078	4.465550
342.228962	12.415692	341.420098	4.447768
342.271264	12.396412	341.493856	4.447768
342.330463	12.396412	341.533850	4.447768
342.372410	12.396412	341.577015	4.417807
342.411467	12.375127	341.619019	4.417807
342.455556	12.375127	341.657501	4.417807
342.512772	12.375127	341.727573	4.399545
342.557910	12.350765	341.765954	4.399545
342.599486	12.350765	341.808400	4.357965
342.636787	12.350765	341.849225	4.357965
342.679265	12.357417	341.886758	4.357965
342.721925	12.357417	341.924109	4.357965
342.758577	12.357417	341.972254	4.319296
342.800647	12.361291	342.009531	4.319296
342.838830	12.361291	342.074284	4.290070
342.879299	12.361291	342.111895	4.290070
342.921438	12.361291	342.152074	4.290070
342.960575	12.373044	342.194604	4.253848
342.999307	12.373044	342.237026	4.253848
343.041517	12.373044	342.276765	4.253848
343.079983	12.343000	342.314753	4.253848
343.123968	12.343000	342.355813	4.232713
343.162765	12.343000	342.395210	4.232713
343.236806	12.354053	342.433574	4.232713
343.275319	12.354053	342.475958	4.211340
343.312615	12.354053	342.515027	4.211340
343.358672	12.354612	342.552300	4.211340
343.399895	12.354612	342.590489	4.193880
343.436543	12.354612	342.638072	4.193880
343.481373	12.367705	342.677969	4.193880
343.519927	12.367705	342.714142	4.193880
343.563406	12.367705	342.756445	4.147428
343.604054	12.365800	342.795826	4.147428
343.646497	12.365800	342.865034	4.076767
343.686037	12.365800	342.907412	4.076767
343.747632	12.369130	342.947771	4.076767
343.791033	12.369130	342.988033	4.076767
343.827185	12.369130	343.027633	4.041576
343.875091	12.367353	343.082366	4.041576
343.913486	12.367353	343.119111	4.041576
343.979201	12.365195	343.162437	3.988788
344.023031	12.365195	343.202088	3.988788
344.059400	12.365195	343.237987	3.988788
344.100297	12.365195	343.279870	3.944995
344.143161	12.390845	343.324984	3.944995
344.211657	12.390845	343.363699	3.944995
344.249967	12.390845	343.431294	3.887099
344.291455	12.399642	343.471306	3.887099
344.336002	12.399642	343.508591	3.887099
344.375104	12.399642	343.552653	3.833631
344.420192	12.379618	343.591120	3.833631
344.456828	12.379618	343.666027	3.789335
344.494632	12.379618	343.707883	3.789335
344.538407	12.384808	343.745954	3.789335
344.579133	12.384808	343.786191	3.789335
344.652519	12.366490	343.826026	3.734610
344.696856	12.366490	343.895727	3.734610
344.734859	12.366490	343.933381	3.697265
344.775868	12.366490	343.976344	3.697265
344.818623	12.416796	344.020072	3.697265
344.886645	12.416796	344.057371	3.697265
344.929388	12.416936	344.099420	3.651996
344.967424	12.416936	344.137576	3.651996
345.009518	12.416936	344.178183	3.651996
345.049549	12.416936	344.226427	3.591893
345.121690	12.399214	344.263648	3.591893
345.162778	12.399214	344.334403	3.591893
345.204338	12.410665	344.381572	3.547280
345.247619	12.410665	344.428107	3.547280
345.286597	12.410665	344.474141	3.547280
345.358021	12.415535	344.517420	3.507969
345.401641	12.415535	344.558439	3.507969
345.438800	12.415535	344.598192	3.483378
345.487440	12.451481	344.638381	3.483378
345.526433	12.451481	344.677418	3.483378
345.594387	12.438938	344.714814	3.483378
345.638210	12.438938	344.756983	3.422635
345.674625	12.438938	344.796087	3.422635
345.719220	12.445459	344.835626	3.422635
345.760563	12.445459	344.879459	3.406551
345.824822	12.445459	344.916845	3.406551
345.864860	12.438701	344.989931	3.386096
345.905883	12.438701	345.036153	3.386096
345.944646	12.438701	345.077423	3.386096
345.984352	12.482041	345.118380	3.386096
346.023447	12.482041	345.159773	3.387861
346.064491	12.482041	345.200916	3.387861
346.103913	12.482041	345.238333	3.387861
346.147789	12.494533	345.278712	3.370776
346.186492	12.494533	345.315875	3.370776
346.225271	12.494533	345.356754	3.370776
346.297760	12.462618	345.399323	3.380334
346.339333	12.462618	345.439489	3.380334
346.381778	12.462618	345.476855	3.380334
346.425071	12.488333	345.513224	3.380334
346.462718	12.488333	345.555755	3.360905
346.500896	12.488333	345.597395	3.360905
346.545474	12.488876	345.634654	3.360905
346.583912	12.488876	345.675572	3.362905
346.622350	12.488876	345.739491	3.362905
346.661165	12.524849	345.777431	3.362905
346.702813	12.524849	345.824293	3.410563
346.745033	12.524849	345.867381	3.410563
346.783891	12.534512	345.903558	3.410563
346.832141	12.534512	345.946824	3.399465
346.873387	12.534512	345.986128	3.399465
346.934426	12.528158	346.027647	3.399465
346.977751	12.528158	346.070725	3.412245
347.014761	12.528158	346.121921	3.412245
347.058822	12.511226	346.158535	3.412245
347.100919	12.511226	346.199446	3.419869
347.167841	12.511226	346.244931	3.419869
347.213661	12.518532	346.282090	3.419869
347.250957	12.518532	346.354139	3.418889
347.288744	12.518532	346.396007	3.418889
347.334719	12.557457	346.432698	3.418889
347.374959	12.557457	346.481042	3.455211
347.432954	12.557457	346.520791	3.455211
347.477895	12.540305	346.584650	3.455211
347.516762	12.540305	346.628259	3.450283
347.557100	12.540305	346.668075	3.450283
347.599416	12.541957	346.708485	3.450283
347.669446	12.541957	346.750447	3.462788
347.712358	12.551704	346.820737	3.462788
347.753937	12.551704	346.859467	3.477494
347.797195	12.551704	346.898757	3.477494
347.837138	12.551704	346.936662	3.477494
347.906628	12.535205	346.972693	3.477494
347.949518	12.535205	347.018020	3.488128
347.988642	12.567459	347.060291	3.488128
348.033859	12.567459	347.098454	3.488128
348.073795	12.567459	347.165430	3.488685
348.140914	12.555268	347.204901	3.488685
348.183663	12.555268	347.240726	3.488685
348.220017	12.555268	347.283893	3.499963
348.264998	12.515728	347.327093	3.499963
348.305392	12.515728	347.366730	3.499963
348.373012	12.515728	347.429584	3.497777
348.418660	12.546650	347.469374	3.497777
348.455668	12.546650	347.505536	3.497777
348.495107	12.546650	347.547770	3.496087
348.542182	12.418048	347.589097	3.496087
348.595711	12.418048	347.627644	3.496087
348.634357	12.418048	347.698152	3.484480
348.673703	12.446372	347.735979	3.484480
348.713533	12.446372	347.772381	3.484480
348.754693	12.446372	347.817379	3.466156
348.796310	12.420196	347.860273	3.466156
348.840278	12.420196	347.897709	3.466156
348.878840	12.420196	347.965614	3.461370
348.952816	12.380073	348.003239	3.461370
348.994080	12.380073	348.038807	3.461370
349.030222	12.380073	348.081291	3.406426
349.075945	12.380318	348.124371	3.406426
349.115960	12.380318	348.161989	3.406426
349.189310	12.376624	348.234227	4.608322
349.232482	12.376624	348.272091	4.608322
349.268432	12.376624	348.307750	4.608322
349.313783	12.377687	348.349864	4.616942
349.355514	12.377687	348.393341	4.616942
349.422485	12.377687	348.430030	4.616942
349.461003	12.360423	348.495718	4.632170
349.504042	12.360423	348.534050	4.632170
349.543798	12.360423	348.570604	4.632170
349.584280	12.360423	348.614913	4.646467
349.623648	12.344089	348.656188	4.646467
349.663928	12.344089	348.694418	4.646467
349.702743	12.344089	348.759993	4.620160
349.746780	12.336044	348.800432	4.620160
349.784334	12.336044	348.838219	4.620160
349.822243	12.336044	348.879908	4.630603
349.868330	12.335007	348.921077	4.630603
349.907550	12.335007	348.960537	4.630603
349.970764	12.335007	349.026439	4.645562
350.013774	12.351446	349.066625	4.645562
350.051694	12.351446	349.105015	4.645562
350.093231	12.351446	349.147999	4.642153
350.138999	12.347046	349.190115	4.642153
350.204505	12.347046	349.230001	4.642153
350.246530	12.347046	349.295953	4.631112
350.286373	12.322949	349.335343	4.631112
350.331314	12.322949	349.372179	4.631112
350.369674	12.322949	349.418107	4.646973
350.442372	12.350628	349.458853	4.646973
350.483821	12.350628	349.497541	4.646973
350.525269	12.354879	349.556133	4.637038
350.570234	12.354879	349.596693	4.637038
350.609386	12.354879	349.633975	4.637038
350.675066	12.355661	349.675289	4.643441
350.719602	12.355661	349.718405	4.643441
350.756755	12.355661	349.755912	4.643441
350.803763	12.347093	349.823178	4.573619
350.842515	12.347093	349.861397	4.573619
350.910267	12.347394	349.897332	4.573619
350.955274	12.347394	349.937715	4.555058
350.992552	12.347394	349.979752	4.555058
351.032650	12.347394	350.021649	4.555058
351.076020	12.345459	350.061571	4.502671
351.145559	12.345459	350.131213	4.502671
351.184807	12.345459	350.170637	4.502671
351.224708	12.380608	350.213189	4.436732
351.268210	12.380608	350.253567	4.436732
351.306391	12.380608	350.292039	4.436732
351.356755	12.381638	350.354918	4.389380
351.393981	12.381638	350.394935	4.389380
351.430577	12.381638	350.434906	4.389380
351.472315	12.363627	350.480226	4.324631
351.512619	12.363627	350.518921	4.324631
351.550634	12.363627	350.558814	4.324631
351.605490	12.387367	350.601956	4.272607
351.644377	12.387367	350.640451	4.272607
351.683190	12.387367	350.708203	4.272607
351.725271	12.374387	350.750143	4.193625
351.768746	12.374387	350.793829	4.193625
351.805271	12.374387	350.833995	4.193625
351.847272	12.374387	350.876975	4.128817
351.892461	12.388203	350.942622	4.128817
351.935401	12.388203	350.980516	4.128817
351.975375	12.388203	351.022891	4.108343
352.019199	12.405938	351.060947	4.108343
352.058197	12.405938	351.098976	4.108343
352.097604	12.405938	351.141377	4.051795
352.140941	12.411608	351.179024	4.051795
352.180574	12.411608	351.217345	4.051795
352.217109	12.411608	351.261026	4.000634
352.257705	12.394520	351.306286	4.000634
352.306002	12.394520	351.345985	4.000634
352.342999	12.394520	351.386821	4.000634
352.383780	12.408290	351.428249	3.967103
352.446901	12.408290	351.468399	3.967103
352.487926	12.408290	351.513789	3.967103
352.533651	12.444883	351.556012	3.898233
352.573122	12.444883	351.630659	3.898233
352.617162	12.444883	351.673930	3.860440
352.656341	12.423612	351.715961	3.860440
352.711089	12.423612	351.757845	3.860440
352.748638	12.423612	351.799980	3.794728
352.794253	12.426453	351.866981	3.794728
352.833187	12.426453	351.905741	3.794728
352.886352	12.426453	351.948984	3.735979
352.926561	12.439861	351.988002	3.735979
352.975462	12.439861	352.024786	3.735979
353.012741	12.439861	352.065490	3.677407
353.053644	12.454146	352.112019	3.677407
353.133624	12.454146	352.152204	3.677407
353.172266	12.454146	352.226651	3.620922
353.215364	12.488320	352.267158	3.620922
353.258165	12.488320	352.303830	3.620922
353.295124	12.488320	352.357284	3.563354
353.344843	12.478892	352.405688	3.563354
353.381461	12.478892	352.476851	3.517044
353.449917	12.478892	352.517599	3.517044
353.489869	12.482319	352.561594	3.517044
353.538367	12.482319	352.604062	3.466593
353.576002	12.482319	352.676272	3.466593
353.619154	12.493788	352.714984	3.466593
353.680619	12.493788	352.756274	3.435549
353.724597	12.511267	352.795479	3.435549
353.764710	12.511267	352.833793	3.435549
353.805262	12.511267	352.875702	3.368959
353.842648	12.511267	352.916498	3.368959
353.886894	12.512059	352.954759	3.368959
353.927910	12.512059	353.000825	3.320523
353.965518	12.512059	353.039883	3.320523
354.007089	12.527332	353.112683	3.320523
354.046816	12.527332	353.153722	3.256266
354.087994	12.527332	353.196818	3.256266
354.132560	12.506762	353.238988	3.256266
354.170337	12.506762	353.281851	3.249584
354.213511	12.506762	353.322210	3.249584
354.250740	12.491771	353.359989	3.249584
354.300260	12.491771	353.401589	3.255332
354.337623	12.491771	353.441782	3.255332
354.373936	12.491771	353.480254	3.255332
354.418535	12.519295	353.519176	3.242489
354.460503	12.519295	353.559141	3.242489
354.497267	12.519295	353.598299	3.242489
354.572877	12.538305	353.636366	3.242489
354.611794	12.538305	353.682429	3.220157
354.652935	12.512863	353.722006	3.220157
354.695980	12.512863	353.786678	3.220157
354.735267	12.512863	353.832192	3.230544
354.777765	12.512863	353.869994	3.230544
354.824660	12.540526	353.911678	3.230544
354.865211	12.540526	353.953557	3.237140
354.905654	12.540526	354.021772	3.237140
354.952348	12.536310	354.064997	3.261420
354.992556	12.536310	354.108619	3.261420
355.034331	12.536310	354.150080	3.261420
355.074661	12.553007	354.189700	3.268733
355.117767	12.553007	354.255067	3.268733
355.158055	12.553007	354.292628	3.268733
355.227554	12.551740	354.334041	3.269152
355.270116	12.551740	354.372895	3.269152
355.308754	12.551740	354.410439	3.269152
355.354361	12.523947	354.449823	3.269152
355.395110	12.523947	354.496479	3.262030
355.465622	12.535605	354.533253	3.262030
355.509790	12.535605	354.594177	3.282969
355.546556	12.535605	354.636722	3.282969
355.591950	12.532911	354.677581	3.282969
355.633333	12.532911	354.720179	3.301963
355.697547	12.532911	354.760338	3.301963
355.741639	12.414587	354.801699	3.301963
355.779311	12.414587	354.839454	3.301963
355.822899	12.414587	354.879976	3.335520
355.862720	12.404625	354.919878	3.335520
355.914507	12.404625	354.958311	3.335520
355.951337	12.404625	354.999290	3.332299
355.992706	12.376621	355.038620	3.332299
356.036112	12.376621	355.075994	3.332299
356.074569	12.376621	355.112590	3.332299
356.116251	12.378521	355.153814	3.351380
356.167103	12.378521	355.192939	3.351380
356.204640	12.378521	355.229195	3.351380
356.245517	12.378521	355.270112	3.358250
356.290431	12.379943	355.331887	3.358250
356.351644	12.379943	355.369977	3.358250
356.395612	12.367862	355.415681	3.381810
356.435121	12.367862	355.458339	3.381810
356.476147	12.367862	355.496105	3.381810
356.517952	12.361236	355.538659	3.400486
356.586996	12.361236	355.579667	3.400486
356.628374	12.361236	355.621003	3.400486
356.668261	12.317951	355.662730	3.396920
356.711128	12.317951	355.715698	3.396920
356.750351	12.317951	355.752924	3.396920
356.823532	12.330117	355.791723	3.384642
356.865952	12.330117	355.838022	3.384642
356.904167	12.330117	355.876563	3.384642
356.948060	12.330924	355.947140	3.390229
356.988218	12.330924	355.987456	3.390229
357.059721	12.323589	356.023890	3.390229
357.105361	12.323589	356.065959	3.394115
357.142982	12.323589	356.108064	3.394115
357.185996	12.349353	356.167341	3.394115
357.227330	12.349353	356.209885	3.393255
357.291932	12.349353	356.250750	3.393255
357.337487	12.330914	356.292499	3.393255
357.374333	12.330914	356.335558	3.364718
357.412421	12.330914	356.386162	3.364718
357.456646	12.325384	356.424755	3.364718
357.498146	12.325384	356.465122	3.325228
357.560701	12.325384	356.507533	3.325228
357.606484	12.331132	356.548157	3.325228
357.646276	12.331132	356.587047	3.325228
357.689791	12.331132	356.630214	4.828997
357.733389	12.343673	356.669531	4.828997
357.796091	12.343673	356.731195	4.860719
357.838742	12.341907	356.772389	4.860719
357.878326	12.341907	356.808418	4.860719
357.922946	12.341907	356.850613	4.860719
357.960920	12.341907	356.894516	4.872842
358.030870	12.335080	356.963570	4.872842
358.073713	12.335080	357.003066	4.848933
358.111811	12.352405	357.043375	4.848933
358.157441	12.352405	357.084162	4.848933
358.197754	12.352405	357.122408	4.874718
358.265895	12.359743	357.162506	4.874718
358.308923	12.359743	357.201415	4.874718
358.345133	12.359743	357.243550	4.874718
358.389526	12.374774	357.286199	4.856749
358.432582	12.374774	357.344229	4.856749
358.497203	12.374774	357.381166	4.856749
358.541341	12.363893	357.425682	4.887326
358.579420	12.363893	357.470191	4.887326
358.617760	12.363893	357.508928	4.887326
358.662879	12.358546	357.577922	4.877507
358.704106	12.358546	357.618171	4.877507
358.765837	12.358546	357.653542	4.877507
358.810550	12.380773	357.701233	4.884065
358.847939	12.380773	357.763501	4.884065
358.891508	12.380773	357.803672	4.862809
358.932888	12.396469	357.843464	4.862809
358.998868	12.396469	357.880443	4.862809
359.041525	12.387210	357.919554	4.858159
359.081371	12.387210	357.962995	4.858159
359.125406	12.387210	358.001615	4.858159
359.163624	12.387210	358.039354	4.858159
359.233171	12.383490	358.087565	4.859515
359.274575	12.383490	358.125287	4.859515
359.315318	12.404943	358.188680	4.794377
359.359990	12.404943	358.229373	4.794377
359.398787	12.404943	358.273046	4.794377
359.464749	12.395087	358.317096	4.739413
359.507531	12.395087	358.363081	4.739413
359.546073	12.395087	358.403320	4.739413
359.591801	12.429142	358.441722	4.739413
359.633314	12.429142	358.482120	4.707040
359.700045	12.429142	358.522354	4.707040
359.745006	12.413469	358.561965	4.707040
359.782378	12.413469	358.603057	4.636092
359.823920	12.413469	358.640579	4.636092
359.867082	12.406170	358.678245	4.636092
359.931991	12.406170	358.717305	4.606465
359.969045	12.406170	358.760517	4.606465
360.012374	12.433083	358.800750	4.606465
360.053010	12.433083	358.838789	4.606465
360.093853	12.433083	358.880622	4.537980
360.136753	12.450330	358.921091	4.537980
360.179888	12.450330	358.989792	4.480734
360.220976	12.450330	359.033988	4.480734
360.294430	12.478994	359.073069	4.480734
360.337787	12.478994	359.117873	4.480734
360.375827	12.478994	359.164642	4.412915
360.423350	12.472333	359.223291	4.412915
360.464415	12.472333	359.262938	4.362642
360.527458	12.479959	359.302711	4.362642
360.571809	12.479959	359.343096	4.362642
360.608268	12.479959	359.380547	4.362642
360.651999	12.480292	359.421964	4.312810
360.693584	12.480292	359.465745	4.312810
360.759883	12.480292	359.505666	4.312810
360.806107	12.472824	359.581465	4.237007
360.844984	12.472824	359.621965	4.237007
360.887880	12.472824	359.659901	4.237007
360.929049	12.524558	359.705153	4.166257
360.980348	12.524558	359.767470	4.166257
361.016614	12.524558	359.809394	4.100681
361.057852	12.488816	359.851223	4.100681
361.102350	12.488816	359.887857	4.100681
361.141243	12.488816	359.929080	4.035065
361.216662	12.491705	359.971277	4.035065
361.256635	12.491705	360.008964	4.035065
361.293132	12.491705	360.046497	4.035065
361.340405	12.504965	360.093969	3.958174
361.380442	12.504965	360.132838	3.958174
361.418555	12.504965	360.205073	3.874315
361.464293	12.515372	360.247274	3.874315
361.503243	12.515372	360.288014	3.874315
361.545820	12.515372	360.335719	3.783667
361.585156	12.518348	360.384508	3.783667
361.631610	12.518348	360.428028	3.783667
361.670597	12.518348	360.471129	3.709961
361.744047	12.529781	360.511912	3.709961
361.787586	12.529781	360.550541	3.709961
361.825056	12.529781	360.589487	3.637031
361.871199	12.517554	360.634494	3.637031
361.911851	12.517554	360.670785	3.637031
361.977431	12.517554	360.739624	3.571132
362.022802	12.505982	360.780247	3.571132
362.060239	12.505982	360.817429	3.571132
362.101416	12.505982	360.880704	3.498080
362.144930	12.525115	360.922237	3.498080
362.210840	12.525115	360.958248	3.498080
362.255721	12.519348	360.999238	3.436149
362.295559	12.519348	361.043795	3.436149
362.341596	12.519348	361.081054	3.436149
362.378550	12.519348	361.148104	3.383620
362.429311	12.506086	361.187243	3.383620
362.466288	12.506086	361.224380	3.383620
362.508918	12.506086	361.266273	3.312927
362.548480	12.517492	361.312527	3.312927
362.587793	12.517492	361.353201	3.312927
362.627986	12.517492	361.434356	3.251780
362.700109	12.520764	361.475027	3.251780
362.738659	12.520764	361.519188	3.203353
362.778659	12.520764	361.564017	3.203353
362.822024	12.416211	361.603323	3.203353
362.862609	12.416211	361.661871	3.153802
362.899848	12.416211	361.702671	3.153802
362.947356	12.407200	361.739836	3.153802
362.984746	12.407200	361.778211	3.153802
363.024178	12.407200	361.821015	3.147245
363.092911	12.383583	361.858814	3.147245
363.132154	12.383583	361.897355	3.147245
363.169298	12.383583	361.944300	3.124745
363.210788	12.388792	361.981325	3.124745
363.251386	12.388792	362.050084	3.124745
363.290164	12.388792	362.092134	3.094265
363.339662	12.389932	362.135232	3.094265
363.377715	12.389932	362.176466	3.094265
363.415588	12.389932	362.219920	3.092223
363.486288	12.364329	362.259597	3.092223
363.526380	12.364329	362.297602	3.092223
363.563893	12.364329	362.340455	3.097544
363.605776	12.360203	362.381219	3.097544
363.645695	12.360203	362.419165	3.097544
363.683325	12.360203	362.457247	3.097544
363.727046	12.343602	362.501471	3.094191
363.766181	12.343602	362.538807	3.094191
363.805278	12.343602	362.577489	3.094191
363.847495	12.323302	362.623562	3.152524
363.888647	12.323302	362.663670	3.152524
363.932151	12.323302	362.728842	3.109386
363.971816	12.323302	362.770112	3.109386
364.022120	12.322394	362.806911	3.109386
364.059805	12.322394	362.847808	3.109386
364.102818	12.322394	362.890723	3.113963
364.145770	12.338100	362.960560	3.113963
364.187840	12.338100	363.004302	3.120163
364.225271	12.338100	363.044269	3.120163
364.268692	12.321095	363.084307	3.120163
364.318369	12.321095	363.125673	3.142526
364.359635	12.321095	363.199642	3.142526
364.399953	12.310731	363.237852	3.142526
364.443762	12.310731	363.281651	3.156472
364.483687	12.310731	363.319999	3.156472
364.548804	12.322716	363.357396	3.156472
364.590800	12.322716	363.400840	3.166132
364.628028	12.322716	363.443794	3.166132
364.674515	12.320289	363.482544	3.166132
364.714594	12.320289	363.543365	3.184904
364.782643	12.339415	363.582893	3.184904
364.825982	12.339415	363.620656	3.184904
364.862766	12.339415	363.664147	3.199909
364.903743	12.339415	363.707966	3.199909
364.945444	12.327827	363.746078	3.199909
365.019049	12.327827	363.809818	3.219210
365.064738	12.313601	363.850488	3.219210
365.102343	12.313601	363.888996	3.219210
365.140951	12.313601	363.932548	3.249087
365.184295	12.348285	363.976416	3.249087
365.227155	12.348285	364.014260	3.249087
365.297809	12.348285	364.074567	3.232049
365.343551	12.348697	364.115945	3.232049
365.383287	12.348697	364.153192	3.232049
365.425045	12.348697	364.191638	3.226152
365.466458	12.359302	364.239436	3.226152
365.532835	12.359302	364.276449	3.226152
365.575244	12.359302	364.339476	3.245872
365.615086	12.352078	364.381381	3.245872
365.657997	12.352078	364.418048	3.245872
365.695458	12.352078	364.463403	3.250270
365.767113	12.350516	364.501299	3.250270
365.808942	12.350516	364.568603	3.250270
365.849960	12.347589	364.610395	3.256189
365.894165	12.347589	364.652094	3.256189
365.931166	12.347589	364.690689	3.256189
366.000727	12.370207	364.732046	3.244125
366.044374	12.370207	364.787325	3.244125
366.081066	12.370207	364.824727	3.244125
366.125518	12.403788	364.867344	3.218623
366.166557	12.403788	364.906641	3.218623
366.233999	12.403788	364.945303	3.218623
366.279361	12.375687	364.981417	3.218623
366.318146	12.375687	365.025320	3.228024
366.359834	12.375687	365.067921	3.228024
366.400464	12.378473	365.106514	3.228024
366.469023	12.378473	365.177481	4.830346
366.507963	12.378473	365.216400	4.830346
366.548218	12.392349	365.257711	4.833250
366.588199	12.392349	365.300078	4.833250
366.629086	12.392349	365.336572	4.833250
366.670552	12.408401	365.397846	4.841956
366.715271	12.408401	365.437973	4.841956
366.754004	12.408401	365.476830	4.841956
366.828878	12.415638	365.514138	4.841956
366.870887	12.415638	365.554950	4.842257
366.910018	12.395339	365.591501	4.842257
366.956559	12.395339	365.631527	4.842257
366.993759	12.395339	365.680021	4.861491
367.063128	12.402352	365.717484	4.861491
367.107187	12.402352	365.789048	4.843975
367.143394	12.402352	365.835312	4.843975
367.183181	12.411426	365.876959	4.843975
367.226989	12.411426	365.919083	4.859534
367.262613	12.411426	365.961035	4.859534
367.300667	12.411426	366.001579	4.859534
367.346195	12.439862	366.040479	4.859534
367.389107	12.439862	366.084137	4.871988
367.426721	12.439862	366.122802	4.871988
367.472653	12.453223	366.161109	4.871988
367.511998	12.453223	366.203595	4.859505
367.554879	12.453223	366.242349	4.859505
367.598364	12.444748	366.280514	4.859505
367.641110	12.444748	366.320060	4.871429
367.680291	12.444748	366.365880	4.871429
367.723221	12.476268	366.406202	4.871429
367.784772	12.476268	366.445430	4.871429
367.823526	12.476268	366.485093	4.833918
367.865983	12.486435	366.524979	4.833918
367.907542	12.486435	366.571387	4.833918
367.947607	12.486435	366.611392	4.826545
367.986830	12.488335	366.653589	4.826545
368.027526	12.488335	366.690718	4.826545
368.067422	12.488335	366.734214	4.779935
368.105711	12.488335	366.778875	4.779935
368.149139	12.489018	366.816681	4.779935
368.187835	12.489018	366.889166	4.725684
368.225782	12.489018	366.928761	4.725684
368.298976	12.480272	366.964775	4.725684
368.338554	12.480272	367.007930	4.667746
368.378686	12.480272	367.048511	4.667746
368.422906	12.503612	367.122251	4.630908
368.460859	12.503612	367.165676	4.630908
368.498384	12.503612	367.202344	4.630908
368.543937	12.499612	367.242067	4.630908
368.587698	12.499612	367.283284	4.566520
368.624634	12.499612	367.341493	4.566520
368.675940	12.531293	367.379321	4.566520
368.714503	12.531293	367.422002	4.516835
368.754515	12.531293	367.462948	4.516835
368.800222	12.526907	367.501402	4.516835
368.841075	12.526907	367.545312	4.434796
368.878891	12.526907	367.587332	4.434796
368.935524	12.516956	367.625064	4.434796
368.975408	12.516956	367.696754	4.394560
369.016665	12.516956	367.735634	4.394560
369.058592	12.507419	367.772801	4.394560
369.123179	12.507419	367.818680	4.321664
369.163497	12.507419	367.862450	4.321664
369.204794	12.526424	367.900374	4.321664
369.247764	12.526424	367.966184	4.250775
369.285294	12.526424	368.004527	4.250775
369.355394	12.531135	368.041358	4.250775
369.397973	12.531135	368.083746	4.185395
369.438424	12.513553	368.121856	4.185395
369.482202	12.513553	368.160879	4.185395
369.522990	12.513553	368.205834	4.127351
369.593677	12.534390	368.243649	4.127351
369.635431	12.534390	368.305286	4.127351
369.672149	12.534390	368.351265	4.069266
369.713688	12.536996	368.400589	4.069266
369.758385	12.536996	368.446687	4.002161
369.795216	12.536996	368.488238	4.002161
369.834876	12.536996	368.528781	4.002161
369.887058	12.514991	368.567743	4.002161
369.925971	12.514991	368.607543	3.932990
369.963335	12.514991	368.646149	3.932990
370.005492	12.537971	368.688345	3.932990
370.046918	12.537971	368.729183	3.855667
370.085357	12.537971	368.769738	3.855667
370.126571	12.391927	368.807414	3.855667
370.167564	12.391927	368.847298	3.785031
370.206022	12.391927	368.888548	3.785031
370.248625	12.373225	368.927770	3.785031
370.290663	12.373225	368.964563	3.785031
370.334691	12.373225	369.004754	3.738260
370.373098	12.381576	369.048588	3.738260
370.416631	12.381576	369.120016	3.658954
370.455641	12.381576	369.163532	3.658954
370.529297	12.391271	369.201776	3.658954
370.573276	12.391271	369.241743	3.658954
370.610631	12.391271	369.282542	3.580004
370.655858	12.366039	369.354438	3.580004
370.696414	12.366039	369.394402	3.531142
370.760187	12.366039	369.437806	3.531142
370.805116	12.341726	369.477109	3.531142
370.842249	12.341726	369.515776	3.531142
370.885774	12.341726	369.558087	3.467711
370.926269	12.340011	369.596645	3.467711
370.978175	12.340011	369.639105	3.467711
371.014277	12.340011	369.683922	3.411924
371.056312	12.328276	369.722272	3.411924
371.099216	12.328276	369.759044	3.411924
371.138259	12.328276	369.801435	3.353674
371.181027	12.350148	369.844379	3.353674
371.232052	12.350148	369.883223	3.353674
371.269719	12.350148	369.951712	3.294698
371.310187	12.333220	369.991723	3.294698
371.353071	12.333220	370.029965	3.294698
371.391590	12.333220	370.075242	3.227658
371.429541	12.333220	370.116181	3.227658
371.474542	12.305842	370.155052	3.227658
371.513115	12.305842	370.221091	3.195648
371.551230	12.305842	370.261291	3.195648
371.595855	12.322401	370.298747	3.195648
371.637743	12.322401	370.342843	3.174966
371.677011	12.322401	370.385741	3.174966
371.717963	12.316720	370.424244	3.174966
371.759729	12.316720	370.487856	3.153450
371.796731	12.316720	370.527960	3.153450
371.834311	12.316720	370.563188	3.153450
371.877495	12.342392	370.605717	3.146390
371.917651	12.342392	370.647625	3.146390
371.955463	12.342392	370.685856	3.146390
371.997134	12.329502	370.755847	3.129477
372.038967	12.329502	370.794350	3.129477
372.077015	12.329502	370.830625	3.129477
372.119482	12.305550	370.874726	3.136147
372.164071	12.305550	370.915655	3.136147
372.201509	12.305550	370.953897	3.136147
372.241888	12.318360	371.000071	3.141073
372.283559	12.318360	371.039301	3.141073
372.323509	12.318360	371.115013	3.141073
372.362829	12.318360	371.158040	3.155870
372.409258	12.332136	371.200875	3.155870
372.451523	12.332136	371.243825	3.155870
372.490623	12.332136	371.287166	3.169754
372.566056	12.364245	371.330270	3.169754
372.608412	12.364245	371.369351	3.169754
372.656208	12.343932	371.410221	3.184184
372.695497	12.343932	371.449309	3.184184
372.738700	12.343932	371.490723	3.184184
372.778554	12.336635	371.536574	3.197737
372.844172	12.336635	371.577932	3.197737
372.886471	12.336635	371.616903	3.197737
372.926483	12.356595	371.658505	3.229925
372.969478	12.356595	371.703527	3.229925
373.008548	12.356595	371.742514	3.229925
373.076427	12.353725	371.806112	3.235418
373.119717	12.353725	371.849521	3.235418
373.156531	12.353725	371.885221	3.235418
373.203021	12.388514	371.927058	3.271606
373.241474	12.388514	371.968292	3.271606
373.312245	12.371204	372.038059	3.271606
373.354727	12.371204	372.081850	3.293273
373.392781	12.371204	372.119760	3.293273
373.431369	12.371204	372.159166	3.293273
373.473495	12.365064	372.201591	3.309238
373.515574	12.365064	372.259902	3.309238
373.552884	12.365064	372.298639	3.309238
373.602823	12.363383	372.340325	3.338604
373.638476	12.363383	372.379907	3.338604
373.698014	12.363383	372.418055	3.338604
373.743587	12.391578	372.458323	3.354191
373.780911	12.391578	372.502554	3.354191
373.821477	12.391578	372.540200	3.354191
373.863829	12.403579	372.605320	3.379602
373.932366	12.403579	372.645270	3.379602
373.975915	12.403016	372.682448	3.379602
374.015026	12.403016	372.722896	3.389105
374.058383	12.403016	372.770399	3.389105
374.094639	12.403016	372.807797	3.389105
374.165350	12.399926	372.873371	3.397494
374.208118	12.399926	372.915292	3.397494
374.249491	12.393736	372.952048	3.397494
374.290446	12.393736	372.995310	3.384052
374.330378	12.393736	373.038073	3.384052
374.369182	12.418295	373.102540	3.384052
374.413524	12.418295	373.145719	3.383999
374.450951	12.418295	373.186122	3.383999
374.489091	12.418295	373.224752	3.383999
374.559509	12.450746	373.271040	3.387831
374.599905	12.450746	373.327592	3.387831
374.639275	12.450746	373.366038	3.387831
374.684880	12.433438	373.408723	3.392186
374.723002	12.433438	373.448287	3.392186
374.761957	12.433438	373.486699	3.392186
374.806298	12.444669	373.527261	3.406297
374.846545	12.444669	373.571625	3.406297
374.886603	12.444669	373.610869	3.406297
374.932796	12.448892	373.655800	3.439458
374.973216	12.448892	373.695209	3.439458
375.049155	12.466801	373.761499	3.439458
375.091730	12.466801	373.801820	4.985183
375.129570	12.466801	373.846723	4.985183
375.172490	12.480620	373.888385	4.985183
375.215232	12.480620	373.932656	4.999807
375.254271	12.480620	373.975221	4.999807
375.292191	12.480620	374.014393	4.999807
375.338366	12.481248	374.054706	5.036223
375.379508	12.481248	374.094989	5.036223
375.416221	12.481248	374.134637	5.036223
375.459363	12.480854	374.171361	5.036223
375.501545	12.480854	374.214437	5.044499
375.541430	12.480854	374.256126	5.044499
375.582706	12.495447	374.293872	5.044499
375.623315	12.495447	374.360959	5.012817
375.661582	12.495447	374.399956	5.012817
375.701203	12.495447	374.439181	5.012817
375.745740	12.505510	374.480469	5.008330
375.783852	12.505510	374.517571	5.008330
375.821722	12.505510	374.555722	5.008330
375.863989	12.508680	374.601367	5.026465
375.906333	12.508680	374.640137	5.026465
375.943934	12.508680	374.698880	5.026465
375.984908	12.510723	374.738906	5.024619
376.024986	12.510723	374.782208	5.024619
376.066285	12.510723	374.824724	5.024619
376.104434	12.510723	374.870560	5.049783
376.146393	12.508569	374.911210	5.049783
376.185827	12.508569	374.949367	5.049783
376.223779	12.508569	374.987346	5.049783
376.293056	12.501027	375.027831	5.025009
376.333661	12.501027	375.067079	5.025009
376.375420	12.525065	375.102986	5.025009
376.417050	12.525065	375.147341	4.998051
376.457576	12.525065	375.185107	4.998051
376.495080	12.525065	375.226091	4.998051
376.544934	12.520497	375.269778	4.992441
376.583637	12.520497	375.310432	4.992441
376.619150	12.520497	375.351236	4.992441
376.665535	12.496249	375.389027	4.926636
376.709066	12.496249	375.428538	4.926636
376.746266	12.496249	375.467758	4.926636
376.823387	12.501833	375.505531	4.926636
376.862526	12.501833	375.554135	4.874326
376.901997	12.501833	375.592927	4.874326
376.948087	12.521427	375.660367	4.825783
376.988247	12.521427	375.698083	4.825783
377.032706	12.521427	375.739639	4.825783
377.072558	12.530721	375.783657	4.776277
377.138099	12.530721	375.824539	4.776277
377.176553	12.517210	375.865612	4.776277
377.220474	12.517210	375.904474	4.776277
377.257636	12.517210	375.949690	4.717100
377.296284	12.517210	375.989816	4.717100
377.342832	12.518209	376.028007	4.717100
377.382264	12.518209	376.077033	4.686122
377.427123	12.518209	376.118530	4.686122
377.467667	12.382364	376.190669	4.620567
377.530006	12.382364	376.236191	4.620567
377.569758	12.367415	376.274689	4.620567
377.610962	12.367415	376.334528	4.535988
377.652217	12.367415	376.384265	4.535988
377.690876	12.367415	376.424489	4.535988
377.733254	12.397816	376.470882	4.486757
377.775958	12.397816	376.513282	4.486757
377.815182	12.397816	376.553063	4.486757
377.860905	12.360614	376.624952	4.417101
377.897841	12.360614	376.665396	4.417101
377.942746	12.360614	376.700879	4.417101
377.980355	12.366603	376.744869	4.353407
378.020123	12.366603	376.787865	4.353407
378.063581	12.366603	376.826883	4.353407
378.104091	12.366603	376.893473	4.307434
378.178512	12.349038	376.934289	4.307434
378.217186	12.349038	376.971410	4.307434
378.261476	12.342965	377.016078	4.213302
378.299144	12.342965	377.053030	4.213302
378.338711	12.342965	377.091986	4.213302
378.384702	12.337336	377.139218	4.155584
378.443624	12.337336	377.176342	4.155584
378.480503	12.337336	377.247675	4.123465
378.523423	12.322331	377.288170	4.123465
378.564930	12.322331	377.330387	4.123465
378.602266	12.322331	377.371471	4.123465
378.643115	12.309805	377.416578	4.044150
378.685633	12.309805	377.456738	4.044150
378.725316	12.309805	377.495288	4.044150
378.763628	12.311972	377.534765	3.947995
378.805954	12.311972	377.576042	3.947995
378.846692	12.311972	377.613176	3.947995
378.884112	12.311972	377.654359	3.891728
378.926439	12.315051	377.696613	3.891728
378.968970	12.315051	377.733010	3.891728
379.006717	12.315051	377.773042	3.817406
379.049877	12.328545	377.819426	3.817406
379.090936	12.328545	377.856217	3.817406
379.129566	12.328545	377.923396	3.776419
379.170505	12.290389	377.965914	3.776419
379.211689	12.290389	378.002540	3.776419
379.251588	12.290389	378.043526	3.776419
379.290555	12.290389	378.083673	3.718437
379.338227	12.324488	378.154954	3.718437
379.377131	12.324488	378.200655	3.640750
379.451006	12.318107	378.240219	3.640750
379.494621	12.318107	378.280933	3.640750
379.531459	12.318107	378.320795	3.569667
379.576617	12.331732	378.391034	3.569667
379.618587	12.331732	378.431037	3.569667
379.685271	12.331732	378.473732	3.510247
379.728979	12.347660	378.516127	3.510247
379.769203	12.347660	378.552931	3.510247
379.808381	12.347660	378.595933	3.471383
379.854880	12.326369	378.639399	3.471383
379.893877	12.326369	378.677437	3.471383
379.938031	12.326369	378.752570	3.426161
379.978151	12.340647	378.792710	3.426161
380.044211	12.340647	378.829700	3.426161
380.081610	12.340647	378.873430	3.366751
380.128438	12.348800	378.914728	3.366751
380.170778	12.348800	378.989202	3.336064
380.211721	12.348800	379.031795	3.336064
380.252832	12.350560	379.075737	3.336064
380.299384	12.350560	379.113506	3.336064
380.336392	12.350560	379.191384	3.308246
380.379097	12.365904	379.228050	3.308246
380.420100	12.365904	379.268775	3.294965
380.493108	12.365904	379.312518	3.294965
380.538527	12.341093	379.350878	3.294965
380.575784	12.341093	379.425414	3.298325
380.612482	12.341093	379.465822	3.298325
380.659756	12.363492	379.503721	3.298325
380.700070	12.363492	379.551632	3.265819
380.764761	12.363492	379.590360	3.265819
380.807458	12.375576	379.659698	3.250298
380.844496	12.375576	379.701084	3.250298
380.883247	12.375576	379.743555	3.250298
380.927374	12.376208	379.784349	3.234874
380.966261	12.376208	379.843859	3.234874
381.008595	12.376208	379.882633	3.234874
381.049566	12.361245	379.921833	3.305502
381.112338	12.361245	379.962971	3.305502
381.155104	12.361245	380.002978	3.305502
381.195886	12.387637	380.041757	3.305502
381.239136	12.387637	380.084146	3.281476
381.276310	12.387637	380.123907	3.281476
381.346426	12.410509	380.166837	3.281476
381.388570	12.410509	380.212569	3.293550
381.426499	12.410509	380.249791	3.293550
381.469195	12.390238	380.286222	3.293550
381.510487	12.390238	380.326956	3.291996
381.548775	12.390238	380.370532	3.291996
381.596946	12.424430	380.407080	3.291996
381.635476	12.424430	380.469689	3.337880
381.694130	12.424430	380.510419	3.337880
381.734136	12.399746	380.547538	3.337880
381.782216	12.399746	380.589671	3.356012
381.819498	12.399746	380.631824	3.356012
381.861914	12.408475	380.670735	3.356012
381.937862	12.408475	380.736960	3.379350
381.977503	12.434090	380.776098	3.379350
382.018830	12.434090	380.814912	3.379350
382.061316	12.434090	380.858799	3.391210
382.101084	12.442533	380.903225	3.391210
382.143647	12.442533	380.942417	3.391210
382.183676	12.442533	381.002709	3.425450
382.222573	12.442533	381.042920	3.425450
382.267109	12.462921	381.080845	3.425450
382.309301	12.462921	381.122392	3.430760
382.346548	12.462921	381.167673	3.430760
382.393883	12.459258	381.205256	3.430760
382.431880	12.459258	381.286726	3.471687
382.475327	12.459258	381.326653	3.471687
382.516568	12.461582	381.363219	3.471687
382.559313	12.461582	381.411593	3.491373
382.599307	12.461582	381.449657	3.491373
382.673403	12.468872	381.512372	3.491373
382.714843	12.468872	381.553190	3.510900
382.752756	12.468872	381.592528	3.510900
382.799277	12.498175	381.632091	3.510900
382.839650	12.498175	381.673314	3.522835
382.908103	12.481912	381.712605	3.522835
382.952041	12.481912	381.750158	3.522835
382.989548	12.481912	381.798017	3.538200
383.031762	12.481912	381.836096	3.538200
383.080524	12.485013	381.901863	3.538200
383.150088	12.485013	381.944166	3.537145
383.195487	12.491435	381.986698	3.537145
383.235766	12.491435	382.028734	3.537145
383.273520	12.491435	382.071993	3.543560
383.319078	12.496551	382.115007	3.543560
383.360230	12.496551	382.152592	3.543560
383.417964	12.496551	382.191863	3.562545
383.462341	12.518759	382.231748	3.562545
383.502100	12.518759	382.269805	3.562545
383.544131	12.518759	382.306190	3.562545
383.587842	12.518842	382.354870	3.582570
383.655514	12.518842	382.396341	3.582570
383.697866	12.516017	382.434928	3.582570
383.737699	12.516017	382.499585	3.692656
383.780032	12.516017	382.536989	3.692656
383.818918	12.516017	382.575294	5.020660
383.889370	12.506086	382.618118	5.020660
383.929818	12.506086	382.656395	5.020660
383.968100	12.506123	382.693700	5.020660
384.012283	12.506123	382.739665	5.007274
384.051546	12.506123	382.777552	5.007274
384.123621	12.528432	382.841483	5.007274
384.165386	12.528432	382.884047	5.041980
384.201759	12.528432	382.926190	5.041980
384.248658	12.506752	382.968851	5.041980
384.286879	12.506752	383.011863	5.024651
384.357119	12.506752	383.051406	5.024651
384.400317	12.497826	383.088380	5.024651
384.436770	12.497826	383.128099	5.024353
384.478082	12.497826	383.168534	5.024353
384.518352	12.508292	383.209078	5.024353
384.569170	12.508292	383.250188	4.988846
384.605958	12.508292	383.290960	4.988846
384.646438	12.505506	383.329667	4.988846
384.690648	12.505506	383.370126	4.988846
384.729146	12.505506	383.415808	5.006233
384.810051	12.522055	383.454765	5.006233
384.851948	12.522055	383.516189	5.006835
384.891221	12.522055	383.559489	5.006835
384.933820	12.387000	383.599540	5.006835
384.974584	12.387000	383.643818	5.006835
385.012954	12.387000	383.694214	5.015896
385.056312	12.368049	383.766187	5.015896
385.094805	12.368049	383.807313	5.011375
385.135612	12.368049	383.846281	5.011375
385.178648	12.354613	383.885067	5.011375
385.219403	12.354613	383.926106	5.003244
385.262792	12.354613	383.984199	5.003244
385.303182	12.367239	384.021004	5.003244
385.350266	12.367239	384.062129	4.969894
385.388045	12.367239	384.104448	4.969894
385.433400	12.367239	384.141166	4.969894
385.474891	12.386208	384.180681	4.917910
385.548586	12.386208	384.226478	4.917910
385.594339	12.350139	384.264630	4.917910
385.631957	12.350139	384.331667	4.895428
385.671011	12.350139	384.380255	4.895428
385.716285	12.346226	384.421667	4.895428
385.756759	12.346226	384.470339	4.860256
385.817395	12.346226	384.508463	4.860256
385.859909	12.324081	384.564882	4.860256
385.901435	12.324081	384.605503	4.790348
385.942599	12.324081	384.646455	4.790348
385.984574	12.315848	384.684666	4.790348
386.051205	12.315848	384.725629	4.753463
386.094417	12.325161	384.764607	4.753463
386.133574	12.325161	384.804039	4.753463
386.175915	12.325161	384.847822	4.707280
386.215418	12.325161	384.892475	4.707280
386.289109	12.301213	384.933237	4.707280
386.331483	12.301213	384.970303	4.707280
386.371697	12.316538	385.012480	4.655698
386.417170	12.316538	385.050255	4.655698
386.454464	12.316538	385.087885	4.655698
386.525065	12.315299	385.134143	4.604209
386.567847	12.315299	385.173295	4.604209
386.604062	12.315299	385.247725	4.572480
386.650208	12.328885	385.289848	4.572480
386.691976	12.328885	385.327752	4.572480
386.758659	12.328885	385.368221	4.572480
386.804199	12.333560	385.409193	4.490935
386.842081	12.333560	385.481712	4.490935
386.880531	12.333560	385.521678	4.440400
386.926491	12.325564	385.566680	4.440400
386.967608	12.325564	385.606493	4.440400
387.024026	12.325564	385.646286	4.401336
387.068370	12.312657	385.717084	4.401336
387.109188	12.312657	385.757357	4.401336
387.150381	12.312657	385.801283	4.332151
387.194150	12.318148	385.841139	4.332151
387.261652	12.318148	385.878942	4.332151
387.306478	12.356887	385.918624	4.278066
387.347450	12.356887	385.965716	4.278066
387.391940	12.356887	386.002972	4.278066
387.430935	12.356887	386.067112	4.241391
387.496763	12.335462	386.109645	4.241391
387.537906	12.335462	386.148876	4.241391
387.579992	12.336373	386.194892	4.174859
387.624367	12.336373	386.236770	4.174859
387.664845	12.336373	386.294573	4.174859
387.729167	12.339768	386.335746	4.123632
387.772881	12.339768	386.374489	4.123632
387.809235	12.339768	386.413803	4.123632
387.856607	12.330621	386.452374	4.071353
387.896601	12.330621	386.492125	4.071353
387.965489	12.369490	386.530544	4.071353
388.009876	12.369490	386.568750	4.071353
388.045538	12.369490	386.619754	4.007087
388.088762	12.369490	386.657167	4.007087
388.131045	12.360174	386.718305	3.961292
388.200818	12.360174	386.759616	3.961292
388.243609	12.349673	386.802618	3.961292
388.285953	12.349673	386.841365	3.961292
388.328346	12.349673	386.906059	3.912187
388.366503	12.371749	386.942492	3.912187
388.415942	12.371749	386.981014	3.863737
388.453576	12.371749	387.021464	3.863737
388.497176	12.384840	387.059233	3.863737
388.539048	12.384840	387.097018	3.863737
388.604919	12.384840	387.142557	3.812738
388.648678	12.385895	387.181953	3.812738
388.688753	12.385895	387.249216	3.735506
388.731339	12.385895	387.296091	3.735506
388.770136	12.379623	387.335319	3.735506
388.818017	12.379623	387.406954	3.716791
388.856794	12.379623	387.448070	3.716791
388.900541	12.375167	387.484638	3.716791
388.945376	12.375167	387.529575	3.660848
388.997513	12.375167	387.568147	3.660848
389.036428	12.375167	387.642414	3.660848
389.083141	12.389374	387.691307	3.626584
389.120493	12.389374	387.733024	3.626584
389.163379	12.389374	387.773559	3.587228
389.213234	12.404540	387.820829	3.587228
389.280118	12.404540	387.857602	3.587228
389.326411	12.423152	387.898283	3.587228
389.363366	12.423152	387.940386	3.581234
389.401455	12.423152	387.983743	3.581234
389.444509	12.396101	388.019776	3.581234
389.486755	12.396101	388.080295	3.533060
389.545898	12.396101	388.117741	3.533060
389.590773	12.425008	388.155304	3.533060
389.635920	12.425008	388.198067	3.538540
389.672903	12.425008	388.241216	3.538540
389.723958	12.439498	388.280085	3.538540
389.765390	12.439498	388.323495	3.533485
389.804248	12.439498	388.367639	3.533485
389.846690	12.439420	388.405136	3.533485
389.888052	12.439420	388.470139	3.515985
389.928926	12.439420	388.510175	3.515985
389.971850	12.475811	388.548491	3.515985
390.013144	12.475811	388.591839	3.504271
390.053518	12.475811	388.633372	3.504271
390.125917	12.461670	388.672105	3.504271
390.171214	12.461670	388.716630	3.544250
390.212296	12.461670	388.754175	3.544250
390.251977	12.469697	388.822064	3.544250
390.293161	12.469697	388.868224	3.509385
390.333216	12.469697	388.912934	3.509385
390.373539	12.473718	388.955178	3.509385
390.413412	12.473718	388.999867	3.526218
390.452046	12.473718	389.041372	3.526218
390.490422	12.473718	389.079771	3.526218
390.532438	12.491368	389.118747	3.537370
390.571647	12.491368	389.158731	3.537370
390.609635	12.491368	389.200216	3.537370
390.650568	12.510703	389.237261	3.537370
390.693056	12.510703	389.281591	3.517732
390.733211	12.510703	389.321766	3.517732
390.772561	12.507922	389.359893	3.517732
390.812795	12.507922	389.437959	3.546009
390.854709	12.507922	389.476246	3.546009
390.892942	12.507922	389.518003	3.572687
390.939111	12.503649	389.556455	3.572687
390.978707	12.503649	389.593008	3.572687
391.020453	12.503649	389.631036	3.572687
391.060925	12.483585	389.677339	3.593419
391.126223	12.483585	389.716438	3.593419
391.167087	12.534729	389.791418	3.568770
391.209594	12.534729	389.832091	3.568770
391.251375	12.534729	389.874546	3.568770
391.288302	12.534729	389.920746	3.585395
391.333658	12.519973	389.961952	3.585395
391.373735	12.519973	390.002841	3.585395
391.439525	12.496101	390.041551	3.585395
391.487706	12.496101	390.084513	3.592928
391.524525	12.496101	390.123907	3.592928
391.563137	12.496101	390.163301	3.592928
391.615174	12.508956	390.208365	3.613054
391.654956	12.508956	390.246062	3.613054
391.727091	12.516240	390.307292	3.620355
391.768465	12.516240	390.353167	3.620355
391.805961	12.516240	390.391966	3.620355
391.848264	12.513435	390.465824	3.619091
391.889442	12.513435	390.507996	3.619091
391.927536	12.513435	390.546416	3.619091
391.966074	12.503032	390.592647	3.617338
392.010168	12.503032	390.631701	3.617338
392.050162	12.503032	390.698252	3.617338
392.089091	12.503032	390.742238	3.616655
392.133723	12.511033	390.782663	3.616655
392.173808	12.511033	390.823354	3.616655
392.212000	12.511033	390.868362	3.643876
392.255054	12.519343	390.919599	3.643876
392.296794	12.519343	390.956846	3.643876
392.336546	12.519343	391.000910	3.650557
392.379475	12.405952	391.043579	3.650557
392.421956	12.405952	391.080846	3.650557
392.464820	12.405952	391.123487	3.646509
392.506218	12.412109	391.167566	3.646509
392.550733	12.412109	391.205348	3.646509
392.589182	12.412109	391.265009	3.705885
392.652209	12.365185	391.305314	3.705885
392.694823	12.365185	391.342975	3.705885
392.732736	12.365185	391.386738	4.844774
392.777036	12.360221	391.428447	4.844774
392.819152	12.360221	391.467419	4.844774
392.884250	12.360221	391.529817	4.850847
392.929490	12.353829	391.569816	4.850847
392.967762	12.353829	391.607340	4.850847
393.010217	12.353829	391.646848	4.829710
393.051170	12.370529	391.695867	4.829710
393.091930	12.370529	391.734574	4.829710
393.149674	12.370529	391.798402	4.819272
393.196795	12.371505	391.838979	4.819272
393.234749	12.371505	391.875849	4.819272
393.279607	12.371505	391.922105	4.799288
393.320638	12.345198	391.962487	4.799288
393.370529	12.345198	392.031025	4.799288
393.407183	12.345198	392.073770	4.785306
393.450301	12.328395	392.113604	4.785306
393.493902	12.328395	392.153635	4.785306
393.533484	12.328395	392.201770	4.758539
393.576954	12.326115	392.252042	4.758539
393.634690	12.326115	392.290274	4.758539
393.672707	12.326115	392.335864	4.772139
393.714104	12.325090	392.384562	4.772139
393.756110	12.325090	392.428639	4.772139
393.793073	12.325090	392.470739	4.743152
393.832778	12.325090	392.508968	4.743152
393.877502	12.316498	392.547486	4.743152
393.918652	12.316498	392.594078	4.719330
393.955671	12.316498	392.632848	4.719330
394.002524	12.321727	392.699757	4.713317
394.071063	12.321727	392.740476	4.713317
394.115267	12.304311	392.783647	4.713317
394.154315	12.304311	392.823278	4.713317
394.194298	12.304311	392.867222	4.696213
394.235914	12.304311	392.906576	4.696213
394.278343	12.313130	392.944489	4.696213
394.321503	12.313130	392.984857	4.646599
394.360581	12.313130	393.024515	4.646599
394.405882	12.330097	393.064386	4.646599
394.443541	12.330097	393.103135	4.619942
394.482815	12.330097	393.146804	4.619942
394.557262	12.334618	393.183582	4.619942
394.597189	12.334618	393.221931	4.619942
394.641056	12.325363	393.268832	4.582760
394.683436	12.325363	393.310854	4.582760
394.722268	12.325363	393.374899	4.568425
394.761709	12.325363	393.420915	4.568425
394.808389	12.327987	393.459065	4.568425
394.846915	12.327987	393.500851	4.558695
394.888695	12.327987	393.542407	4.558695
394.927940	12.348216	393.608074	4.558695
394.970942	12.348216	393.649547	4.507775
395.013149	12.348216	393.691123	4.507775
395.053918	12.349605	393.734245	4.507775
395.096710	12.349605	393.773288	4.477218
395.136694	12.349605	393.844695	4.477218
395.212640	12.350800	393.882878	4.477218
395.255315	12.350800	393.924798	4.460479
395.293953	12.341615	393.967021	4.460479
395.337446	12.341615	394.004710	4.460479
395.377903	12.341615	394.043318	4.416986
395.449243	12.348635	394.090218	4.416986
395.491354	12.348635	394.127121	4.416986
395.528522	12.348635	394.190635	4.395251
395.572402	12.366999	394.233689	4.395251
395.613425	12.366999	394.271290	4.395251
395.680712	12.366999	394.317445	4.346689
395.724205	12.384840	394.358030	4.346689
395.761477	12.384840	394.423906	4.346689
395.801435	12.384840	394.466186	4.309896
395.846312	12.365023	394.505961	4.309896
395.887408	12.365023	394.543609	4.309896
395.945330	12.365023	394.583718	4.273871
395.990523	12.382597	394.624855	4.273871
396.028625	12.382597	394.661733	4.273871
396.070903	12.382597	394.702461	4.254899
396.112022	12.367189	394.746423	4.254899
396.179323	12.367189	394.783987	4.254899
396.221555	12.380373	394.849890	4.224532
396.264082	12.380373	394.891792	4.224532
396.307831	12.380373	394.934241	4.224532
396.345523	12.380373	394.974562	4.174720
396.415359	12.390917	395.036032	4.174720
396.457907	12.390917	395.073164	4.174720
396.496436	12.402694	395.114959	4.168032
396.543594	12.402694	395.154072	4.168032
396.582185	12.402694	395.191741	4.168032
396.653080	12.368735	395.230371	4.168032
396.694551	12.368735	395.276895	4.124957
396.732639	12.368735	395.314953	4.124957
396.778191	12.387226	395.379113	4.090376
396.819844	12.387226	395.423799	4.090376
396.888169	12.387226	395.461851	4.090376
396.933308	12.419004	395.525758	4.045052
396.971035	12.419004	395.569122	4.045052
397.010960	12.419004	395.606516	4.045052
397.056323	12.440557	395.650187	4.010164
397.123548	12.440557	395.695302	4.010164
397.163531	12.440557	395.756000	4.010164
397.202746	12.429580	395.799084	3.979330
397.244566	12.429580	395.840003	3.979330
397.285882	12.429580	395.880770	3.979330
397.326578	12.433678	395.928060	3.946129
397.370338	12.433678	395.976421	3.946129
397.410067	12.433678	396.015552	3.946129
397.484706	12.446956	396.055544	3.935590
397.524492	12.446956	396.096186	3.935590
397.566939	12.468013	396.134346	3.935590
397.610341	12.468013	396.174709	3.900310
397.649945	12.468013	396.221007	3.900310
397.688392	12.468013	396.258063	3.900310
397.735570	12.497703	396.320052	3.848256
397.773441	12.497703	396.362091	3.848256
397.812010	12.497703	396.400387	3.848256
397.877219	12.465704	396.442101	3.848256
397.917601	12.465704	396.486042	3.838133
397.955524	12.465704	396.551791	3.838133
398.000366	12.474275	396.595952	3.797220
398.038943	12.474275	396.635984	3.797220
398.078009	12.474275	396.675912	3.797220
398.125429	12.489588	396.715980	3.774509
398.163747	12.489588	396.772489	3.774509
398.208095	12.489588	396.810686	3.774509
398.247804	12.499562	396.849133	3.757889
398.296729	12.499562	396.889989	3.757889
398.334337	12.499562	396.929499	3.757889
398.373958	12.506021	396.966524	3.757889
398.419311	12.506021	397.008882	3.741479
398.458508	12.506021	397.053295	3.741479
398.500195	12.505295	397.091046	3.741479
398.548244	12.505295	397.162850	3.731272
398.586983	12.505295	397.201915	3.731272
398.631320	12.509033	397.238081	3.731272
398.671516	12.509033	397.284308	3.724742
398.732621	12.509033	397.322458	3.724742
398.774039	12.517827	397.395557	3.727488
398.812455	12.517827	397.436918	3.727488
398.855539	12.517827	397.479129	3.727488
398.895663	12.527418	397.521164	3.704655
398.970344	12.527418	397.581873	3.704655
399.011957	12.527418	397.620868	3.704655
399.053821	12.512391	397.660895	3.713388
399.096743	12.512391	397.701213	3.713388
399.135729	12.512391	397.740307	3.713388
399.207388	12.514918	397.780682	3.712400
399.249400	12.514918	397.821103	3.712400
399.287413	12.514918	397.859117	3.712400
399.335116	12.505368	397.903310	3.727520
399.374261	12.505368	397.947478	3.727520
399.444283	12.502185	397.986904	3.727520
399.486799	12.502185	398.023569	3.727520
399.524028	12.502185	398.067158	3.724483
399.566951	12.548262	398.114064	3.724483
399.610616	12.548262	398.153001	3.724483
399.678810	12.548262	398.222869	3.725827
399.724773	12.537215	398.261549	3.725827
399.763465	12.537215	398.298918	3.725827
399.802541	12.537215	398.343117	3.724612
399.848882	12.507048	398.380917	3.724612
399.892426	12.507048	398.419991	3.724612
399.963181	12.507048	398.467838	3.714809
400.007664	12.527784	398.507982	3.714809
400.051575	12.527784	398.570847	3.714809
400.096096	12.386652	398.612581	3.739776
400.139318	12.386652	398.654985	3.739776
400.176745	12.386652	398.695932	3.739776
400.217976	12.386652	398.739470	3.747828
400.269139	12.391816	398.779886	3.747828
400.308077	12.391816	398.817908	3.747828
400.345007	12.391816	398.859390	3.746909
400.387919	12.385364	398.899483	3.746909
400.429771	12.385364	398.938599	3.746909
400.471314	12.385364	398.978229	3.761943
400.510884	12.383665	399.019636	3.761943
400.554955	12.383665	399.056226	3.761943
400.593712	12.383665	399.094004	3.761943
400.662981	12.349274	399.142344	3.768398
400.707261	12.349274	399.181672	3.768398
400.742241	12.349274	399.245663	3.776053
400.786774	12.363359	399.293657	3.776053
400.826803	12.363359	399.333076	3.776053
400.900950	12.347436	399.374563	3.780139
400.943243	12.347436	399.417259	3.780139
400.979994	12.347436	399.477738	3.780139
401.022512	12.321685	399.521011	3.768555
401.064339	12.321685	399.562211	3.768555
401.131657	12.321685	399.602947	3.768555
401.173014	12.326195	399.642688	3.768555
401.213368	12.326195	399.715149	3.784888
401.251630	12.326195	399.753681	3.784888
401.289621	12.326195	399.794970	3.784180
401.332029	12.327117	399.836093	3.784180
401.371912	12.327117	399.872085	3.784180
401.412628	12.327117	399.914482	3.810040
401.461010	12.316520	399.959142	3.810040
401.497781	12.316520	400.000510	3.810040
401.541904	12.316520	400.061450	3.797080
401.583114	12.332610	400.102839	3.797080
401.630873	12.332610	400.140016	3.797080
401.667535	12.332610	400.184008	3.809468
401.708624	12.315173	400.225036	3.809468
401.773675	12.315173	400.293277	3.809468
401.813636	12.315173	400.343714	3.872704
401.856498	12.297240	400.387821	3.872704
401.895473	12.297240	400.434305	4.692770
401.936995	12.297240	400.479840	4.692770
401.975952	12.336525	400.518452	4.692770
402.020515	12.336525	400.559642	4.692770
402.059591	12.336525	400.600646	4.694220
402.132088	12.335857	400.644114	4.694220
402.175840	12.335857	400.682979	4.694220
402.215612	12.335857	400.766267	4.659347
402.261478	12.328378	400.803040	4.659347
402.301853	12.328378	400.847431	4.648087
402.368544	12.333683	400.888321	4.648087
402.413180	12.333683	400.949496	4.648087
402.451508	12.333683	400.991951	4.625603
402.489810	12.333683	401.034148	4.625603
402.537200	12.337698	401.073611	4.625603
402.576000	12.337698	401.117279	4.590219
402.635067	12.355460	401.169119	4.590219
402.676235	12.355460	401.207331	4.590219
402.716644	12.355460	401.248106	4.585358
402.754240	12.355460	401.287802	4.585358
402.796454	12.366520	401.326539	4.585358
402.837270	12.366520	401.365309	4.585358
402.875378	12.366520	401.411845	4.570882
402.924510	12.353230	401.450186	4.570882
402.962726	12.353230	401.517548	4.537552
403.005643	12.353230	401.558556	4.537552
403.046634	12.315620	401.596182	4.537552
403.089450	12.315620	401.641050	4.508096
403.128492	12.315620	401.679998	4.508096
403.198699	12.366509	401.747331	4.508096
403.240397	12.366509	401.788785	4.525398
403.277168	12.366509	401.833075	4.525398
403.326305	12.360130	401.872596	4.525398
403.366595	12.360130	401.914917	4.502968
403.435350	12.394100	401.982359	4.502968
403.477965	12.394100	402.020016	4.502968
403.513801	12.394100	402.063625	4.459102
403.555756	12.394100	402.103243	4.459102
403.598727	12.385359	402.140055	4.459102
403.666968	12.385359	402.181110	4.434712
403.711601	12.367408	402.225971	4.434712
403.753066	12.367408	402.264437	4.434712
403.795301	12.367408	402.331179	4.413607
403.836742	12.394243	402.373974	4.413607
403.886238	12.394243	402.411466	4.413607
403.922869	12.394243	402.455022	4.376832
403.965282	12.403900	402.493303	4.376832
404.012959	12.403900	402.564322	4.376832
404.073102	12.403900	402.606770	4.373090
404.117917	12.405245	402.647344	4.373090
404.156116	12.405245	402.684308	4.373090
404.199140	12.405245	402.726673	4.353523
404.240887	12.404120	402.766206	4.353523
404.290708	12.404120	402.805409	4.353523
404.327960	12.404120	402.852757	4.359578
404.368899	12.412644	402.890808	4.359578
404.413660	12.412644	402.952970	4.359578
404.453769	12.412644	402.995494	4.344708
404.514902	12.396221	403.038081	4.344708
404.557408	12.396221	403.080894	4.344708
404.595142	12.396221	403.124230	4.344588
404.638744	12.409800	403.166461	4.344588
404.683104	12.409800	403.205918	4.344588
404.722632	12.409800	403.247983	4.340076
404.763238	12.409800	403.287817	4.340076
404.806236	12.455793	403.327929	4.340076
404.846632	12.455793	403.365911	4.340076
404.884685	12.455793	403.412586	4.304951
404.926649	12.437944	403.455478	4.304951
404.968392	12.437944	403.495387	4.304951
405.007557	12.437944	403.568147	4.317383
405.052476	12.433880	403.605525	4.317383
405.093610	12.433880	403.647081	4.287006
405.132579	12.433880	403.686037	4.287006
405.173534	12.450855	403.724277	4.287006
405.213025	12.450855	403.763522	4.287006
405.254071	12.450855	403.810839	4.287124
405.292991	12.467607	403.848341	4.287124
405.339088	12.467607	403.908520	4.269225
405.378263	12.467607	403.949373	4.269225
405.441278	12.469571	403.988461	4.269225
405.482527	12.469571	404.030461	4.254295
405.519866	12.469571	404.077097	4.254295
405.558006	12.469571	404.116877	4.254295
405.603455	12.501741	404.154623	4.254295
405.640354	12.501741	404.194234	4.229237
405.681432	12.501741	404.234435	4.229237
405.728271	12.479320	404.272914	4.229237
405.768084	12.479320	404.317049	4.228121
405.809613	12.479320	404.355536	4.228121
405.849739	12.497735	404.394396	4.228121
405.893032	12.497735	404.432293	4.228714
405.932030	12.497735	404.474360	4.228714
406.004995	12.541527	404.514760	4.228714
406.045335	12.541527	404.550592	4.228714
406.083354	12.541527	404.592816	4.180211
406.129597	12.520197	404.633754	4.180211
406.168085	12.520197	404.704163	4.202974
406.239998	12.500482	404.746102	4.202974
406.282549	12.500482	404.784841	4.202974
406.320590	12.500482	404.823253	4.202974
406.360909	12.500482	404.867658	4.159067
406.406138	12.522050	404.938901	4.159067
406.472277	12.522050	404.977728	4.169708
406.516856	12.531563	405.020806	4.169708
406.555137	12.531563	405.059479	4.169708
406.592630	12.531563	405.097621	4.169708
406.636962	12.532924	405.140160	4.153521
406.680151	12.532924	405.178187	4.153521
406.739779	12.532924	405.219907	4.153521
406.782033	12.535733	405.263596	4.145037
406.822016	12.535733	405.303768	4.145037
406.865266	12.535733	405.340678	4.145037
406.908271	12.523210	405.382699	4.109981
406.969756	12.523210	405.427463	4.109981
407.010467	12.523210	405.465258	4.109981
407.050570	12.519040	405.529405	4.124435
407.093510	12.519040	405.570338	4.124435
407.133539	12.519040	405.608366	4.124435
407.207819	12.539331	405.652272	4.117107
407.248662	12.539331	405.690677	4.117107
407.288605	12.539331	405.731819	4.117107
407.333533	12.539171	405.776113	4.120886
407.373197	12.539171	405.821848	4.120886
407.414418	12.539171	405.861013	4.120886
407.461941	12.530800	405.901738	4.120886
407.499943	12.530800	405.941304	4.094188
407.544516	12.530800	405.980845	4.094188
407.589955	12.537485	406.021989	4.094188
407.636779	12.537485	406.064622	4.080695
407.673651	12.537485	406.137749	4.080695
407.714030	12.535911	406.173830	4.083636
407.782741	12.535911	406.218923	4.083636
407.823496	12.405204	406.255830	4.083636
407.865398	12.405204	406.292696	4.083636
407.907625	12.405204	406.336833	4.089755
407.944802	12.405204	406.376029	4.089755
407.988292	12.426616	406.413247	4.089755
408.029221	12.426616	406.455056	4.076977
408.069893	12.426616	406.496589	4.076977
408.109649	12.380414	406.533425	4.076977
408.146026	12.380414	406.596661	4.064359
408.183395	12.380414	406.637621	4.064359
408.252153	12.380835	406.675241	4.064359
408.291626	12.380835	406.717168	4.079295
408.329894	12.380835	406.758101	4.079295
408.374183	12.394000	406.796255	4.079295
408.414729	12.394000	406.840158	4.064782
408.453440	12.394000	406.878010	4.064782
408.491136	12.375217	406.954040	4.064782
408.534283	12.375217	406.996292	4.077432
408.572416	12.375217	407.038944	4.077432
408.610317	12.375217	407.081108	4.077432
408.652283	12.366553	407.123041	4.065842
408.692564	12.366553	407.164622	4.065842
408.729203	12.366553	407.202762	4.065842
408.771502	12.349460	407.243566	4.053756
408.812363	12.349460	407.283162	4.053756
408.850355	12.349460	407.322453	4.053756
408.890838	12.349460	407.358190	4.053756
408.931151	12.321740	407.403160	4.051062
408.974057	12.321740	407.440526	4.051062
409.010361	12.321740	407.480857	4.051062
409.057687	12.319197	407.524528	4.068994
409.098107	12.319197	407.564816	4.068994
409.158365	12.344031	407.604110	4.068994
409.204732	12.344031	407.647474	4.084910
409.241554	12.344031	407.686042	4.084910
409.282977	12.344031	407.750518	4.084910
409.326006	12.331478	407.791704	4.073945
409.390370	12.331478	407.833059	4.073945
409.434284	12.313372	407.874902	4.073945
409.472679	12.313372	407.918175	4.058850
409.516313	12.313372	407.958588	4.058850
409.555805	12.350029	407.997631	4.058850
409.607488	12.350029	408.039040	4.070690
409.643912	12.350029	408.081264	4.070690
409.684487	12.350029	408.121574	4.070690
409.729214	12.333077	408.159769	4.070690
409.768608	12.333077	408.203548	4.085380
409.809027	12.333077	408.247633	4.085380
409.856855	12.334168	408.286575	4.085380
409.896746	12.334168	408.362987	4.088210
409.939523	12.334168	408.406969	4.088210
409.986511	12.351623	408.452870	4.092503
410.024479	12.351623	408.494059	4.092503
410.064435	12.351623	408.531954	4.092503
410.106748	12.337745	408.570845	4.092503
410.147738	12.337745	408.624915	4.086338
410.185363	12.337745	408.663590	4.086338
410.225478	12.333687	408.737338	4.109659
410.265996	12.333687	408.775651	4.109659
410.307845	12.333687	408.814462	4.109659
410.347610	12.333687	408.859650	4.104398
410.399711	12.342581	408.900218	4.104398
410.437212	12.342581	408.963886	4.104398
410.474940	12.342581	409.008565	4.111410
410.548905	12.360250	409.047930	4.111410
410.587735	12.360250	409.087525	4.111410
410.626218	12.359372	409.131969	4.128968
410.665349	12.359372	409.172410	4.128968
410.703878	12.359372	409.211611	4.128968
410.744094	12.359372	409.256545	4.113992
410.790479	12.351839	409.295939	4.113992
410.827112	12.351839	409.353023	4.113992
410.865480	12.351839	409.394772	4.163709
410.937211	12.363693	409.437575	4.163709
410.975783	12.363693	409.474047	4.163709
411.016036	12.363693	409.516457	4.259380
411.060461	12.367001	409.573995	4.259380
411.099206	12.367001	409.611119	4.259380
411.139903	12.367001	409.651910	4.530111
411.185363	12.378185	409.693402	4.530111
411.226248	12.378185	409.731502	4.530111
411.266556	12.378185	409.769317	4.530111
411.305862	12.393327	409.811535	4.517084
411.349224	12.393327	409.855597	4.517084
411.389359	12.393327	409.893620	4.517084
411.463207	12.367930	409.965420	4.507975
411.505476	12.367930	410.004145	4.507975
411.541816	12.367930	410.048459	4.488353
411.588131	12.382239	410.089498	4.488353
411.626935	12.382239	410.127469	4.488353
411.698390	12.401299	410.186714	4.470186
411.742587	12.401299	410.227536	4.470186
411.778952	12.401299	410.265052	4.470186
411.822091	12.394474	410.301528	4.470186
411.864789	12.394474	410.344134	4.453280
411.931698	12.394474	410.382303	4.453280
411.974878	12.417903	410.424263	4.453280
412.013288	12.417903	410.470215	4.429907
412.050165	12.417903	410.508973	4.429907
412.093979	12.409717	410.546291	4.429907
412.139477	12.409717	410.588370	4.418717
412.212934	12.409717	410.633448	4.418717
412.256393	12.402088	410.672940	4.418717
412.296551	12.402088	410.750223	4.380931
412.335735	12.402088	410.793946	4.380931
412.383426	12.424791	410.834929	4.373896
412.423832	12.424791	410.879425	4.373896
412.490032	12.424791	410.949399	4.373896
412.535405	12.434284	410.989338	4.344845
412.574959	12.434284	411.028179	4.344845
412.618831	12.434284	411.066670	4.344845
412.659823	12.433085	411.107559	4.289364
412.723590	12.433085	411.150302	4.289364
412.768248	12.451096	411.187199	4.289364
412.808611	12.451096	411.226061	4.289364
412.853440	12.451096	411.273939	4.286721
412.892176	12.451096	411.310890	4.286721
412.940603	12.463911	411.373418	4.258178
412.979660	12.463911	411.415684	4.258178
413.021494	12.479984	411.456828	4.258178
413.066438	12.479984	411.499845	4.258178
413.130802	12.479984	411.540298	4.269872
413.174450	12.489129	411.582974	4.269872
413.212516	12.489129	411.619771	4.269872
413.251742	12.489129	411.662706	4.240558
413.294277	12.493857	411.701744	4.240558
413.337063	12.493857	411.740614	4.240558
413.395560	12.493857	411.781800	4.222113
413.439650	12.489396	411.822195	4.222113
413.479285	12.489396	411.860430	4.222113
413.521859	12.489396	411.898239	4.222113
413.563862	12.493456	411.940752	4.229964
413.627568	12.493456	411.980309	4.229964
413.668847	12.493456	412.017018	4.229964
413.709484	12.505275	412.059133	4.241073
413.755536	12.505275	412.104593	4.241073
413.793706	12.505275	412.143253	4.241073
413.864894	12.522350	412.217715	4.256928
413.906113	12.522350	412.258565	4.256928
413.944474	12.522350	412.298491	4.256928
413.990898	12.515364	412.343436	4.267025
414.029560	12.515364	412.382972	4.267025
414.098357	12.524161	412.454035	4.278962
414.142999	12.524161	412.491515	4.278962
414.178908	12.524161	412.529150	4.278962
414.222864	12.506223	412.565918	4.278962
414.264464	12.506223	412.608184	4.293563
414.331323	12.506223	412.648286	4.293563
414.377763	12.553159	412.691226	4.293563
414.413031	12.553159	412.735066	4.299618
414.451339	12.553159	412.774745	4.299618
414.496206	12.548882	412.812338	4.299618
414.539576	12.548882	412.854946	4.309872
414.610136	12.548882	412.896866	4.309872
414.655150	12.519603	412.935153	4.309872
414.694475	12.519603	413.004433	4.303765
414.738368	12.519603	413.043221	4.303765
414.777987	12.536742	413.081386	4.303765
414.844347	12.536742	413.124639	4.322371
414.886430	12.536742	413.170098	4.322371
414.928085	12.552549	413.208982	4.322371
414.972672	12.552549	413.269782	4.342768
415.011352	12.552549	413.309393	4.342768
415.080618	12.554788	413.347688	4.342768
415.120576	12.554788	413.393149	4.345151
415.162890	12.545977	413.435246	4.345151
415.205136	12.545977	413.472835	4.345151
415.245527	12.545977	413.537030	4.360386
415.281282	12.545977	413.575918	4.360386
415.330430	12.548877	413.612947	4.360386
415.368866	12.548877	413.657522	4.362688
415.440670	12.529319	413.699082	4.362688
415.481279	12.529319	413.736459	4.362688
415.522903	12.529319	413.802294	4.368414
415.564322	12.539467	413.842634	4.368414
415.603873	12.539467	413.878706	4.368414
415.643479	12.539467	413.929052	4.383174
415.682349	12.539467	413.968189	4.383174
415.724199	12.417580	414.006024	4.383174
415.763945	12.417580	414.053278	4.403466
415.805894	12.417580	414.091458	4.403466
415.851120	12.411831	414.157851	4.422612
415.890412	12.411831	414.201045	4.422612
415.933706	12.411831	414.243360	4.422612
415.974245	12.397850	414.283654	4.422612
416.022464	12.397850	414.327355	4.411890
416.059563	12.397850	414.368110	4.411890
416.101829	12.389421	414.405460	4.411890
416.175247	12.389421	414.445716	4.424940
416.212939	12.389421	414.487596	4.424940
416.256964	12.378776	414.525388	4.424940
416.298768	12.378776	414.564797	4.434005
416.337654	12.378776	414.606092	4.434005
416.382167	12.402197	414.642444	4.434005
416.421872	12.402197	414.680957	4.434005
416.459774	12.402197	414.722010	4.435017
416.501292	12.362972	414.761523	4.435017
416.544102	12.362972	414.799107	4.435017
416.584375	12.362972	414.842274	4.452710
416.622488	12.365615	414.883074	4.452710
416.665368	12.365615	414.944317	4.452710
416.707042	12.365615	414.986948	4.470980
416.745765	12.365615	415.026601	4.470980
416.787860	12.334996	415.066421	4.470980
416.827339	12.334996	415.107126	4.481566
416.865145	12.334996	415.181559	4.481566
416.907529	12.355551	415.218622	4.481566
416.947245	12.355551	415.262516	4.467468
416.988879	12.355551	415.300579	4.467468
417.028736	12.351704	415.338271	4.467468
417.074759	12.351704	415.382133	4.495975
417.114432	12.351704	415.427167	4.495975
417.189904	12.347445	415.467035	4.495975
417.235027	12.347445	415.540432	4.483923
417.272463	12.347445	415.582171	4.483923
417.319978	12.337152	415.619683	4.483923
417.360596	12.337152	415.665196	4.469506
417.427550	12.345311	415.705556	4.469506
417.471559	12.345311	415.776998	4.465641
417.508961	12.345311	415.819764	4.465641
417.552447	12.340574	415.863584	4.465641
417.595123	12.340574	415.900448	4.465641
417.657357	12.340574	415.961848	4.469142
417.699014	12.361445	415.999208	4.469142
417.740137	12.361445	416.041470	4.464152
417.782675	12.361445	416.082664	4.464152
417.821387	12.337334	416.124280	4.464152
417.868064	12.337334	416.167060	4.460667
417.906554	12.337334	416.218064	4.460667
417.949233	12.344054	416.254220	4.460667
417.991605	12.344054	416.293897	4.460667
418.064507	12.344054	416.346195	4.471293
418.110056	12.362228	416.389521	4.471293
418.147742	12.362228	416.465140	4.450654
418.192689	12.362228	416.506043	4.450654
418.232834	12.371698	416.543617	4.450654
418.283375	12.371698	416.588090	4.467262
418.320926	12.371698	416.627489	4.467262
418.361490	12.373727	416.695174	4.467262
418.405396	12.373727	416.739892	4.446229
418.444076	12.373727	416.778556	4.446229
418.504301	12.380208	416.819502	4.446229
418.544423	12.380208	416.866981	4.460189
418.583169	12.380208	416.904651	4.460189
418.622672	12.376485	416.942232	4.460189
418.663987	12.376485	416.986098	4.436216
418.702236	12.376485	417.026410	4.436216
418.739655	12.376485	417.087724	4.436216
418.784204	12.391129	417.134824	4.456167
418.822866	12.391129	417.171608	4.456167
418.861474	12.391129	417.211673	4.456167
418.901169	12.396477	417.253366	4.474485
418.943384	12.396477	417.325483	4.474485
418.984619	12.396477	417.367918	4.453935
419.024488	12.394134	417.409157	4.453935
419.066528	12.394134	417.449007	4.453935
419.105903	12.394134	417.487213	4.453935
419.173479	12.380903	417.547177	4.442634
419.218158	12.380903	417.587101	4.442634
419.255383	12.380903	417.626779	4.445109
419.301406	12.404702	417.668935	4.445109
419.341551	12.404702	417.708007	4.445109
419.406349	12.404702	417.748250	4.445109
419.451967	12.395758	417.794472	4.458418
419.490909	12.395758	417.832424	4.458418
419.538423	12.395758	417.890882	4.458418
419.577045	12.413690	417.934047	4.480683
419.616955	12.413690	417.976854	4.480683
419.691241	12.424534	418.051339	4.462722
419.735835	12.424534	418.090136	4.462722
419.773470	12.424534	418.131618	4.462722
419.816958	12.424534	418.174773	4.453335
419.857360	12.409849	418.235919	4.453335
419.920835	12.409849	418.274239	4.453335
419.964023	12.401074	418.315647	4.468518
420.004472	12.401074	418.358176	4.468518
420.047413	12.401074	418.396926	4.468518
420.087955	12.414090	418.439670	4.464908
420.138526	12.414090	418.484073	4.464908
420.177533	12.414090	418.522788	4.464908
420.216499	12.414090	418.593143	4.518217
420.262204	12.443223	418.632751	4.518217
420.304271	12.443223	418.669946	4.518217
420.344232	12.443223	418.709831	4.523055
420.405232	12.439591	418.754255	4.523055
420.443058	12.439591	418.792893	4.523055
420.489299	12.425753	418.863575	4.655070
420.529903	12.425753	418.900964	4.655070
420.593070	12.425753	418.937154	4.655070
420.636567	12.454492	418.980248	4.270766
420.677292	12.454492	419.022110	4.270766
420.720664	12.454492	419.060196	4.270766
420.761670	12.463157	419.129950	4.287166
420.814480	12.463157	419.169158	4.287166
420.851061	12.463157	419.204619	4.287166
420.895658	12.487736	419.249319	4.292178
420.934362	12.487736	419.287907	4.292178
421.001588	12.487736	419.327475	4.292178
421.046484	12.496082	419.372167	4.262692
421.084121	12.496082	419.410635	4.262692
421.122379	12.496082	419.484441	4.262692
421.169722	12.485534	419.527456	4.263192
421.210509	12.485534	419.577470	4.263192
421.269430	12.485534	419.619828	4.263192
421.313218	12.525715	419.661923	4.255772
421.355252	12.525715	419.703238	4.255772
421.392869	12.525715	419.741281	4.255772
421.438667	12.517459	419.782650	4.232596
421.478890	12.517459	419.821383	4.232596
421.538749	12.517459	419.860618	4.232596
421.582515	12.548610	419.898315	4.232596
421.621799	12.548610	419.939679	4.247625
421.663642	12.548610	419.980356	4.247625
421.708088	12.524587	420.018215	4.247625
421.772111	12.524587	420.066832	4.198194
421.816429	12.524587	420.107269	4.198194
421.856727	12.520781	420.178931	4.174908
421.893890	12.520781	420.219312	4.174908
421.936182	12.520781	420.255769	4.174908
421.976439	12.536482	420.297658	4.174908
422.036339	12.536482	420.340977	4.150676
422.080063	12.559928	420.410911	4.150676
422.122341	12.559928	420.453633	4.130881
422.160946	12.559928	420.494495	4.130881
422.200243	12.559928	420.534250	4.130881
422.241702	12.558038	420.583461	4.080692
422.282552	12.558038	420.633677	4.080692
422.325324	12.558038	420.672878	4.080692
422.369227	12.551851	420.714661	4.066919
422.407934	12.551851	420.754849	4.066919
422.445600	12.551851	420.793530	4.066919
422.490768	12.548682	420.835563	4.033367
422.533165	12.548682	420.881103	4.033367
422.602391	12.548682	420.918688	4.033367
422.643966	12.553822	420.999475	4.023913
422.687862	12.553822	421.039773	4.023913
422.725364	12.553822	421.078640	4.023913
422.772804	12.568297	421.124526	4.034140
422.813406	12.568297	421.162453	4.034140
422.888497	12.568212	421.228426	4.047334
422.929976	12.568212	421.275418	4.047334
422.969754	12.568212	421.312594	4.047334
423.008615	12.568212	421.351645	4.047334
423.055115	12.549887	421.393365	4.039628
423.095036	12.549887	421.432025	4.039628
423.137320	12.549887	421.468937	4.039628
423.183923	12.553571	421.519825	4.047080
423.223211	12.553571	421.556891	4.047080
423.264976	12.553571	421.634007	4.076197
423.308290	12.557670	421.674356	4.076197
423.350410	12.557670	421.716582	4.076197
423.389827	12.557670	421.759538	4.101546
423.464520	12.569034	421.805138	4.101546
423.504420	12.569034	421.844080	4.101546
423.543046	12.569034	421.882333	4.101546
423.586555	12.575732	421.921505	4.133942
423.626911	12.575732	421.961959	4.133942
423.665176	12.575732	422.000137	4.133942
423.714262	12.436221	422.042690	4.158969
423.752074	12.436221	422.081855	4.158969
423.811619	12.436221	422.118200	4.158969
423.855880	12.418189	422.156693	4.191756
423.896799	12.418189	422.198710	4.191756
423.935771	12.418189	422.237975	4.191756
423.974062	12.428247	422.276075	4.191756
424.016263	12.428247	422.316917	4.220939
424.054916	12.428247	422.358380	4.220939
424.099800	12.428457	422.432043	4.271542
424.138135	12.428457	422.473220	4.271542
424.183652	12.428457	422.512004	4.271542
424.222124	12.416903	422.552713	4.271542
424.270906	12.416903	422.593694	4.262530
424.308365	12.416903	422.664462	4.262530
424.354250	12.409665	422.700940	4.323998
424.397614	12.409665	422.741470	4.323998
424.437991	12.409665	422.782580	4.323998
424.483405	12.392778	422.820144	4.323998
424.526259	12.392778	422.862150	4.356970
424.597570	12.392778	422.906361	4.356970
424.639127	12.386128	422.943931	4.356970
424.679597	12.386128	423.011307	4.394109
424.718797	12.386128	423.051438	4.394109
424.760803	12.399690	423.089668	4.394109
424.802915	12.399690	423.136524	4.418020
424.839783	12.399690	423.174349	4.418020
424.879978	12.377012	423.241272	4.470922
424.923573	12.377012	423.283107	4.470922
424.962269	12.377012	423.325906	4.470922
425.000525	12.377012	423.369816	4.472590
425.044084	12.348355	423.429354	4.472590
425.084865	12.348355	423.466345	4.472590
425.122226	12.348355	423.506294	4.502497
425.164908	12.352491	423.552287	4.502497
425.208243	12.352491	423.590109	4.502497
425.246122	12.352491	423.649738	4.545608
425.287923	12.363884	423.690275	4.545608
425.330138	12.363884	423.727604	4.545608
425.369328	12.363884	423.771660	4.577344
425.407903	12.363884	423.812504	4.577344
425.452648	12.377971	423.883739	4.577344
425.494582	12.377971	423.925848	4.595026
425.531993	12.377971	423.966907	4.595026
425.573539	12.365587	424.006174	4.595026
425.614145	12.365587	424.048676	4.636625
425.652645	12.365587	424.117831	4.636625
425.693972	12.356065	424.157281	4.651728
425.735806	12.356065	424.203934	4.651728
425.772223	12.356065	424.242917	4.651728
425.811154	12.356065	424.278256	4.651728
425.888248	12.368308	424.324042	4.679381
425.928095	12.368308	424.373322	4.679381
425.968077	12.375457	424.415814	4.679381
426.010758	12.375457	424.498064	4.728493
426.049742	12.375457	424.537517	4.728493
426.122890	12.391508	424.579307	4.720178
426.164749	12.391508	424.621173	4.720178
426.201095	12.391508	424.680591	4.720178
426.245899	12.373561	424.722063	4.709657
426.287195	12.373561	424.761601	4.709657
426.358689	12.378949	424.800095	4.709657
426.401237	12.378949	424.841812	4.721217
426.439549	12.378949	424.883721	4.721217
426.484337	12.374045	424.921735	4.721217
426.526682	12.374045	424.963634	4.742475
426.590032	12.374045	425.008407	4.742475
426.635754	12.394572	425.046001	4.742475
426.676405	12.394572	425.121934	4.738640
426.721754	12.394572	425.161826	4.738640
426.761062	12.406262	425.199752	4.738640
426.811296	12.406262	425.243308	4.739154
426.848536	12.406262	425.283312	4.739154
426.890388	12.388747	425.354269	4.739154
426.935081	12.388747	425.399578	4.727203
426.973085	12.388747	425.436600	4.727203
427.047024	12.398257	425.476866	4.727203
427.090292	12.398257	425.520937	4.720894
427.128169	12.398257	425.588866	4.720894
427.169965	12.407462	425.627632	4.720894
427.211990	12.407462	425.677530	4.723767
427.250303	12.407462	425.716677	4.723767
427.294586	12.416440	425.754805	4.723767
427.333662	12.416440	425.800586	4.736300
427.372011	12.416440	425.838862	4.736300
427.411242	12.416440	425.881487	4.736300
427.458004	12.424554	425.926570	4.708405
427.495500	12.424554	425.967555	4.708405
427.534708	12.424554	426.004377	4.708405
427.608956	12.417634	426.047030	4.698291
427.646706	12.417634	426.090701	4.698291
427.690084	12.421165	426.128650	4.698291
427.733148	12.421165	426.200544	4.719412
427.769990	12.421165	426.238925	4.719412
427.809052	12.421165	426.274988	4.719412
427.853931	12.413682	426.319807	4.719726
427.892649	12.413682	426.362990	4.719726
427.936894	12.413682	426.401130	4.719726
427.978310	12.447908	426.468151	4.694559
428.044392	12.447908	426.505112	4.694559
428.083871	12.441576	426.540946	4.694559
428.124755	12.441576	426.585605	4.690485
428.169002	12.441576	426.627677	4.690485
428.206506	12.441576	426.666849	4.690485
428.256624	12.448096	426.734145	4.669633
428.301551	12.448096	426.771269	4.669633
428.340025	12.448096	426.808668	4.669633
428.384295	12.465008	426.853567	4.681359
428.426842	12.465008	426.895324	4.681359
428.465356	12.465008	426.933262	4.681359
428.506570	12.458655	426.978455	4.669450
428.546142	12.458655	427.016459	4.669450
428.587035	12.458655	427.091218	4.664219
428.626132	12.496715	427.133579	4.664219
428.668626	12.496715	427.175987	4.664219
428.709411	12.496715	427.217070	4.664219
428.748805	12.466412	427.257372	4.673666
428.794023	12.466412	427.298618	4.673666
428.831899	12.466412	427.337837	4.673666
428.871119	12.466412	427.382090	4.675855
428.934815	12.495532	427.421833	4.675855
428.973551	12.495532	427.460257	4.675855
429.010999	12.495532	427.501308	4.673568
429.054980	12.506710	427.538155	4.673568
429.096497	12.506710	427.575114	4.673568
429.134384	12.506710	427.612909	4.673568
429.180101	12.524751	427.656282	4.683610
429.219945	12.524751	427.696650	4.683610
429.257121	12.524751	427.734140	4.683610
429.329773	12.531809	427.774847	4.680431
429.369762	12.531809	427.816071	4.680431
429.410018	12.531809	427.889648	4.700422
429.457052	12.535313	427.931927	4.700422
429.496845	12.535313	427.970705	4.700422
429.539808	12.535313	428.009926	4.700422
429.585983	12.531666	428.055826	4.712580
429.624576	12.531666	428.123469	4.712580
429.665721	12.531666	428.163351	4.758135
429.707064	12.534424	428.205915	4.758135
429.750968	12.534424	428.246228	4.758135
429.789878	12.534424	428.283632	4.758135
429.857676	12.565903	428.325918	3.947310
429.899764	12.565903	428.363987	3.947310
429.936700	12.565903	428.402131	3.947310
429.984673	12.571050	428.449362	3.916113
430.024765	12.571050	428.486991	3.916113
430.092454	12.540250	428.560820	3.921319
430.133548	12.540250	428.601043	3.921319
430.171027	12.540250	428.641528	3.921319
430.214021	12.540250	428.683007	3.921319
430.256815	12.566616	428.726119	3.909618
430.325842	12.566616	428.768107	3.909618
430.370639	12.536975	428.806510	3.909618
430.409407	12.536975	428.854908	3.920333
430.451994	12.536975	428.896130	3.920333
430.493526	12.566769	428.934181	3.920333
430.545289	12.566769	428.975590	3.909802
430.581398	12.566769	429.013045	3.909802
430.621547	12.578791	429.049965	3.909802
430.665070	12.578791	429.088820	3.906126
430.705584	12.578791	429.131279	3.906126
430.769013	12.564572	429.169573	3.906126
430.809577	12.564572	429.206011	3.906126
430.845861	12.564572	429.249279	3.885740
430.888524	12.562889	429.290552	3.885740
430.929502	12.562889	429.364278	3.875494
430.966830	12.562889	429.407258	3.875494
431.005567	12.562889	429.444933	3.875494
431.053505	12.591085	429.485098	3.873342
431.093958	12.591085	429.525216	3.873342
431.131041	12.591085	429.597367	3.873342
431.176100	12.576787	429.638378	3.861341
431.217009	12.576787	429.677774	3.861341
431.254922	12.576787	429.716764	3.861341
431.296551	12.575648	429.755088	3.861341
431.338779	12.575648	429.796910	3.835320
431.378424	12.575648	429.836819	3.835320
431.421299	12.567063	429.878890	3.835320
431.462285	12.567063	429.922544	3.816578
431.505426	12.567063	429.962533	3.816578
431.542016	12.567063	429.999148	3.816578
431.589174	12.568334	430.042661	3.817005
431.629665	12.568334	430.085482	3.817005
431.692874	12.576954	430.123234	3.817005
431.736503	12.576954	430.195385	3.811815
431.774111	12.576954	430.234133	3.811815
431.821372	12.471247	430.270721	3.811815
431.863671	12.471247	430.318635	3.825455
431.937396	12.471247	430.360750	3.825455
431.979954	12.448842	430.400965	3.825455
432.020715	12.448842	430.466279	3.830360
432.066983	12.448842	430.506185	3.830360
432.106893	12.433137	430.543795	3.830360
432.148284	12.433137	430.587288	3.859240
432.222784	12.433415	430.631706	3.859240
432.265887	12.433415	430.670660	3.859240
432.302830	12.433415	430.742181	3.888009
432.344700	12.433415	430.779787	3.888009
432.389322	12.421914	430.816475	3.888009
432.453342	12.421914	430.859293	3.914730
432.497987	12.438103	430.900279	3.914730
432.537657	12.438103	430.939261	3.914730
432.582128	12.438103	430.986366	3.946580
432.621671	12.406404	431.023559	3.946580
432.671291	12.406404	431.087514	3.983318
432.708575	12.406404	431.129568	3.983318
432.746624	12.383479	431.171999	3.983318
432.791278	12.383479	431.211860	3.983318
432.829668	12.383479	431.254150	4.009316
432.869826	12.383479	431.294861	4.009316
432.922591	12.372870	431.333738	4.009316
432.960346	12.372870	431.375343	4.072542
433.002723	12.372870	431.416733	4.072542
433.045283	12.409817	431.454458	4.072542
433.109915	12.409817	431.494416	4.119384
433.149742	12.409817	431.534905	4.119384
433.190567	12.401480	431.571861	4.119384
433.233016	12.401480	431.608257	4.119384
433.274022	12.401480	431.651172	4.170548
433.343225	12.368600	431.690459	4.170548
433.383243	12.368600	431.730128	4.170548
433.423457	12.381443	431.771891	4.219610
433.464247	12.381443	431.838256	4.219610
433.504761	12.381443	431.875731	4.219610
433.544275	12.381443	431.922379	4.259994
433.587813	12.396753	431.966298	4.259994
433.627592	12.396753	432.001762	4.259994
433.665903	12.396753	432.044661	4.320060
433.713760	12.374489	432.084183	4.320060
433.751632	12.374489	432.126030	4.320060
433.812601	12.400845	432.169390	4.385413
433.854967	12.400845	432.219693	4.385413
433.894072	12.400845	432.259174	4.385413
433.932148	12.400845	432.300148	4.410463
433.973394	12.366973	432.346984	4.410463
434.014151	12.366973	432.387706	4.410463
434.053518	12.366973	432.453299	4.462640
434.095006	12.379751	432.495590	4.462640
434.137622	12.379751	432.531784	4.462640
434.179192	12.379751	432.576695	4.521867
434.219960	12.400180	432.617373	4.521867
434.259739	12.400180	432.685664	4.578184
434.298705	12.400180	432.728648	4.578184
434.363041	12.408235	432.769141	4.578184
434.406509	12.408235	432.809406	4.578184
434.444072	12.408235	432.855712	4.636818
434.486485	12.388526	432.923946	4.636818
434.528786	12.388526	432.962532	4.666290
434.569137	12.388526	433.005442	4.666290
434.609877	12.392497	433.044434	4.666290
434.650996	12.392497	433.083385	4.666290
434.692605	12.392497	433.127507	4.725511
434.731399	12.392497	433.166230	4.725511
434.773356	12.407059	433.204044	4.725511
434.815186	12.407059	433.251781	4.767912
434.853341	12.407059	433.290280	4.767912
434.894781	12.391246	433.362514	4.824859
434.936991	12.391246	433.403730	4.824859
434.974832	12.391246	433.445963	4.824859
435.017815	12.436759	433.487511	4.873278
435.057761	12.436759	433.528108	4.873278
435.098741	12.436759	433.569208	4.873278
435.136101	12.436759	433.608174	4.873278
435.182098	12.418010	433.648479	4.895229
435.222552	12.418010	433.687444	4.895229
435.298493	12.414718	433.728054	4.895229
435.342155	12.414718	433.769149	4.925561
435.379823	12.414718	433.806859	4.925561
435.425751	12.400735	433.843885	4.925561
435.467396	12.400735	433.881607	4.925561
435.528646	12.400735	433.924062	4.989381
435.575007	12.430615	433.965526	4.989381
435.612035	12.430615	434.001483	4.989381
435.655374	12.430615	434.042919	5.030618
435.695323	12.438833	434.106883	5.030618
435.737631	12.438833	434.144197	5.030618
435.799182	12.438833	434.189266	5.035235
435.840374	12.444401	434.234251	5.035235
435.881473	12.444401	434.270750	5.035235
435.920799	12.444401	434.314765	5.039233
435.960742	12.454421	434.354637	5.039233
436.002509	12.454421	434.397901	5.039233
436.042829	12.454421	434.441726	5.054740
436.083793	12.451739	434.488633	5.054740
436.129122	12.451739	434.525537	5.054740
436.165314	12.451739	434.566664	5.066863
436.206287	12.472848	434.609747	5.066863
436.268294	12.472848	434.647963	5.066863
436.307622	12.472848	434.719555	5.081813
436.346001	12.472848	434.758786	5.081813
436.388565	12.468020	434.796496	5.081813
436.428144	12.468020	434.836860	5.078946
436.466387	12.468020	434.881466	5.078946
436.515190	12.472218	434.921538	5.078946
436.553097	12.472218	435.003496	5.074316
436.592310	12.472218	435.042317	5.074316
436.657813	12.464240	435.080561	5.074316
436.698309	12.464240	435.125597	5.022369
436.740964	12.464240	435.162936	5.022369
436.785435	12.492652	435.234566	5.070880
436.831019	12.492652	435.275504	5.070880
436.868482	12.492652	435.316319	5.070880
436.920843	12.499104	435.355658	5.061287
436.958338	12.499104	435.400070	5.061287
437.000371	12.499104	435.437977	5.061287
437.042929	12.526301	435.479046	5.061287
437.084670	12.526301	435.528036	5.047285
437.126218	12.526301	435.565341	5.047285
437.165586	12.510540	435.645950	5.051661
437.226039	12.510540	435.683939	5.051661
437.268616	12.510540	435.725782	5.051661
437.308666	12.528835	435.768803	5.038729
437.354744	12.528835	435.808267	5.038729
437.411681	12.521555	435.849867	5.038729
437.452781	12.521555	435.890695	5.025754
437.493307	12.521555	435.932321	5.025754
437.531447	12.521555	435.971837	5.025754
437.573749	12.565188	436.009881	5.025754
437.617149	12.565188	436.057011	5.033464
437.654451	12.565188	436.095558	5.033464
437.702915	12.555418	436.169289	5.007961
437.740965	12.555418	436.211518	5.007961
437.806551	12.547857	436.250065	5.007961
437.846178	12.547857	436.310271	4.996544
437.895198	12.547857	436.350027	4.996544
437.931413	12.547857	436.387949	4.996544
437.972426	12.571670	436.425703	4.996544
438.040209	12.571670	436.471777	4.991227
438.080400	12.553756	436.510771	4.991227
438.121934	12.553756	436.574449	4.998223
438.161263	12.553756	436.618202	4.998223
438.200379	12.553756	436.656189	4.998223
438.241725	12.588206	436.701006	4.969107
438.282213	12.588206	436.738305	4.969107
438.321300	12.588206	436.809230	4.969107
438.367780	12.588135	436.855273	4.966709
438.405790	12.588135	436.895650	4.966709
438.443867	12.588135	436.935971	4.966709
438.486936	12.579813	436.980638	4.980533
438.527699	12.579813	437.029337	4.980533
438.571472	12.579813	437.066073	4.980533
438.611339	12.582564	437.107952	4.977746
438.660400	12.582564	437.149523	4.977746
438.697186	12.582564	437.186965	4.977746
438.740707	12.582564	437.224514	4.977746
438.783167	12.582961	437.269635	4.988207
438.851333	12.582961	437.309727	4.988207
438.894414	12.602002	437.374211	4.992773
438.934208	12.602002	437.416558	4.992773
438.976651	12.602002	437.455513	4.992773
439.017873	12.606989	437.507125	4.987866
439.064015	12.606989	437.545637	4.987866
439.100973	12.606989	437.606726	4.987866
439.142463	12.606989	437.647502	4.999698
439.185547	12.579242	437.687006	4.999698
439.256000	12.579242	437.724012	4.999698
439.301442	12.574540	437.767594	5.043694
439.340330	12.574540	437.809408	5.043694
439.383959	12.574540	437.849943	5.043694
439.425683	12.583877	437.896221	5.142577
439.478720	12.583877	437.934933	5.142577
439.515938	12.583877	438.007593	5.142577
439.557046	12.602345	438.051427	3.716026
439.600822	12.602345	438.094610	3.716026
439.638755	12.602345	438.136255	3.716026
439.679829	12.585940	438.176842	3.687540
439.744031	12.585940	438.216588	3.687540
439.783191	12.585940	438.254765	3.687540
439.823338	12.590308	438.295317	3.679604
439.864233	12.590308	438.335582	3.679604
439.905548	12.590308	438.373878	3.679604
439.944088	12.590308	438.412019	3.679604
439.991421	12.467167	438.454487	3.680418
440.028729	12.467167	438.491265	3.680418
440.069521	12.467167	438.528777	3.680418
440.135939	12.473097	438.571738	3.673995
440.175431	12.473097	438.612441	3.673995
440.221340	12.488405	438.682808	3.673995
440.260200	12.488405	438.726190	3.676831
440.303414	12.488405	438.764726	3.676831
440.340573	12.488405	438.807144	3.676831
440.394106	12.460470	438.850795	3.654368
440.431375	12.460470	438.918509	3.654368
440.469387	12.460470	438.960392	3.637755
440.514538	12.462392	439.001169	3.637755
440.551872	12.462392	439.040997	3.637755
440.590957	12.462392	439.080156	3.637755
440.638172	12.483305	439.152515	3.631430
440.678337	12.483305	439.190064	3.631430
440.717492	12.483305	439.229865	3.642361
440.759775	12.452154	439.269103	3.642361
440.803783	12.452154	439.307678	3.642361
440.840983	12.452154	439.347029	3.642361
440.913227	12.445953	439.394130	3.641721
440.955261	12.445953	439.431890	3.641721
440.993279	12.445953	439.494727	3.641645
441.037353	12.401589	439.534245	3.641645
441.077329	12.401589	439.575330	3.641645
441.115614	12.401589	439.617312	3.646773
441.156437	12.414293	439.657755	3.646773
441.198189	12.414293	439.700737	3.646773
441.239510	12.414293	439.739349	3.646773
441.278448	12.396268	439.781610	3.689725
441.326416	12.396268	439.821749	3.689725
441.364980	12.396268	439.861554	3.689725
441.405734	12.396268	439.903500	3.737121
441.445005	12.418895	439.941446	3.737121
441.485519	12.418895	439.981001	3.737121
441.523619	12.418895	440.022899	3.739658
441.564934	12.421215	440.063594	3.739658
441.604565	12.421215	440.102674	3.739658
441.645438	12.421215	440.138427	3.739658
441.688733	12.401145	440.181734	3.792954
441.728319	12.401145	440.223737	3.792954
441.768651	12.401145	440.298148	3.808935
441.809183	12.393124	440.344931	3.808935
441.850887	12.393124	440.390109	3.808935
441.891883	12.393124	440.437379	3.857201
441.929513	12.393124	440.478439	3.857201
441.973081	12.402001	440.547369	3.857201
442.015028	12.402001	440.586579	3.878170
442.055051	12.402001	440.625696	3.878170
442.097124	12.418793	440.663285	3.878170
442.165349	12.418793	440.704677	3.897602
442.209459	12.427335	440.744553	3.897602
442.249171	12.427335	440.783399	3.897602
442.292545	12.427335	440.827147	3.961633
442.331956	12.427335	440.866575	3.961633
442.399251	12.419951	440.939283	3.961633
442.442842	12.419951	440.986137	4.002318
442.481721	12.398150	441.030226	4.002318
442.526967	12.398150	441.070530	4.002318
442.567013	12.398150	441.112668	4.050566
442.633629	12.409745	441.153035	4.050566
442.676353	12.409745	441.190557	4.050566
442.713068	12.409745	441.230805	4.093198
442.757525	12.425409	441.270933	4.093198
442.798170	12.425409	441.309061	4.093198
442.864592	12.425409	441.346989	4.093198
442.907723	12.422332	441.393703	4.138886
442.945936	12.422332	441.433669	4.138886
442.983582	12.422332	441.471923	4.138886
443.028566	12.421497	441.538482	4.215885
443.068947	12.421497	441.576879	4.215885
443.130942	12.421497	441.616065	4.264544
443.175268	12.412266	441.656903	4.264544
443.213371	12.412266	441.696914	4.264544
443.254871	12.412266	441.734683	4.264544
443.297688	12.437685	441.784368	4.333028
443.365643	12.437685	441.820941	4.333028
443.409571	12.471288	441.897826	4.373846
443.449941	12.471288	441.936947	4.373846
443.492612	12.471288	441.978415	4.373846
443.530714	12.471288	442.022522	4.453062
443.601652	12.443803	442.063456	4.453062
443.644039	12.443803	442.103205	4.453062
443.683624	12.452673	442.141122	4.453062
443.727528	12.452673	442.184199	4.498508
443.766357	12.452673	442.223754	4.498508
443.839231	12.452111	442.262550	4.498508
443.882290	12.452111	442.303698	4.569307
443.919375	12.452111	442.342346	4.569307
443.965111	12.468327	442.381184	4.569307
444.004502	12.468327	442.422026	4.645045
444.070594	12.468327	442.463995	4.645045
444.115864	12.469369	442.501946	4.645045
444.155099	12.469369	442.537907	4.645045
444.200125	12.469369	442.582522	4.687214
444.241830	12.481036	442.621962	4.687214
444.293643	12.481036	442.699061	4.755625
444.330338	12.481036	442.741475	4.755625
444.379752	12.478770	442.779765	4.755625
444.423404	12.478770	442.824929	4.792761
444.463339	12.478770	442.864706	4.792761
444.530930	12.481542	442.929720	4.792761
444.572848	12.481542	442.968574	4.852384
444.613941	12.495092	443.010163	4.852384
444.656773	12.495092	443.049059	4.852384
444.696093	12.495092	443.086516	4.918400
444.739698	12.509376	443.127221	4.918400
444.783226	12.509376	443.164254	4.918400
444.826508	12.509376	443.206691	4.918400
444.864364	12.509376	443.252188	4.963285
444.914614	12.504513	443.289853	4.963285
444.954930	12.504513	443.327366	4.963285
444.997102	12.504513	443.367011	5.010455
445.039910	12.519972	443.413082	5.010455
445.104912	12.519972	443.450548	5.010455
445.148965	12.519227	443.512288	5.076767
445.188068	12.519227	443.553039	5.076767
445.230814	12.519227	443.590125	5.076767
445.270482	12.519227	443.636863	5.142837
445.341923	12.541621	443.675482	5.142837
445.384807	12.541621	443.745565	5.142837
445.425906	12.548064	443.788734	5.157290
445.470371	12.548064	443.829578	5.157290
445.509162	12.548064	443.870342	5.157290
445.577079	12.537987	443.920101	5.159991
445.619408	12.537987	443.964818	5.159991
445.656957	12.537987	444.003483	5.159991
445.703051	12.549949	444.046811	5.183349
445.743779	12.549949	444.084967	5.183349
445.809841	12.580415	444.121593	5.183349
445.854746	12.580415	444.161369	5.195655
445.891391	12.580415	444.204804	5.195655
445.930690	12.580415	444.248857	5.195655
445.975799	12.600386	444.287565	5.220142
446.019551	12.600386	444.354248	5.220142
446.057030	12.600386	444.395367	5.220142
446.101520	12.566241	444.435544	5.243449
446.143982	12.566241	444.476121	5.243449
446.185888	12.566241	444.513283	5.243449
446.232045	12.582392	444.575636	5.236889
446.280011	12.582392	444.615391	5.236889
446.317621	12.582392	444.652437	5.236889
446.360824	12.594197	444.689970	5.226282
446.402997	12.594197	444.730222	5.226282
446.440878	12.594197	444.770741	5.226282
446.482662	12.588688	444.815191	5.190756
446.525257	12.588688	444.857947	5.190756
446.566992	12.588688	444.898654	5.190756
446.605511	12.618810	444.935765	5.190756
446.651113	12.618810	444.979375	5.242005
446.691139	12.618810	445.023509	5.242005
446.761895	12.609505	445.061027	5.242005
446.806110	12.609505	445.135840	5.220620
446.844219	12.609505	445.177497	5.220620
446.885550	12.602117	445.219817	5.203714
446.927746	12.602117	445.263156	5.203714
446.966110	12.602117	445.301974	5.203714
447.007254	12.605376	445.372212	5.174489
447.049887	12.605376	445.412463	5.174489
447.090436	12.605376	445.451629	5.174489
447.127861	12.605376	445.494221	5.194671
447.178042	12.617741	445.536129	5.194671
447.218462	12.617741	445.574531	5.194671
447.258232	12.617741	445.615277	5.201323
447.301188	12.625830	445.665285	5.201323
447.343198	12.625830	445.703294	5.201323
447.381098	12.625830	445.774080	5.163118
447.424145	12.611060	445.815503	5.163118
447.463501	12.611060	445.857068	5.163118
447.504565	12.611060	445.903225	5.168003
447.544881	12.623550	445.943235	5.168003
447.589314	12.623550	445.984320	5.168003
447.629345	12.623550	446.025366	5.139526
447.697242	12.615306	446.065410	5.139526
447.741418	12.615306	446.103602	5.139526
447.778193	12.615306	446.142169	5.139526
447.825743	12.618620	446.188527	5.134294
447.865229	12.618620	446.224979	5.134294
447.903051	12.618620	446.290195	5.123111
447.982062	12.629072	446.336178	5.123111
448.020214	12.629072	446.373374	5.123111
448.060958	12.629072	446.433954	5.110028
448.104550	12.629551	446.473906	5.110028
448.144064	12.629551	446.511134	5.110028
448.182563	12.629551	446.553354	5.110028
448.227165	12.632640	446.596213	5.121682
448.269092	12.632640	446.666566	5.121682
448.306520	12.632640	446.708372	5.106347
448.347954	12.483782	446.749590	5.106347
448.389375	12.483782	446.790729	5.106347
448.428283	12.483782	446.833041	5.118765
448.468009	12.483782	446.888958	5.118765
448.512347	12.492033	446.927444	5.118765
448.550260	12.492033	446.967173	5.135375
448.589087	12.492033	447.006967	5.135375
448.633214	12.491059	447.043400	5.135375
448.676704	12.491059	447.083524	5.135375
448.715241	12.491059	447.137821	5.123203
448.760480	12.466621	447.174841	5.123203
448.800351	12.466621	447.248633	5.134799
448.838425	12.466621	447.288850	5.134799
448.878396	12.474062	447.326179	5.134799
448.921526	12.474062	447.370280	5.124699
448.959517	12.474062	447.408783	5.124699
448.999196	12.474062	447.470115	5.124699
449.041650	12.478719	447.509765	5.159067
449.085469	12.478719	447.550458	5.159067
449.123112	12.478719	447.591255	5.159067
449.195461	12.474168	447.636853	5.183864
449.235840	12.474168	447.675752	5.183864
449.280229	12.451547	447.716264	5.183864
449.326401	12.451547	447.759306	3.485187
449.363795	12.451547	447.801956	3.485187
449.402618	12.451547	447.839891	3.485187
449.460476	12.447736	447.878801	3.485187
449.524621	12.447736	447.920664	3.481113
449.569997	12.416226	447.964012	3.481113
449.606156	12.416226	448.001674	3.481113
449.645868	12.416226	448.079027	3.490595
449.687902	12.431126	448.117392	3.490595
449.757098	12.431126	448.154718	3.490595
449.798697	12.431126	448.199790	3.486022
449.840469	12.414214	448.237817	3.486022
449.883215	12.414214	448.298488	3.463851
449.922620	12.414214	448.342186	3.463851
449.994668	12.421670	448.384546	3.463851
450.035348	12.421670	448.428136	3.459544
450.073436	12.421670	448.470294	3.459544
450.114268	12.426995	448.507261	3.459544
450.156532	12.426995	448.551168	3.459544
450.196936	12.426995	448.597493	3.469459
450.243681	12.433212	448.635750	3.469459
450.281023	12.433212	448.674182	3.469459
450.320210	12.433212	448.717674	3.418850
450.384331	12.434533	448.757849	3.418850
450.423919	12.434533	448.797125	3.418850
450.463709	12.434533	448.860266	3.433773
450.506231	12.441316	448.899705	3.433773
450.547518	12.441316	448.935296	3.433773
450.584692	12.441316	448.977316	3.421720
450.631992	12.448152	449.020255	3.421720
450.671276	12.448152	449.058995	3.421720
450.715215	12.448152	449.124373	3.430963
450.755037	12.446748	449.164937	3.430963
450.803411	12.446748	449.200429	3.430963
450.839895	12.446748	449.247468	3.428816
450.878225	12.442170	449.289613	3.428816
450.949606	12.442170	449.329117	3.428816
450.988749	12.442170	449.391614	3.440693
451.035268	12.444309	449.431881	3.440693
451.077764	12.444309	449.468801	3.440693
451.115842	12.444309	449.513966	3.480193
451.163919	12.469335	449.554247	3.480193
451.201495	12.469335	449.591303	3.480193
451.243948	12.469335	449.658895	3.522508
451.284713	12.442078	449.697586	3.522508
451.329355	12.442078	449.735605	3.522508
451.368040	12.442078	449.776886	3.565068
451.437771	12.440737	449.816157	3.565068
451.480793	12.440737	449.853320	3.565068
451.519251	12.440737	449.899444	3.598131
451.567943	12.457335	449.937868	3.598131
451.608418	12.457335	449.998606	3.598131
451.668878	12.457335	450.042980	3.657878
451.714965	12.463751	450.087416	3.657878
451.753798	12.463751	450.129775	3.657878
451.793067	12.463751	450.171568	3.706503
451.841331	12.480764	450.214095	3.706503
451.881959	12.480764	450.252665	3.706503
451.955463	12.473187	450.291403	3.769226
451.998861	12.473187	450.333532	3.769226
452.037167	12.473187	450.372211	3.769226
452.076472	12.479544	450.411958	3.769226
452.117417	12.479544	450.452897	3.811045
452.156039	12.479544	450.490332	3.811045
452.194974	12.479544	450.528641	3.811045
452.239319	12.484293	450.572728	3.875933
452.279106	12.484293	450.614151	3.875933
452.317698	12.484293	450.673354	3.875933
452.361648	12.501600	450.718613	3.938183
452.402984	12.501600	450.756051	3.938183
452.440647	12.501600	450.796941	3.938183
452.481320	12.517036	450.840915	3.985627
452.524178	12.517036	450.910277	3.985627
452.562502	12.517036	450.951751	4.037512
452.603622	12.517036	450.993013	4.037512
452.647338	12.516280	451.035049	4.037512
452.690483	12.516280	451.072031	4.037512
452.729523	12.516280	451.145734	4.115665
452.773355	12.494640	451.183398	4.115665
452.813852	12.494640	451.222038	4.169839
452.888827	12.503029	451.265945	4.169839
452.932512	12.503029	451.303379	4.169839
452.970068	12.503029	451.342417	4.251835
453.014355	12.514968	451.387994	4.251835
453.056237	12.514968	451.425909	4.251835
453.121583	12.514968	451.490235	4.310578
453.166911	12.537842	451.533025	4.310578
453.204907	12.537842	451.574047	4.310578
453.247171	12.537842	451.613261	4.355903
453.286285	12.506372	451.677453	4.355903
453.334703	12.506372	451.716607	4.355903
453.371674	12.506372	451.757881	4.436760
453.411733	12.542032	451.797219	4.436760
453.457206	12.542032	451.836738	4.436760
453.496704	12.542032	451.874194	4.436760
453.541076	12.548913	451.920771	4.503187
453.593408	12.548913	451.960293	4.503187
453.631969	12.548913	452.023208	4.578186
453.674262	12.548913	452.067541	4.578186
453.724373	12.567900	452.105839	4.578186
453.797611	12.567900	452.167583	4.655329
453.842574	12.574632	452.207631	4.655329
453.882557	12.574632	452.245315	4.655329
453.925769	12.574632	452.282921	4.655329
453.965474	12.569107	452.329083	4.692761
454.033899	12.569107	452.369399	4.692761
454.077062	12.587790	452.443804	4.757743
454.118639	12.587790	452.483100	4.757743
454.162745	12.587790	452.518761	4.757743
454.202439	12.587790	452.563779	4.814070
454.269081	12.590995	452.605051	4.814070
454.308622	12.590995	452.677299	4.814070
454.352640	12.627492	452.718059	4.891239
454.393558	12.627492	452.757196	4.891239
454.433244	12.627492	452.797480	4.891239
454.474082	12.627492	452.846167	4.939870
454.518771	12.621300	452.898298	4.939870
454.557214	12.621300	452.937717	4.939870
454.596250	12.621300	452.980102	4.992312
454.674184	12.587986	453.018645	4.992312
454.714420	12.587986	453.055779	4.992312
454.757845	12.632405	453.097225	5.066596
454.797353	12.632405	453.138872	5.066596
454.842956	12.632405	453.177029	5.066596
454.880702	12.624321	453.243595	5.101642
454.931441	12.624321	453.282162	5.101642
454.968656	12.624321	453.318610	5.101642
455.008079	12.624321	453.363478	5.186222
455.048624	12.627785	453.403633	5.186222
455.087770	12.627785	453.442261	5.186222
455.128918	12.627785	453.507856	5.230433
455.201301	12.650612	453.548922	5.230433
455.238381	12.650612	453.585879	5.230433
455.278560	12.647736	453.625384	5.250716
455.322954	12.647736	453.669440	5.250716
455.362797	12.647736	453.708001	5.250716
455.400298	12.647736	453.774599	5.277575
455.446696	12.636791	453.812893	5.277575
455.483531	12.636791	453.848962	5.277575
455.522849	12.636791	453.889440	5.303009
455.597124	12.669425	453.936186	5.303009
455.636240	12.669425	453.974162	5.303009
455.676248	12.669425	454.040486	5.323771
455.718520	12.661117	454.081910	5.323771
455.757100	12.661117	454.118176	5.323771
455.795866	12.661117	454.166102	5.328809
455.841263	12.659068	454.204229	5.328809
455.880847	12.659068	454.271740	5.328809
455.939824	12.643628	454.317833	5.351840
455.981234	12.643628	454.357681	5.351840
456.021855	12.643628	454.399936	5.351840
456.057968	12.643628	454.453510	5.340768
456.101710	12.643671	454.490644	5.340768
456.141854	12.643671	454.531978	5.340768
456.180036	12.643671	454.573122	5.355015
456.222841	12.646812	454.617135	5.355015
456.263351	12.646812	454.657683	5.355015
456.304776	12.646812	454.699527	5.317309
456.348308	12.672144	454.739883	5.317309
456.386521	12.672144	454.778097	5.317309
456.427041	12.672144	454.817333	5.341231
456.489104	12.665155	454.859699	5.341231
456.531119	12.665155	454.899200	5.341231
456.570636	12.665155	454.935622	5.341231
456.613211	12.653702	454.982501	5.343100
456.654049	12.653702	455.020577	5.343100
456.693252	12.653702	455.059155	5.343100
456.735747	12.657687	455.105115	5.332607
456.777594	12.657687	455.146229	5.332607
456.820707	12.657687	455.208126	5.332607
456.859636	12.657687	455.252386	5.323815
456.903041	12.553470	455.290655	5.323815
456.945980	12.553470	455.332946	5.323815
456.984253	12.553470	455.376709	5.305230
457.023241	12.539820	455.445079	5.305230
457.065351	12.539820	455.486294	5.296862
457.104322	12.539820	455.526386	5.296862
457.147666	12.510994	455.566161	5.296862
457.188240	12.510994	455.603369	5.296862
457.229469	12.510994	455.677547	5.299705
457.268014	12.520138	455.716144	5.299705
457.312986	12.520138	455.756693	5.288182
457.352902	12.520138	455.796933	5.288182
457.426260	12.489999	455.833705	5.288182
457.470109	12.489999	455.871205	5.288182
457.506611	12.489999	455.920298	5.283027
457.551311	12.520637	455.956428	5.283027
457.593978	12.520637	456.021352	5.267395
457.659292	12.512349	456.061482	5.267395
457.701994	12.512349	456.104456	5.267395
457.739826	12.512349	456.148082	5.238602
457.782611	12.512349	456.188510	5.238602
457.823672	12.479229	456.227745	5.238602
457.862680	12.479229	456.264061	5.238602
457.927462	12.479229	456.305606	5.243873
457.968721	12.475898	456.350584	5.243873
458.009122	12.475898	456.395851	5.243873
458.049178	12.475898	456.445240	5.224205
458.090228	12.474190	456.483736	5.224205
458.130784	12.474190	456.554700	5.236564
458.169672	12.474190	456.594856	5.236564
458.209630	12.448210	456.633118	5.236564
458.254139	12.448210	456.694809	5.228575
458.291358	12.448210	456.733784	5.228575
458.335452	12.479205	456.772148	5.228575
458.411628	12.479205	456.813484	5.219800
458.451445	12.479205	456.858082	5.219800
458.497330	12.468209	456.896905	5.219800
458.536658	12.468209	456.963456	5.223420
458.576816	12.468209	457.005319	5.223420
458.620477	12.462749	457.042161	5.223420
458.682603	12.462749	457.083667	5.232777
458.721618	12.462749	457.131391	5.232777
458.763356	12.473002	457.195428	5.232777
458.804785	12.473002	457.237337	5.247682
458.845639	12.473002	457.277846	5.247682
458.888519	12.492912	457.316792	5.247682
458.931038	12.492912	457.359945	5.252731
458.971815	12.492912	457.418139	5.252731
459.037184	12.477800	457.456135	5.252731
459.079731	12.477800	457.495191	5.243497
459.116993	12.477800	457.533772	5.243497
459.161000	12.461970	457.573332	5.243497
459.201318	12.461970	457.613038	3.457682
459.270679	12.468711	457.659727	3.457682
459.315071	12.468711	457.701018	3.457682
459.351363	12.468711	457.773646	3.443675
459.393466	12.468711	457.814620	3.443675
459.437939	12.484916	457.852218	3.443675
459.506026	12.484916	457.896681	3.450765
459.549595	12.488016	457.938973	3.450765
459.588433	12.488016	458.008227	3.450765
459.630855	12.488016	458.051869	3.426263
459.670281	12.488608	458.095117	3.426263
459.720591	12.488608	458.133126	3.426263
459.756784	12.488608	458.211014	3.421185
459.796053	12.488608	458.248606	3.421185
459.840518	12.483617	458.287470	3.408808
459.880480	12.483617	458.328666	3.408808
459.921010	12.483617	458.368906	3.408808
459.967595	12.483918	458.405050	3.408808
460.005754	12.483918	458.452302	3.443415
460.047635	12.483918	458.489568	3.443415
460.090948	12.501382	458.554310	3.426275
460.159401	12.501382	458.598315	3.426275
460.201540	12.501382	458.635510	3.426275
460.241405	12.495586	458.694580	3.386143
460.284192	12.495586	458.734435	3.386143
460.322737	12.495586	458.771267	3.386143
460.396907	12.503678	458.810222	3.386143
460.437659	12.503678	458.862350	3.389782
460.478233	12.514275	458.901134	3.389782
460.522734	12.514275	458.961910	3.392999
460.561580	12.514275	459.003521	3.392999
460.639218	12.513258	459.040929	3.392999
460.681238	12.513258	459.083789	3.405049
460.718158	12.513258	459.124156	3.405049
460.764542	12.530185	459.193784	3.405049
460.804425	12.530185	459.236994	3.410401
460.867891	12.533890	459.277761	3.410401
460.912731	12.533890	459.317247	3.410401
460.949547	12.533890	459.358538	3.419057
460.991399	12.533890	459.413476	3.419057
461.036455	12.526717	459.451499	3.419057
461.102653	12.526717	459.491275	3.464660
461.147202	12.532933	459.532359	3.464660
461.184799	12.532933	459.569506	3.464660
461.226594	12.532933	459.608249	3.464660
461.267229	12.546154	459.654407	3.511739
461.318075	12.546154	459.693434	3.511739
461.355007	12.546154	459.756719	3.570095
461.397896	12.546154	459.799238	3.570095
461.441135	12.543672	459.835851	3.570095
461.483259	12.543672	459.876480	3.570095
461.522571	12.543672	459.920706	3.611154
461.594383	12.562445	459.992146	3.611154
461.632706	12.562445	460.036072	3.653505
461.677198	12.542192	460.077265	3.653505
461.718095	12.542192	460.117178	3.653505
461.760888	12.542192	460.158328	3.713007
461.801498	12.542192	460.210746	3.713007
461.873188	12.567684	460.249051	3.713007
461.914554	12.567684	460.287141	3.759978
461.956788	12.554920	460.329410	3.759978
461.997049	12.554920	460.368730	3.759978
462.038392	12.554920	460.408758	3.759978
462.077997	12.589337	460.456289	3.839059
462.117351	12.589337	460.496029	3.839059
462.156465	12.589337	460.569642	3.864819
462.195404	12.589337	460.610183	3.864819
462.241813	12.592864	460.646059	3.864819
462.281130	12.592864	460.687368	3.927768
462.344829	12.590195	460.729371	3.927768
462.384101	12.590195	460.790986	3.927768
462.425373	12.590195	460.832477	3.986809
462.466757	12.610055	460.871243	3.986809
462.506602	12.610055	460.909870	3.986809
462.546280	12.610055	460.952028	4.047123
462.584581	12.610055	460.991984	4.047123
462.626749	12.615225	461.029746	4.047123
462.668068	12.615225	461.072110	4.047123
462.709109	12.615225	461.114257	4.130397
462.750799	12.634748	461.169874	4.130397
462.789271	12.634748	461.208695	4.130397
462.828650	12.634748	461.250706	4.182582
462.893102	12.646663	461.288859	4.182582
462.934183	12.646663	461.331909	4.182582
462.971527	12.646663	461.374109	4.235045
463.011702	12.633093	461.434383	4.235045
463.055001	12.633093	461.470125	4.235045
463.092373	12.633093	461.516650	4.281020
463.133006	12.637109	461.558089	4.281020
463.177246	12.637109	461.595783	4.281020
463.217017	12.637109	461.665930	4.365765
463.254323	12.637109	461.704968	4.365765
463.297683	12.652468	461.744955	4.423867
463.337789	12.652468	461.787409	4.423867
463.375350	12.652468	461.825372	4.423867
463.415904	12.675565	461.862622	4.423867
463.458919	12.675565	461.911983	4.454520
463.497738	12.675565	461.949465	4.454520
463.538964	12.665413	462.023013	4.516885
463.582434	12.665413	462.064898	4.516885
463.623590	12.665413	462.106360	4.516885
463.663228	12.675056	462.150447	4.566324
463.706368	12.675056	462.192060	4.566324
463.745345	12.675056	462.232879	4.566324
463.813896	12.655174	462.272733	4.636512
463.857358	12.655174	462.314529	4.636512
463.893536	12.655174	462.354026	4.636512
463.937962	12.672330	462.391580	4.636512
463.980111	12.672330	462.440281	4.682380
464.045501	12.672330	462.479542	4.682380
464.090287	12.688596	462.542274	4.742482
464.128779	12.688596	462.589111	4.742482
464.171792	12.688596	462.627476	4.742482
464.209507	12.677754	462.701633	4.795191
464.262986	12.677754	462.742013	4.795191
464.300416	12.677754	462.779647	4.795191
464.346633	12.667370	462.821615	4.868876
464.384530	12.667370	462.861403	4.868876
464.429775	12.667370	462.935047	4.868876
464.468946	12.675805	462.980552	4.925325
464.515791	12.675805	463.018142	4.925325
464.553396	12.675805	463.057199	4.925325
464.592904	12.675805	463.104765	4.974534
464.674522	12.701475	463.156143	4.974534
464.712898	12.701475	463.193689	4.974534
464.758174	12.697394	463.233896	5.032261
464.800864	12.697394	463.272363	5.032261
464.838240	12.697394	463.310119	5.032261
464.879847	12.684214	463.353901	5.076257
464.919086	12.684214	463.393682	5.076257
464.958613	12.684214	463.433723	5.076257
464.999092	12.684214	463.479587	5.131882
465.040528	12.687102	463.519484	5.131882
465.080027	12.687102	463.586294	5.131882
465.118754	12.687102	463.626430	5.165957
465.161000	12.676215	463.668640	5.165957
465.200918	12.676215	463.710342	5.165957
465.240611	12.676215	463.751152	5.174607
465.287021	12.695602	463.793641	5.174607
465.324442	12.695602	463.831948	5.174607
465.370890	12.695602	463.869773	5.188578
465.410318	12.574442	463.911916	5.188578
465.452640	12.574442	463.951701	5.188578
465.495501	12.574442	463.989142	5.188578
465.536396	12.560065	464.028596	5.221456
465.599658	12.560065	464.071223	5.221456
465.639482	12.560065	464.109196	5.221456
465.683544	12.568803	464.175467	5.229440
465.722372	12.568803	464.215299	5.229440
465.764113	12.568803	464.251789	5.229440
465.804153	12.568803	464.293857	5.248485
465.853903	12.558566	464.334886	5.248485
465.891235	12.558566	464.381215	5.248485
465.933622	12.569574	464.432106	5.247173
465.975037	12.569574	464.472008	5.247173
466.049356	12.569574	464.546371	5.264355
466.094044	12.548311	464.587655	5.264355
466.133229	12.548311	464.629841	5.264355
466.171251	12.548311	464.671640	5.214612
466.216497	12.534430	464.713953	5.214612
466.259358	12.534430	464.752909	5.214612
466.332495	12.534430	464.790383	5.214612
466.375259	12.529692	464.832697	5.248735
466.414775	12.529692	464.871624	5.248735
466.452838	12.529692	464.910546	5.248735
466.496112	12.520543	464.953764	5.258415
466.538235	12.520543	464.992896	5.258415
466.577314	12.520543	465.029758	5.258415
466.619653	12.515076	465.071972	5.255192
466.660546	12.515076	465.113488	5.255192
466.698997	12.515076	465.152792	5.255192
466.740937	12.505137	465.191198	5.255192
466.782518	12.505137	465.234507	5.231627
466.822270	12.505137	465.274307	5.231627
466.861885	12.492067	465.346175	5.226887
466.905036	12.492067	465.389900	5.226887
466.943520	12.492067	465.427331	5.226887
466.983599	12.492067	465.470873	5.210424
467.024696	12.485410	465.511279	5.210424
467.068559	12.485410	465.581074	5.210424
467.105491	12.485410	465.619993	5.223242
467.151632	12.511886	465.659806	5.223242
467.190785	12.511886	465.699090	5.223242
467.255403	12.511886	465.738490	5.223242
467.300272	12.497072	465.780613	5.185447
467.337924	12.497072	465.817862	5.185447
467.377703	12.497072	465.859346	5.185447
467.419445	12.501862	465.904085	5.174791
467.489067	12.501862	465.943499	5.174791
467.527049	12.501862	465.980610	5.174791
467.573010	12.499692	466.019480	5.190281
467.614601	12.499692	466.063439	5.190281
467.654056	12.499692	466.101593	5.190281
467.692525	12.494925	466.176776	5.170802
467.732491	12.494925	466.218237	5.170802
467.771481	12.494925	466.253930	5.170802
467.809729	12.485273	466.302274	5.159627
467.852840	12.485273	466.340421	5.159627
467.892657	12.485273	466.411305	5.159627
467.933097	12.485273	466.453079	5.153730
467.984089	12.521861	466.494874	5.153730
468.021472	12.521861	466.531048	5.153730
468.061550	12.509731	466.601021	5.154045
468.131772	12.509731	466.637875	5.154045
468.171602	12.509731	466.678579	5.132868
468.216930	12.506686	466.719230	5.132868
468.256377	12.506686	466.758655	5.132868
468.296414	12.506686	466.796146	5.132868
468.340684	12.499648	466.843089	5.160727
468.381851	12.499648	466.882701	5.160727
468.425402	12.499648	466.943392	5.160342
468.465431	12.532651	466.987817	5.160342
468.513834	12.532651	467.026255	5.160342
468.550986	12.532651	467.102041	5.138380
468.593554	12.527067	467.143463	5.138380
468.634639	12.527067	467.178605	5.138380
468.706995	12.527067	467.221350	5.146300
468.751687	12.523648	467.263165	5.146300
468.793199	12.523648	467.336089	5.146300
468.834271	12.523648	467.378598	5.148789
468.876450	12.526506	467.417569	5.148789
468.924409	12.526506	467.456165	5.148789
468.962554	12.526506	467.504067	5.149895
469.005394	12.519622	467.558192	5.149895
469.045310	12.519622	467.595438	5.149895
469.112589	12.519622	467.638145	5.132306
469.159153	12.541042	467.678898	5.132306
469.199179	12.541042	467.717039	5.132306
469.242880	12.541042	467.759786	3.443517
469.283127	12.556375	467.803612	3.443517
469.336608	12.556375	467.842477	3.443517
469.375827	12.556375	467.915561	3.446517
469.417639	12.555383	467.954672	3.446517
469.460722	12.555383	467.991829	3.446517
469.500211	12.555383	468.035625	3.430277
469.567383	12.557178	468.078736	3.430277
469.608833	12.557178	468.116699	3.430277
469.646028	12.557178	468.181736	3.432397
469.689713	12.561916	468.220059	3.432397
469.729571	12.561916	468.256102	3.432397
469.768516	12.561916	468.302156	3.415201
469.815637	12.579420	468.341922	3.415201
469.854466	12.579420	468.382092	3.415201
469.897664	12.579420	468.426018	3.412645
469.937610	12.575912	468.464305	3.412645
469.981984	12.575912	468.537722	3.412645
470.022120	12.575912	468.579057	3.436758
470.085722	12.567488	468.622890	3.436758
470.126937	12.567488	468.664537	3.436758
470.165321	12.567488	468.716807	3.390472
470.212392	12.590815	468.754230	3.390472
470.252852	12.590815	468.793147	3.390472
470.316195	12.590815	468.834977	3.391748
470.360286	12.590162	468.873759	3.391748
470.399926	12.590162	468.912669	3.391748
470.443096	12.590162	468.954397	3.386939
470.482674	12.607015	468.991453	3.386939
470.533200	12.607015	469.028189	3.386939
470.569541	12.607015	469.066370	3.386939
470.612542	12.597818	469.109391	3.401396
470.656655	12.597818	469.148231	3.401396
470.696021	12.597818	469.184466	3.401396
470.772743	12.605672	469.226499	3.415814
470.812221	12.605672	469.268502	3.415814
470.848728	12.605672	469.339032	3.425180
470.892902	12.625083	469.384353	3.425180
470.935347	12.625083	469.421010	3.425180
470.972952	12.625083	469.459824	3.425180
471.020712	12.614889	469.502864	3.421802
471.057374	12.614889	469.571538	3.421802
471.095304	12.614889	469.609382	3.421802
471.165216	12.652239	469.650713	3.467129
471.204865	12.652239	469.689351	3.467129
471.244547	12.652239	469.726943	3.467129
471.290067	12.652436	469.769838	3.513265
471.329743	12.652436	469.813972	3.513265
471.371908	12.652436	469.851492	3.513265
471.415754	12.648514	469.919232	3.554215
471.465322	12.648514	469.958704	3.554215
471.507329	12.648514	469.996315	3.554215
471.547022	12.661837	470.039190	3.612745
471.593970	12.661837	470.080483	3.612745
471.635117	12.661837	470.153799	3.661897
471.708674	12.682635	470.196823	3.661897
471.751183	12.682635	470.238732	3.661897
471.791233	12.695366	470.280643	3.687961
471.838229	12.695366	470.353790	3.687961
471.878755	12.695366	470.392027	3.687961
471.943711	12.682475	470.436473	3.734157
471.986873	12.682475	470.477573	3.734157
472.024243	12.682475	470.519550	3.734157
472.068477	12.683307	470.564806	3.788971
472.111687	12.683307	470.604693	3.788971
472.178258	12.683307	470.644885	3.788971
472.228595	12.681968	470.684959	3.860951
472.267424	12.681968	470.725301	3.860951
472.306527	12.681968	470.762995	3.860951
472.354252	12.717724	470.800321	3.860951
472.393950	12.717724	470.843264	3.897053
472.463284	12.720742	470.886074	3.897053
472.505527	12.720742	470.922735	3.897053
472.542703	12.720742	470.992587	3.918574
472.581944	12.720742	471.029901	3.918574
472.624594	12.696538	471.068042	3.989018
472.663147	12.696538	471.111485	3.989018
472.702278	12.696538	471.148140	3.989018
472.744040	12.712382	471.185935	3.989018
472.785704	12.712382	471.230481	4.060400
472.823675	12.712382	471.269190	4.060400
472.864851	12.720297	471.340648	4.112793
472.906309	12.720297	471.386291	4.112793
472.944524	12.720297	471.427634	4.112793
472.984830	12.720297	471.468146	4.169593
473.028550	12.723647	471.509039	4.169593
473.070296	12.723647	471.550547	4.169593
473.107362	12.723647	471.587689	4.169593
473.154101	12.727259	471.629167	4.209541
473.194915	12.727259	471.668049	4.209541
473.258574	12.727259	471.705792	4.209541
473.302886	12.720250	471.744508	4.282801
473.339688	12.720250	471.785442	4.282801
473.378503	12.720250	471.822905	4.282801
473.423584	12.728460	471.860618	4.282801
473.463324	12.728460	471.908760	4.337727
473.505449	12.728460	471.947948	4.337727
473.547154	12.727882	472.011637	4.402177
473.603938	12.727882	472.054210	4.402177
473.645720	12.727882	472.091352	4.402177
473.686471	12.732100	472.131847	4.402177
473.725153	12.732100	472.173897	4.442487
473.764659	12.732100	472.249257	4.442487
473.804605	12.716420	472.289765	4.470438
473.844248	12.716420	472.335024	4.470438
473.883078	12.716420	472.379943	4.470438
473.921679	12.716420	472.424066	4.532121
473.972787	12.724202	472.484770	4.532121
474.010701	12.724202	472.523608	4.532121
474.051467	12.724202	472.564015	4.560235
474.123335	12.732931	472.603436	4.560235
474.163250	12.732931	472.642694	4.560235
474.209661	12.598839	472.692105	4.631185
474.249175	12.598839	472.732608	4.631185
474.291770	12.598839	472.770106	4.631185
474.331071	12.598839	472.814902	4.665810
474.380421	12.623183	472.859111	4.665810
474.421527	12.623183	472.899530	4.665810
474.460620	12.623183	472.940398	4.665810
474.501266	12.605966	472.980058	4.699313
474.540426	12.605966	473.020018	4.699313
474.580020	12.605966	473.062623	4.699313
474.651598	12.600148	473.102901	4.745728
474.692443	12.600148	473.170489	4.745728
474.730271	12.600148	473.206831	4.745728
474.784484	12.578598	473.249783	4.797159
474.822710	12.578598	473.288996	4.797159
474.890082	12.600490	473.327063	4.797159
474.929386	12.600490	473.369417	4.841006
474.967598	12.600490	473.407949	4.841006
475.008316	12.587300	473.445346	4.841006
475.048476	12.587300	473.485749	4.877885
475.089127	12.587300	473.528450	4.877885
475.128555	12.587300	473.566257	4.877885
475.176453	12.562501	473.628534	4.905784
475.214948	12.562501	473.667755	4.905784
475.253160	12.562501	473.706918	4.905784
475.327658	12.546086	473.746606	4.932769
475.366940	12.546086	473.788772	4.932769
475.411959	12.560094	473.826349	4.932769
475.450265	12.560094	473.867199	4.979131
475.493520	12.560094	473.909081	4.979131
475.530412	12.560094	473.949649	4.979131
475.582436	12.547849	473.986269	4.979131
475.620133	12.547849	474.027546	4.995101
475.661314	12.547849	474.068556	4.995101
475.701768	12.547308	474.111803	4.995101
475.740411	12.547308	474.154873	5.004461
475.779135	12.547308	474.211334	5.004461
475.821839	12.533106	474.250630	5.004461
475.861483	12.533106	474.293533	5.030973
475.900263	12.533106	474.339467	5.030973
475.967571	12.543742	474.378536	5.030973
476.010386	12.543742	474.441551	5.022486
476.048422	12.543742	474.481328	5.022486
476.094332	12.557031	474.516316	5.022486
476.134768	12.557031	474.559659	5.046419
476.204385	12.543155	474.600554	5.046419
476.247149	12.543155	474.675636	5.050960
476.283107	12.543155	474.717678	5.050960
476.325024	12.543155	474.759010	5.050960
476.368608	12.557955	474.802523	5.056455
476.436442	12.557955	474.847406	5.056455
476.477803	12.540620	474.884289	5.056455
476.519330	12.540620	474.924234	5.056455
476.560081	12.540620	474.965861	5.022620
476.606173	12.548948	475.009283	5.022620
476.644924	12.548948	475.047403	5.022620
476.688444	12.548948	475.120555	5.044858
476.727140	12.548948	475.158298	5.044858
476.787086	12.549956	475.200619	5.052184
476.823885	12.549956	475.242627	5.052184
476.866881	12.568431	475.318717	5.052184
476.910718	12.568431	475.362846	5.047078
476.966641	12.568431	475.403039	5.047078
477.006230	12.561785	475.444102	5.047078
477.050823	12.561785	475.484988	5.041582
477.088036	12.561785	475.552333	5.041582
477.131556	12.536136	475.590381	5.041582
477.176208	12.536136	475.633585	5.034307
477.248701	12.536136	475.670708	5.034307
477.295716	12.561030	475.708002	5.034307
477.333274	12.561030	475.748730	5.027752
477.372026	12.561030	475.794478	5.027752
477.418560	12.560407	475.831292	5.027752
477.459265	12.560407	475.897409	5.020552
477.530346	12.560407	475.937093	5.020552
477.573085	12.584705	475.973746	5.020552
477.611793	12.584705	476.020313	5.009055
477.651891	12.584705	476.057921	5.009055
477.695606	12.578530	476.129877	5.009055
477.734257	12.578530	476.172120	4.985976
477.772607	12.578530	476.213320	4.985976
477.817791	12.569589	476.254644	4.985976
477.860583	12.569589	476.302443	4.985329
477.896480	12.569589	476.349525	4.985329
477.934593	12.580869	476.387738	4.985329
477.976865	12.580869	476.428517	4.978925
478.016176	12.580869	476.468121	4.978925
478.055871	12.580869	476.504932	4.978925
478.098628	12.590349	476.545024	4.995215
478.140451	12.590349	476.587868	4.995215
478.177481	12.590349	476.629758	4.995215
478.223440	12.606308	476.669204	4.984389
478.262990	12.606308	476.738797	4.984389
478.332801	12.608461	476.778502	4.984389
478.375991	12.608461	476.822163	4.957128
478.413671	12.608461	476.863313	4.957128
478.452429	12.608461	476.900659	4.957128
478.496329	12.600836	476.959490	4.953372
478.534324	12.600836	477.000012	4.953372
478.572877	12.600836	477.037874	4.953372
478.617856	12.606465	477.078999	4.965909
478.657342	12.606465	477.118402	4.965909
478.695153	12.606465	477.157201	4.965909
478.736484	12.610643	477.201550	4.978939
478.778966	12.610643	477.245898	4.978939
478.816572	12.610643	477.287703	4.978939
478.856297	12.610643	477.324982	4.978939
478.898604	12.643788	477.366135	4.944788
478.935944	12.643788	477.410289	4.944788
478.973834	12.643788	477.448361	4.944788
479.018471	12.612516	477.521493	4.951877
479.062693	12.612516	477.561009	4.951877
479.100875	12.612516	477.602922	4.930086
479.146402	12.620765	477.644974	4.930086
479.187943	12.620765	477.685183	4.930086
479.252786	12.620765	477.752978	4.916034
479.300186	12.626240	477.793018	4.916034
479.339818	12.626240	477.832275	4.916034
479.382950	12.626240	477.873322	4.842940
479.422961	12.629814	477.916066	4.842940
479.461514	12.629814	477.953314	4.842940
479.537354	12.666362	477.992259	4.842940
479.583609	12.666362	478.037315	3.648887
479.621564	12.666362	478.075188	3.648887
479.663938	12.659022	478.140777	3.636222
479.708376	12.659022	478.183045	3.636222
479.745701	12.659022	478.223538	3.636222
479.819581	12.646815	478.266319	3.636222
479.859556	12.646815	478.307882	3.644722
479.896761	12.646815	478.349866	3.644722
479.938433	12.683965	478.387258	3.644722
479.979908	12.683965	478.429925	3.665553
480.021127	12.683965	478.468057	3.665553
480.060622	12.695626	478.505527	3.665553
480.107039	12.695626	478.543652	3.669291
480.149143	12.695626	478.585901	3.669291
480.189079	12.700520	478.622154	3.669291
480.237249	12.700520	478.660405	3.669291
480.279084	12.700520	478.707161	3.669127
480.323827	12.700520	478.763362	3.669127
480.364120	12.690335	478.803160	3.708908
480.405787	12.690335	478.842319	3.708908
480.445419	12.690335	478.881839	3.708908
480.489351	12.724410	478.918894	3.708908
480.527872	12.724410	478.964075	3.670290
480.572546	12.724410	479.004994	3.670290
480.612557	12.709359	479.081979	3.709676
480.653900	12.709359	479.122358	3.709676
480.696513	12.709359	479.158098	3.709676
480.736682	12.736470	479.202209	3.715892
480.807214	12.736470	479.243011	3.715892
480.845886	12.736470	479.309900	3.715892
480.892686	12.751034	479.350826	3.729277
480.929958	12.751034	479.390426	3.729277
480.970052	12.751034	479.431891	3.729277
481.016423	12.725023	479.471185	3.719972
481.087439	12.725023	479.545302	3.719972
481.127809	12.751262	479.581768	3.719972
481.168350	12.751262	479.624568	3.764752
481.207520	12.751262	479.664207	3.764752
481.245395	12.751262	479.700738	3.764752
481.289612	12.751998	479.739536	3.788216
481.329677	12.751998	479.784119	3.788216
481.369690	12.751998	479.823749	3.788216
481.414995	12.752045	479.863061	3.788216
481.453988	12.752045	479.936191	3.833183
481.498026	12.752045	479.972875	3.833183
481.540999	12.763110	480.015012	3.850064
481.588484	12.763110	480.055771	3.850064
481.625018	12.763110	480.096010	3.850064
481.667044	12.760277	480.134727	3.850064
481.734194	12.760277	480.182450	3.888093
481.773712	12.760277	480.220227	3.888093
481.822593	12.766730	480.290632	3.909226
481.864647	12.766730	480.334675	3.909226
481.902879	12.766730	480.383811	3.909226
481.946328	12.762443	480.432729	3.966988
481.988427	12.762443	480.475612	3.966988
482.027071	12.762443	480.516539	3.966988
482.069202	12.789967	480.556358	3.982959
482.109870	12.789967	480.595547	3.982959
482.149156	12.789967	480.634035	3.982959
482.187313	12.760335	480.672799	4.022804
482.229520	12.760335	480.719891	4.022804
482.271306	12.760335	480.756330	4.022804
482.309382	12.760335	480.820787	4.047700
482.352389	12.765815	480.863513	4.047700
482.391461	12.765815	480.901210	4.047700
482.431376	12.765815	480.966068	4.095381
482.472483	12.768809	481.004005	4.095381
482.510739	12.768809	481.044176	4.095381
482.553261	12.768809	481.084781	4.111713
482.591866	12.774262	481.128890	4.111713
482.670516	12.774262	481.167022	4.111713
482.710600	12.774262	481.231171	4.142173
482.752993	12.778928	481.270840	4.142173
482.794692	12.778928	481.307839	4.142173
482.831396	12.778928	481.351968	4.180015
482.876807	12.777535	481.390590	4.180015
482.917447	12.777535	481.462870	4.180015
482.981864	12.777535	481.510814	4.200972
483.025214	12.757586	481.552648	4.200972
483.063612	12.757586	481.591296	4.200972
483.106933	12.757586	481.638476	4.234139
483.151129	12.655750	481.676200	4.234139
483.216282	12.655750	481.715953	4.234139
483.258128	12.655750	481.757106	4.267728
483.308575	12.662840	481.800347	4.267728
483.350658	12.662840	481.837042	4.267728
483.389350	12.660287	481.908023	4.281371
483.437555	12.660287	481.945870	4.281371
483.474094	12.660287	481.988149	4.281371
483.518035	12.660287	482.029992	4.316524
483.559678	12.631980	482.091442	4.316524
483.625134	12.631980	482.130662	4.316524
483.669296	12.651672	482.172773	4.357558
483.711786	12.651672	482.215658	4.357558
483.753497	12.651672	482.254375	4.357558
483.792975	12.617780	482.326216	4.396265
483.841494	12.617780	482.363061	4.396265
483.878844	12.617780	482.404146	4.422070
483.921002	12.630354	482.445637	4.422070
483.963897	12.630354	482.485363	4.422070
484.032398	12.630354	482.523431	4.422070
484.076000	12.632169	482.571806	4.465393
484.115462	12.632169	482.610842	4.465393
484.160192	12.632169	482.683135	4.485402
484.201307	12.593003	482.723955	4.485402
484.253900	12.593003	482.764496	4.485402
484.291547	12.593003	482.811069	4.502834
484.333915	12.600033	482.852512	4.502834
484.377382	12.600033	482.890336	4.502834
484.417135	12.600033	482.928878	4.502834
484.490431	12.602097	482.968358	4.554580
484.531971	12.602097	483.007912	4.554580
484.570076	12.602097	483.047387	4.554580
484.612932	12.578288	483.089845	4.579689
484.654409	12.578288	483.126444	4.579689
484.692466	12.578288	483.163846	4.579689
484.734099	12.567452	483.201672	4.583737
484.772681	12.567452	483.243093	4.583737
484.811464	12.567452	483.284341	4.583737
484.850248	12.567452	483.321189	4.583737
484.895627	12.584860	483.364317	4.624157
484.935196	12.584860	483.404036	4.624157
484.976295	12.584860	483.464036	4.624157
485.017379	12.570665	483.505467	4.640693
485.059799	12.570665	483.543611	4.640693
485.099690	12.570665	483.582798	4.640693
485.161562	12.587737	483.625222	4.683986
485.200191	12.587737	483.682708	4.683986
485.238860	12.587737	483.721048	4.683986
485.282178	12.602430	483.761760	4.695814
485.323998	12.602430	483.799846	4.695814
485.361828	12.602430	483.836573	4.695814
485.404005	12.596835	483.878552	4.723592
485.442400	12.596835	483.922747	4.723592
485.483181	12.596835	483.960751	4.723592
485.527452	12.569270	484.030096	4.748172
485.567988	12.569270	484.069354	4.748172
485.610091	12.569270	484.107172	4.748172
485.645826	12.569270	484.149045	4.782770
485.699768	12.604997	484.189464	4.782770
485.736104	12.604997	484.261816	4.782770
485.773871	12.604997	484.306974	4.797498
485.819685	12.584795	484.346325	4.797498
485.862194	12.584795	484.386671	4.797498
485.898620	12.584795	484.435415	4.797656
485.968999	12.604990	484.472488	4.797656
486.008779	12.604990	484.510356	4.797656
486.048695	12.604990	484.553139	4.811117
486.094390	12.595333	484.594146	4.811117
486.132009	12.595333	484.653501	4.811117
486.171057	12.595333	484.701223	4.825478
486.220321	12.608965	484.738864	4.825478
486.279840	12.608965	484.779591	4.825478
486.320344	12.601635	484.820370	4.820288
486.361962	12.601635	484.892698	4.820288
486.403693	12.601635	484.930155	4.820288
486.442267	12.601635	484.973703	4.840535
486.486199	12.625902	485.012736	4.840535
486.527127	12.625902	485.053296	4.840535
486.566441	12.625902	485.094929	4.841680
486.612227	12.624719	485.158180	4.841680
486.650631	12.624719	485.200614	4.830607
486.696044	12.624719	485.245885	4.830607
486.736115	12.634282	485.286184	4.830607
486.785483	12.634282	485.323925	4.830607
486.823827	12.634282	485.394799	4.840874
486.864900	12.604574	485.433275	4.840874
486.938019	12.604574	485.472603	4.857480
486.976270	12.604574	485.514706	4.857480
487.023508	12.631912	485.551728	4.857480
487.064283	12.631912	485.589029	4.857480
487.100707	12.631912	485.636909	4.843784
487.151195	12.641262	485.674452	4.843784
487.188011	12.641262	485.734239	4.843784
487.230494	12.641262	485.775242	4.844855
487.272008	12.659076	485.817823	4.844855
487.315819	12.659076	485.858816	4.844855
487.353806	12.659076	485.902262	4.830687
487.421000	12.633377	485.941719	4.830687
487.464571	12.633377	485.979818	4.830687
487.500760	12.633377	486.018876	4.830830
487.549797	12.632258	486.059194	4.830830
487.589780	12.632258	486.097005	4.830830
487.657613	12.632258	486.134061	4.830830
487.703533	12.651627	486.177712	4.848300
487.741989	12.651627	486.218150	4.848300
487.783823	12.651627	486.256054	4.848300
487.826239	12.651550	486.317571	4.827226
487.891736	12.651550	486.357491	4.827226
487.936666	12.679374	486.396145	4.835109
487.976383	12.679374	486.443526	4.835109
488.021952	12.679374	486.481558	4.835109
488.059563	12.679163	486.520930	4.835109
488.110412	12.679163	486.567543	4.825038
488.147272	12.679163	486.605345	4.825038
488.189638	12.679163	486.671251	4.808891
488.229943	12.655497	486.712460	4.808891
488.270710	12.655497	486.755889	4.808891
488.309676	12.655497	486.798691	4.816524
488.380111	12.676162	486.839169	4.816524
488.420090	12.676162	486.879960	4.816524
488.458434	12.676162	486.918527	4.816524
488.504121	12.698146	486.961115	4.815914
488.542765	12.698146	486.999835	4.815914
488.615699	12.702660	487.037079	4.815914
488.658242	12.702660	487.074224	4.811380
488.695053	12.702660	487.118469	4.811380
488.740099	12.698627	487.155218	4.811380
488.780366	12.698627	487.193614	4.811380
488.844886	12.698627	487.240027	4.797312
488.891130	12.714057	487.278009	4.797312
488.927640	12.714057	487.349761	4.803108
488.965399	12.714057	487.393682	4.803108
489.012499	12.704215	487.431415	4.803108
489.054376	12.704215	487.474981	4.796633
489.128623	12.739856	487.517450	4.796633
489.172745	12.739856	487.582363	4.796633
489.211183	12.739856	487.626695	4.806752
489.249382	12.739856	487.668031	4.806752
489.294037	12.753789	487.707573	4.806752
489.335421	12.753789	487.755912	4.779345
489.380363	12.753789	487.815477	4.779345
489.422211	12.755325	487.854373	4.779345
489.461984	12.755325	487.894143	4.779921
489.502326	12.755325	487.934798	4.779921
489.545531	12.774698	487.971689	4.779921
489.585765	12.774698	488.014813	4.768579
489.626829	12.774698	488.057203	4.768579
489.669217	12.773154	488.095785	4.768579
489.711272	12.773154	488.158668	4.736174
489.751382	12.773154	488.199023	4.736174
489.790628	12.773154	488.238025	4.736174
489.834169	12.780511	488.280182	3.843507
489.872154	12.780511	488.323037	3.843507
489.909673	12.780511	488.367874	3.843507
489.984523	12.786297	488.415982	3.823004
490.023552	12.786297	488.457646	3.823004
490.063624	12.781251	488.531280	3.827124
490.107434	12.781251	488.571758	3.827124
490.145450	12.781251	488.613812	3.827124
490.186827	12.781251	488.653727	3.827124
490.229419	12.767967	488.697061	3.822735
490.270424	12.767967	488.736838	3.822735
490.308947	12.767967	488.775656	3.822735
490.350041	12.793848	488.813639	3.819450
490.391396	12.793848	488.854032	3.819450
490.429757	12.793848	488.892891	3.819450
490.471667	12.802620	488.934207	3.812370
490.512563	12.802620	488.975128	3.812370
490.551785	12.802620	489.013531	3.812370
490.591494	12.776223	489.054193	3.812370
490.633519	12.776223	489.095480	3.838554
490.675807	12.776223	489.169962	3.838554
490.713109	12.776223	489.212918	3.832359
490.759026	12.796989	489.252330	3.832359
490.799614	12.796989	489.290391	3.832359
490.875407	12.801969	489.336354	3.813867
490.919082	12.801969	489.376408	3.813867
490.955355	12.801969	489.437222	3.813867
490.999164	12.792848	489.479725	3.825628
491.041801	12.792848	489.518769	3.825628
491.108430	12.792848	489.560367	3.825628
491.151862	12.832748	489.599774	3.807669
491.188159	12.832748	489.672168	3.807669
491.228859	12.832748	489.713541	3.807669
491.271560	12.821031	489.754787	3.804417
491.343627	12.821031	489.795608	3.804417
491.384700	12.821031	489.833845	3.804417
491.424771	12.814380	489.895773	3.832822
491.466954	12.814380	489.934257	3.832822
491.508480	12.814380	489.972576	3.832822
491.554986	12.817047	490.014027	3.817794
491.592427	12.817047	490.052789	3.817794
491.635456	12.817047	490.091835	3.817794
491.677335	12.827741	490.135919	3.840809
491.749193	12.827741	490.174842	3.840809
491.788455	12.826071	490.249726	3.840809
491.831318	12.826071	490.289247	3.864713
491.871279	12.826071	490.335380	3.864713
491.914626	12.826071	490.376963	3.864713
491.957205	12.805228	490.420953	3.885234
492.028602	12.805228	490.462512	3.885234
492.072146	12.813930	490.500098	3.885234
492.111546	12.813930	490.540422	3.914945
492.153715	12.813930	490.580864	3.914945
492.193172	12.690857	490.618523	3.914945
492.242764	12.690857	490.654904	3.914945
492.278770	12.690857	490.700886	3.966692
492.324549	12.685401	490.738051	3.966692
492.366436	12.685401	490.778965	3.966692
492.433014	12.685401	490.822878	3.997145
492.476993	12.711784	490.868042	3.997145
492.517587	12.711784	490.908265	3.997145
492.561648	12.711784	490.954019	4.028422
492.604051	12.657135	490.991643	4.028422
492.652082	12.657135	491.051344	4.028422
492.688849	12.657135	491.093844	4.057576
492.734721	12.665458	491.136284	4.057576
492.777187	12.665458	491.178995	4.057576
492.838527	12.665458	491.220181	4.092936
492.882526	12.658610	491.261641	4.092936
492.920537	12.658610	491.300214	4.092936
492.964696	12.658610	491.342269	4.141974
493.006085	12.690600	491.381835	4.141974
493.055326	12.690600	491.419847	4.141974
493.093050	12.690600	491.457427	4.141974
493.135639	12.658498	491.501157	4.157059
493.179827	12.658498	491.543122	4.157059
493.218591	12.658498	491.582213	4.157059
493.279855	12.649482	491.650563	4.195989
493.321268	12.649482	491.688129	4.195989
493.358354	12.649482	491.725933	4.211859
493.400680	12.637370	491.768657	4.211859
493.442634	12.637370	491.806099	4.211859
493.480155	12.637370	491.846286	4.211859
493.522491	12.627909	491.893188	4.236978
493.565788	12.627909	491.931576	4.236978
493.605538	12.627909	491.994530	4.236978
493.644262	12.646183	492.035779	4.268554
493.684689	12.646183	492.077706	4.268554
493.727264	12.646183	492.118392	4.268554
493.764935	12.646183	492.160101	4.266898
493.805974	12.619901	492.201425	4.266898
493.846797	12.619901	492.239209	4.266898
493.885277	12.619901	492.281962	4.288395
493.928350	12.626259	492.322452	4.288395
493.971522	12.626259	492.360905	4.288395
494.014653	12.626259	492.399085	4.310431
494.055203	12.624030	492.440825	4.310431
494.099339	12.624030	492.478560	4.310431
494.138995	12.624030	492.517606	4.310431
494.204466	12.622846	492.563039	4.322386
494.250125	12.622846	492.604828	4.322386
494.287803	12.622846	492.671937	4.337862
494.332793	12.656963	492.713752	4.337862
494.373127	12.656963	492.750795	4.337862
494.438772	12.656963	492.793400	4.337862
494.482637	12.628634	492.842967	4.339410
494.519941	12.628634	492.907536	4.339410
494.562036	12.628634	492.947327	4.365477
494.603647	12.622928	492.987393	4.365477
494.644966	12.622928	493.027448	4.365477
494.719567	12.647458	493.067181	4.365477
494.759614	12.647458	493.140886	4.359688
494.800275	12.647458	493.178528	4.359688
494.841191	12.647458	493.217336	4.382419
494.880303	12.646393	493.257989	4.382419
494.921082	12.646393	493.297328	4.382419
494.959844	12.646393	493.340125	4.396305
495.001167	12.641542	493.382665	4.396305
495.039690	12.641542	493.420403	4.396305
495.080570	12.641542	493.483918	4.398196
495.124806	12.631418	493.523253	4.398196
495.164387	12.631418	493.561182	4.398196
495.209556	12.631418	493.600533	4.428780
495.251564	12.632782	493.645253	4.428780
495.301372	12.632782	493.684709	4.428780
495.338904	12.632782	493.752235	4.427751
495.379510	12.632782	493.793287	4.427751
495.421996	12.646017	493.831194	4.427751
495.486871	12.646017	493.872115	4.461768
495.530985	12.647837	493.915196	4.461768
495.572555	12.647837	493.982686	4.461768
495.615875	12.647837	494.023692	4.470242
495.658312	12.670350	494.064739	4.470242
495.704806	12.670350	494.102991	4.470242
495.741903	12.670350	494.146587	4.467302
495.784956	12.670350	494.184082	4.467302
495.826901	12.648246	494.221437	4.467302
495.892917	12.648246	494.262859	4.467302
495.936975	12.666672	494.308632	4.464719
495.974301	12.666672	494.349832	4.464719
496.018428	12.666672	494.387280	4.464719
496.060059	12.666976	494.434019	4.485759
496.109785	12.666976	494.476280	4.485759
496.146515	12.666976	494.513843	4.485759
496.187149	12.666976	494.577338	4.506272
496.232946	12.664573	494.618104	4.506272
496.273624	12.664573	494.655705	4.506272
496.338333	12.693116	494.701677	4.515753
496.380224	12.693116	494.741231	4.515753
496.417784	12.693116	494.812623	4.515236
496.462013	12.679048	494.854996	4.515236
496.505660	12.679048	494.898213	4.515236
496.544913	12.679048	494.940615	4.513275
496.583014	12.679048	495.012853	4.513275
496.628055	12.698237	495.051991	4.513275
496.670780	12.698237	495.095150	4.528280
496.710452	12.698237	495.136503	4.528280
496.752604	12.697813	495.174836	4.528280
496.796573	12.697813	495.216643	4.556503
496.835094	12.697813	495.256773	4.556503
496.878568	12.705641	495.295974	4.556503
496.920049	12.705641	495.337563	4.540044
496.957854	12.705641	495.377867	4.540044
496.998431	12.694828	495.419148	4.540044
497.039371	12.694828	495.458655	4.540044
497.080753	12.694828	495.500782	4.539171
497.118774	12.699597	495.542831	4.539171
497.163590	12.699597	495.580114	4.539171
497.204290	12.699597	495.623274	4.560044
497.273180	12.705135	495.666594	4.560044
497.316429	12.705135	495.704869	4.560044
497.353356	12.705135	495.778474	4.562379
497.399187	12.711377	495.819145	4.562379
497.439416	12.711377	495.855626	4.562379
497.505441	12.711377	495.902151	4.570485
497.551592	12.735970	495.942580	4.570485
497.588840	12.735970	496.016984	4.564293
497.627188	12.735970	496.057623	4.564293
497.671733	12.736038	496.099525	4.564293
497.711034	12.736038	496.143124	4.563246
497.773329	12.736038	496.215462	4.563246
497.817462	12.722018	496.254467	4.563246
497.855209	12.722018	496.295103	4.565129
497.896648	12.722018	496.337612	4.565129
497.941819	12.744920	496.382330	4.565129
498.009514	12.744920	496.428255	4.560550
498.054086	12.754484	496.472846	4.560550
498.094360	12.754484	496.509702	4.560550
498.136345	12.754484	496.553037	4.585001
498.175758	12.754484	496.590973	4.585001
498.241317	12.784476	496.631517	4.585001
498.281995	12.784476	496.675142	4.570628
498.320438	12.787311	496.716432	4.570628
498.363961	12.787311	496.756979	4.570628
498.404835	12.787311	496.795654	4.570628
498.475778	12.782587	496.836413	4.562228
498.519964	12.782587	496.874850	4.562228
498.556669	12.782587	496.912990	4.562228
498.602015	12.780875	496.957713	4.569802
498.643292	12.780875	496.995551	4.569802
498.706305	12.780875	497.059133	4.569802
498.750911	12.810171	497.101750	4.566534
498.787243	12.810171	497.145846	4.566534
498.825180	12.810171	497.187027	4.566534
498.874157	12.820896	497.230088	4.561635
498.916807	12.820896	497.270156	4.561635
498.975275	12.820896	497.309751	4.561635
499.018856	12.805105	497.351835	4.553058
499.058215	12.805105	497.394515	4.553058
499.099533	12.805105	497.434320	4.553058
499.146358	12.796259	497.474311	4.550728
499.209268	12.796259	497.515980	4.550728
499.255072	12.819487	497.553170	4.550728
499.293887	12.819487	497.592966	4.550728
499.337254	12.819487	497.637627	4.569646
499.376324	12.819487	497.675434	4.569646
499.444476	12.830726	497.749046	4.554319
499.485988	12.830726	497.791765	4.554319
499.525786	12.855328	497.828458	4.554319
499.571754	12.855328	497.871542	4.549900
499.610600	12.855328	497.911423	4.549900
499.679294	12.830890	497.983328	4.549900
499.723160	12.830890	498.024343	4.545248
499.758529	12.830890	498.065871	4.545248
499.804900	12.836925	498.106014	4.545248
499.843885	12.836925	498.153945	4.543168
499.913321	12.836925	498.203858	4.543168
499.955879	12.863661	498.242407	4.543168
499.994255	12.863661	498.281991	4.522516
500.037630	12.863661	498.322312	4.522516
500.081691	12.859539	498.359554	4.522516
500.145697	12.859539	498.400467	4.538208
500.184435	12.859539	498.444170	4.538208
500.222628	12.857173	498.484264	4.538208
500.263720	12.857173	498.547078	4.503091
500.307660	12.857173	498.588233	4.503091
500.348898	12.860032	498.625251	4.503091
500.393007	12.860032	498.666807	4.503091
500.431691	12.860032	498.709078	4.473727
500.503186	12.847414	498.781235	4.473727
500.545374	12.847414	498.822774	4.399378
500.580994	12.847414	498.864594	4.399378
500.627164	12.862255	498.904677	4.399378
500.666899	12.862255	498.952155	4.075855
500.738190	12.862391	499.002193	4.075855
500.781272	12.862391	499.039348	4.075855
500.817828	12.862391	499.081042	4.091100
500.863504	12.881499	499.120883	4.091100
500.904795	12.881499	499.159261	4.091100
500.971359	12.881499	499.197783	4.063458
501.016455	12.839242	499.242680	4.063458
501.054779	12.839242	499.283863	4.063458
501.097439	12.839242	499.361253	4.062814
501.139558	12.863807	499.401491	4.062814
501.189766	12.863807	499.438899	4.062814
501.226274	12.863807	499.485106	4.066648
501.268455	12.880736	499.522943	4.066648
501.312397	12.880736	499.594042	4.066648
501.350361	12.880736	499.644676	4.083711
501.391692	12.870198	499.684382	4.083711
501.439623	12.870198	499.722589	4.083711
501.477816	12.870198	499.771137	4.083195
501.524902	12.754336	499.809064	4.083195
501.563641	12.754336	499.848966	4.083195
501.630300	12.754336	499.899144	4.076032
501.675391	12.725979	499.937446	4.076032
501.715037	12.725979	499.997400	4.067049
501.758082	12.725979	500.040728	4.067049
501.803918	12.718983	500.085354	4.067049
501.877898	12.718983	500.124802	4.083536
501.922364	12.714040	500.201470	4.083536
501.961589	12.714040	500.237720	4.083536
502.001631	12.714040	500.287591	4.083440
502.044154	12.726821	500.325669	4.083440
502.085125	12.726821	500.367004	4.083440
502.144864	12.726821	500.406385	4.102465
502.185341	12.726821	500.467963	4.102465
502.225514	12.723451	500.505556	4.102465
502.266274	12.723451	500.550971	4.098493
502.306387	12.723451	500.592253	4.098493
502.351795	12.696072	500.630475	4.098493
502.389044	12.696072	500.702959	4.114708
502.433026	12.696072	500.743249	4.114708
502.475477	12.685549	500.780968	4.114708
502.550078	12.685549	500.824943	4.139527
502.589149	12.687277	500.866990	4.139527
502.634954	12.687277	500.905493	4.139527
502.671350	12.687277	500.976902	4.150900
502.714276	12.687277	501.016437	4.150900
502.757946	12.703707	501.058593	4.170286
502.832329	12.703707	501.100307	4.170286
502.877802	12.683225	501.136721	4.170286
502.915837	12.683225	501.174229	4.170286
502.955762	12.683225	501.220903	4.191810
503.002389	12.659803	501.259744	4.191810
503.043463	12.659803	501.325649	4.187264
503.114931	12.659803	501.367487	4.187264
503.163282	12.663710	501.409736	4.187264
503.200509	12.663710	501.451365	4.211182
503.240339	12.663710	501.492584	4.211182
503.282965	12.664305	501.534381	4.211182
503.324866	12.664305	501.571110	4.211182
503.362006	12.664305	501.611595	4.228825
503.409355	12.679894	501.651767	4.228825
503.473322	12.679894	501.690429	4.228825
503.510795	12.679894	501.729074	4.223971
503.553259	12.676605	501.771648	4.223971
503.591239	12.676605	501.809037	4.223971
503.632384	12.676605	501.849590	4.223971
503.674101	12.685072	501.896372	4.226995
503.714416	12.685072	501.936035	4.226995
503.756432	12.685072	501.997663	4.229877
503.796043	12.662057	502.044033	4.229877
503.839259	12.662057	502.082237	4.229877
503.879244	12.662057	502.123601	4.229877
503.919490	12.686645	502.167855	4.216897
503.960801	12.686645	502.235119	4.216897
504.000728	12.686645	502.276888	4.235064
504.040747	12.686645	502.317962	4.235064
504.086032	12.687435	502.358257	4.235064
504.124664	12.687435	502.401188	4.218538
504.163808	12.687435	502.469026	4.218538
504.242439	12.678245	502.508609	4.218538
504.283144	12.678245	502.550205	4.207118
504.326705	12.685565	502.589459	4.207118
504.371704	12.685565	502.627025	4.207118
504.407882	12.685565	502.669038	4.192903
504.452674	12.690898	502.712079	4.192903
504.499777	12.690898	502.750103	4.192903
504.537206	12.690898	502.815953	4.159943
504.576299	12.690898	502.855711	4.159943
504.622725	12.685368	502.895608	4.159943
504.662602	12.685368	502.938691	4.184669
504.702036	12.685368	502.977426	4.184669
504.747283	12.707081	503.014878	4.184669
504.786941	12.707081	503.059686	4.152651
504.826248	12.707081	503.101653	4.152651
504.900069	12.690888	503.161843	4.152651
504.939275	12.690888	503.201551	4.148787
504.979474	12.690888	503.240472	4.148787
505.024598	12.684740	503.280003	4.148787
505.069354	12.684740	503.319549	4.148787
505.106922	12.684740	503.363654	4.153866
505.160768	12.711327	503.404137	4.153866
505.198512	12.711327	503.440624	4.153866
505.240828	12.711327	503.484342	4.161416
505.282942	12.714422	503.526177	4.161416
505.348567	12.714422	503.564222	4.161416
505.390720	12.717318	503.632170	4.155377
505.433982	12.717318	503.670832	4.155377
505.476701	12.717318	503.708151	4.155377
505.517812	12.708385	503.751727	4.113768
505.583491	12.708385	503.790039	4.113768
505.624618	12.708385	503.829195	4.113768
505.664804	12.708895	503.874115	4.118182
505.709296	12.708895	503.912506	4.118182
505.747776	12.708895	503.973297	4.118182
505.823958	12.727160	504.013968	4.111321
505.868220	12.727160	504.057539	4.111321
505.904806	12.727160	504.099175	4.111321
505.950372	12.753626	504.139175	4.114659
505.991146	12.753626	504.181318	4.114659
506.055954	12.743138	504.220045	4.114659
506.097680	12.743138	504.260319	4.114750
506.134560	12.743138	504.299539	4.114750
506.178440	12.727700	504.341299	4.114750
506.218987	12.727700	504.385163	4.114750
506.285516	12.727700	504.433821	4.086609
506.328829	12.727768	504.476906	4.086609
506.368413	12.727768	504.514761	4.086609
506.409942	12.727768	504.589226	4.084102
506.454194	12.758609	504.628400	4.084102
506.496386	12.758609	504.669430	4.079654
506.539986	12.758609	504.710594	4.079654
506.579789	12.782443	504.747559	4.079654
506.648055	12.782443	504.787314	4.079654
506.686304	12.782443	504.835455	4.080750
506.735478	12.752428	504.872280	4.080750
506.774899	12.752428	504.947312	4.072287
506.815119	12.752428	504.987731	4.072287
506.887214	12.759899	505.028975	4.072287
506.928345	12.759899	505.073614	4.063427
506.966784	12.759899	505.115130	4.063427
507.008672	12.769669	505.155487	4.063427
507.049093	12.769669	505.194059	4.063427
507.087658	12.769669	505.235897	4.046643
507.128472	12.783610	505.275621	4.046643
507.167932	12.783610	505.313162	4.046643
507.205970	12.783610	505.360673	4.047278
507.245069	12.805458	505.398780	4.047278
507.284631	12.805458	505.464743	4.071473
507.326313	12.805458	505.507016	4.071473
507.369074	12.805458	505.545543	4.071473
507.408997	12.792950	505.608006	4.067028
507.450738	12.792950	505.647139	4.067028
507.488795	12.792950	505.684587	4.067028
507.556952	12.812722	505.723503	4.067028
507.599657	12.812722	505.769031	4.073065
507.637263	12.812722	505.808229	4.073065
507.683072	12.811488	505.874286	4.064684
507.722260	12.811488	505.915711	4.064684
507.788274	12.824164	505.951881	4.064684
507.831934	12.824164	505.994235	4.064684
507.870198	12.824164	506.036176	4.067709
507.912864	12.824164	506.107062	4.067709
507.955551	12.841699	506.148355	4.084409
508.021322	12.841699	506.187614	4.084409
508.062846	12.837229	506.228482	4.084409
508.101338	12.837229	506.269256	4.083954
508.140658	12.837229	506.327292	4.083954
508.184540	12.855518	506.366050	4.083954
508.223191	12.855518	506.405795	4.073058
508.266927	12.855518	506.449578	4.073058
508.305289	12.855518	506.486738	4.073058
508.367118	12.874515	506.526310	4.087006
508.410100	12.874515	506.572168	4.087006
508.457182	12.872797	506.610788	4.087006
508.502048	12.872797	506.670673	4.095416
508.559449	12.872797	506.712323	4.095416
508.598567	12.880071	506.749140	4.095416
508.643832	12.880071	506.790049	4.095416
508.679475	12.880071	506.832606	4.111538
508.725744	12.872250	506.902754	4.111538
508.767639	12.872250	506.945333	4.115131
508.841307	12.872250	506.986624	4.115131
508.892184	12.861124	507.029305	4.115131
508.929658	12.861124	507.070309	4.101447
508.974757	12.875641	507.125222	4.101447
509.018346	12.875641	507.164630	4.101447
509.087949	12.875641	507.203706	4.102795
509.134647	12.886456	507.244766	4.102795
509.173797	12.886456	507.285415	4.102795
509.218330	12.886456	507.323426	4.102795
509.258914	12.893024	507.368454	4.122220
509.309979	12.893024	507.410266	4.122220
509.346141	12.893024	507.453416	4.129923
509.386248	12.883212	507.494294	4.129923
509.429946	12.883212	507.534064	4.129923
509.471539	12.883212	507.571135	4.129923
509.531923	12.913272	507.611355	4.120572
509.574800	12.913272	507.656903	4.120572
509.611484	12.913272	507.694206	4.120572
509.655478	12.906531	507.763685	4.131337
509.696295	12.906531	507.804389	4.131337
509.735067	12.906531	507.841834	4.131337
509.775058	12.919440	507.887031	4.106112
509.817674	12.919440	507.927419	4.106112
509.857224	12.919440	507.997633	4.129325
509.895381	12.919440	508.039301	4.129325
509.937164	12.905912	508.079485	4.129325
509.980747	12.905912	508.117860	4.129325
510.019377	12.905912	508.167717	4.137756
510.062152	12.904977	508.204883	4.137756
510.104255	12.904977	508.245669	4.137756
510.143829	12.904977	508.286385	4.128522
510.184463	12.901949	508.330706	4.128522
510.227223	12.901949	508.366482	4.128522
510.269364	12.901949	508.430522	4.117240
510.307046	12.901949	508.467526	4.117240
510.352929	12.914186	508.509117	4.117240
510.393806	12.914186	508.549449	4.119535
510.456203	12.916648	508.612139	4.119535
510.498014	12.916648	508.650674	4.119535
510.536020	12.916648	508.693296	4.133683
510.580605	12.891866	508.733125	4.133683
510.621734	12.891866	508.773834	4.133683
510.687707	12.891866	508.815068	4.119150
510.731408	12.915056	508.876900	4.119150
510.770886	12.915056	508.917052	4.119150
510.816159	12.915056	508.959208	4.116481
510.855680	12.771994	509.000301	4.116481
510.906384	12.771994	509.036986	4.116481
510.942972	12.771994	509.110698	4.114191
510.984980	12.781146	509.150218	4.114191
511.029381	12.781146	509.187658	4.114191
511.068320	12.781146	509.228941	4.100224
511.143658	12.801228	509.267565	4.100224
511.185606	12.801228	509.305877	4.100224
511.222426	12.801228	509.353300	4.089722
511.265478	12.776242	509.391910	4.089722
511.309368	12.776242	509.459099	4.093045
511.346976	12.776242	509.501104	4.093045
511.391592	12.775355	509.542744	4.093045
511.429738	12.775355	509.583930	4.093045
511.471025	12.775355	509.625795	4.031685
511.513258	12.775355	509.669605	4.031685
511.555552	12.772769	509.708214	4.031685
511.595962	12.772769	509.750046	3.992082
511.639271	12.772769	509.791131	3.992082
511.680650	12.783338	509.829046	3.992082
511.722935	12.783338	509.872770	4.224070
511.762715	12.783338	509.913343	4.224070
511.831564	12.762559	509.950821	4.224070
511.873942	12.762559	509.988931	4.224070
511.912661	12.762559	510.031361	4.225638
511.959132	12.739894	510.070534	4.225638
511.999282	12.739894	510.106689	4.225638
512.067880	12.719936	510.151402	4.210877
512.110435	12.719936	510.223353	4.210877
512.149157	12.719936	510.264427	4.207677
512.195386	12.722012	510.307438	4.207677
512.235348	12.722012	510.349525	4.207677
512.299488	12.722012	510.387031	4.207677
512.344527	12.741211	510.432460	4.212633
512.384605	12.741211	510.471748	4.212633
512.426348	12.741211	510.513090	4.212633
512.465439	12.725093	510.558723	4.217930
512.516416	12.725093	510.599264	4.217930
512.554141	12.725093	510.641190	4.217930
512.595341	12.703992	510.683709	4.228864
512.639871	12.703992	510.722950	4.228864
512.679035	12.703992	510.760045	4.228864
512.740370	12.733096	510.799561	4.221872
512.780699	12.733096	510.845348	4.221872
512.818445	12.733096	510.883731	4.221872
512.863311	12.727704	510.944890	4.227811
512.905342	12.727704	510.988782	4.227811
512.943413	12.727704	511.028002	4.227811
512.985545	12.729396	511.089395	4.219843
513.024024	12.729396	511.128291	4.219843
513.063625	12.729396	511.166086	4.219843
513.101610	12.729396	511.205781	4.238187
513.145027	12.746506	511.251099	4.238187
513.184923	12.746506	511.289805	4.238187
513.228070	12.746506	511.354997	4.240923
513.265819	12.726753	511.394229	4.240923
513.309668	12.726753	511.430774	4.240923
513.350112	12.726753	511.475086	4.265903
513.425123	12.707039	511.518602	4.265903
513.468007	12.707039	511.557129	4.265903
513.505632	12.707039	511.622455	4.265091
513.551812	12.723967	511.660036	4.265091
513.591831	12.723967	511.697042	4.265091
513.659634	12.759495	511.738200	4.262001
513.704270	12.759495	511.782395	4.262001
513.740157	12.759495	511.819626	4.262001
513.784157	12.732305	511.888066	4.283730
513.824928	12.732305	511.927804	4.283730
513.894302	12.732305	511.967531	4.283730
513.936349	12.724162	512.013992	4.292778
513.976674	12.724162	512.056286	4.292778
514.016377	12.724162	512.094466	4.292778
514.059512	12.744224	512.156150	4.300414
514.097016	12.744224	512.195954	4.300414
514.140486	12.744224	512.233749	4.300414
514.181006	12.735216	512.277255	4.304970
514.253288	12.735216	512.320398	4.304970
514.290773	12.735216	512.362723	4.304970
514.338331	12.765640	512.438407	4.311023
514.378814	12.765640	512.480128	4.311023
514.420763	12.765640	512.519388	4.311023
514.461293	12.754703	512.562364	4.298687
514.507318	12.754703	512.599917	4.298687
514.545715	12.754703	512.638216	4.298687
514.590836	12.752807	512.686439	4.312902
514.630459	12.752807	512.725236	4.312902
514.689687	12.752807	512.794984	4.304078
514.734028	12.746976	512.835269	4.304078
514.772621	12.746976	512.877393	4.304078
514.816145	12.746976	512.917769	4.304078
514.858270	12.760557	512.960886	4.302782
514.908933	12.760557	513.002991	4.302782
514.945810	12.760557	513.041022	4.302782
514.985840	12.766924	513.082944	4.311500
515.030664	12.766924	513.122209	4.311500
515.069477	12.766924	513.161379	4.311500
515.133370	12.762706	513.207767	4.296015
515.173981	12.762706	513.245646	4.296015
515.210793	12.762706	513.307640	4.296015
515.254323	12.778927	513.354920	4.263128
515.296903	12.778927	513.395475	4.263128
515.335222	12.778927	513.467746	4.256868
515.375201	12.774419	513.508297	4.256868
515.418373	12.774419	513.545733	4.256868
515.458396	12.774419	513.589437	4.234836
515.496329	12.774419	513.631038	4.234836
515.546574	12.795629	513.697798	4.234836
515.590415	12.795629	513.738571	4.234685
515.626878	12.795629	513.779951	4.234685
515.668537	12.800970	513.819559	4.234685
515.709198	12.800970	513.859658	4.203836
515.747537	12.800970	513.918622	4.203836
515.789711	12.786817	513.956189	4.203836
515.829273	12.786817	513.997339	4.177730
515.872460	12.786817	514.038586	4.177730
515.909770	12.786817	514.076346	4.177730
515.955657	12.805535	514.115028	4.177730
515.995710	12.805535	514.161529	4.132669
516.069438	12.790995	514.199884	4.132669
516.111732	12.790995	514.263737	4.107147
516.149138	12.790995	514.305062	4.107147
516.193893	12.809940	514.342131	4.107147
516.235568	12.809940	514.386814	4.104235
516.304348	12.809940	514.428844	4.104235
516.351068	12.827817	514.496035	4.104235
516.389515	12.827817	514.538058	4.081985
516.431878	12.827817	514.578266	4.081985
516.470686	12.806249	514.617657	4.081985
516.511483	12.806249	514.655678	4.023220
516.586872	12.819663	514.695242	4.023220
516.627867	12.819663	514.735898	4.023220
516.668046	12.819663	514.777957	4.023220
516.709118	12.819663	514.822625	4.011935
516.752229	12.825134	514.863873	4.011935
516.792968	12.825134	514.901967	4.011935
516.832273	12.825134	514.943490	3.996175
516.877113	12.840219	514.989470	3.996175
516.913671	12.840219	515.026918	3.996175
516.957613	12.840219	515.092507	3.965302
517.000714	12.872159	515.132480	3.965302
517.065111	12.872159	515.169254	3.965302
517.101662	12.872159	515.218761	3.931445
517.144873	12.858383	515.256414	3.931445
517.184184	12.858383	515.322171	3.931445
517.224321	12.858383	515.366527	3.899413
517.269578	12.871962	515.404230	3.899413
517.307943	12.871962	515.443348	3.899413
517.351011	12.871962	515.491065	3.860201
517.390676	12.875264	515.529504	3.860201
517.460186	12.875264	515.568890	3.860201
517.497954	12.875264	515.612210	3.868563
517.544181	12.900375	515.655461	3.868563
517.586030	12.900375	515.694226	3.868563
517.626462	12.900375	515.766440	3.846144
517.668897	12.892290	515.803346	3.846144
517.715190	12.892290	515.844653	3.846144
517.752550	12.892290	515.887897	3.809727
517.798182	12.904382	515.963087	3.809727
517.839386	12.904382	516.006391	3.804197
517.912887	12.904382	516.047457	3.804197
517.958348	12.902547	516.086277	3.804197
517.995432	12.902547	516.125361	3.777589
518.037280	12.902547	516.196505	3.777589
518.080345	12.924654	516.234149	3.777589
518.144868	12.924654	516.275048	3.743937
518.190196	12.941356	516.316563	3.743937
518.229590	12.941356	516.353010	3.743937
518.273837	12.941356	516.395010	3.751133
518.313855	12.901560	516.437274	3.751133
518.360996	12.901560	516.476101	3.751133
518.397205	12.901560	516.544547	3.742483
518.440468	12.901560	516.585838	3.742483
518.490154	12.927142	516.623791	3.742483
518.550107	12.927142	516.665215	3.721763
518.595110	12.932424	516.704512	3.721763
518.634060	12.932424	516.743483	3.721763
518.678281	12.932424	516.787032	3.726715
518.718400	12.940825	516.828177	3.726715
518.769052	12.940825	516.884868	3.726715
518.807041	12.940825	516.922803	3.726715
518.849682	12.955059	516.966135	3.727136
518.895663	12.955059	517.004973	3.727136
518.933342	12.955059	517.045353	3.727136
519.007552	12.939426	517.089048	3.724101
519.050856	12.939426	517.129708	3.724101
519.088411	12.939426	517.168752	3.724101
519.131804	12.949402	517.213973	3.731071
519.175076	12.949402	517.251762	3.731071
519.212793	12.949402	517.292010	3.731071
519.254934	12.928755	517.336481	3.719261
519.294840	12.928755	517.379887	3.719261
519.335537	12.928755	517.423818	3.719261
519.378239	12.965444	517.467282	3.716589
519.420579	12.965444	517.505773	3.716589
519.461659	12.965444	517.572217	3.716589
519.500154	12.958480	517.614794	3.727402
519.549997	12.958480	517.656646	3.727402
519.588229	12.958480	517.698768	3.727402
519.629067	12.958480	517.739890	3.762595
519.676364	12.943580	517.782346	3.762595
519.737541	12.943580	517.821465	3.762595
519.781602	12.950170	517.862917	3.731434
519.821487	12.950170	517.903893	3.731434
519.866339	12.950170	517.943326	3.731434
519.905986	12.938153	517.980053	3.731434
519.958743	12.938153	518.029389	3.734792
519.995306	12.938153	518.067986	3.734792
520.036076	12.938153	518.106331	3.734792
520.082963	12.954151	518.151841	3.744226
520.122299	12.954151	518.190664	3.744226
520.162125	12.954151	518.266253	3.776172
520.220023	12.960432	518.306670	3.776172
520.257100	12.960432	518.343464	3.776172
520.299930	12.963680	518.386761	3.771629
520.342134	12.963680	518.429596	3.771629
520.407362	12.963680	518.498686	3.771629
520.450197	12.832294	518.542654	3.769170
520.490421	12.832294	518.582285	3.769170
520.532856	12.832294	518.621930	3.769170
520.571946	12.832294	518.661769	3.768882
520.641974	12.833147	518.733822	3.768882
520.683354	12.833147	518.770968	3.768882
520.723069	12.841419	518.812753	3.777797
520.768136	12.841419	518.853852	3.777797
520.807378	12.841419	518.893067	3.777797
520.877344	12.815626	518.934872	3.795416
520.921206	12.815626	518.974330	3.795416
520.957909	12.815626	519.012506	3.795416
521.006194	12.818024	519.055951	3.801959
521.047985	12.818024	519.100421	3.801959
521.113470	12.800957	519.138282	3.801959
521.156871	12.800957	519.177825	3.801959
521.193876	12.800957	519.218335	3.788378
521.237084	12.800957	519.254735	3.788378
521.283402	12.822492	519.293851	3.788378
521.347822	12.822492	519.339828	3.783072
521.393530	12.824999	519.379956	3.783072
521.432395	12.824999	519.440190	3.783072
521.476179	12.824999	519.485834	3.796935
521.516354	12.802582	519.526489	3.796935
521.567133	12.802582	519.568759	3.796935
521.604934	12.802582	519.610738	3.825068
521.644153	12.757651	519.676338	3.825068
521.693398	12.757651	519.714605	3.825068
521.730933	12.757651	519.760194	3.808834
521.801574	12.780258	519.799663	3.808834
521.843160	12.780258	519.841983	3.808834
521.880786	12.780258	519.885466	3.789839
521.925280	12.781831	519.957554	3.789839
521.967891	12.781831	520.000734	3.824510
522.005327	12.781831	520.042222	3.824510
522.045727	12.769481	520.081794	3.824510
522.088696	12.769481	520.120725	3.824510
522.129307	12.769481	520.194139	3.793956
522.166871	12.769481	520.233232	3.793956
522.209009	12.772415	520.274310	3.813908
522.250479	12.772415	520.315450	3.813908
522.289238	12.772415	520.357722	3.813908
522.332925	12.763140	520.409023	3.782802
522.375893	12.763140	520.454547	3.782802
522.414780	12.763140	520.495518	3.782802
522.457283	12.747745	520.557930	3.759951
522.498688	12.747745	520.598053	3.759951
522.541147	12.747745	520.635203	3.759951
522.582731	12.759509	520.676540	3.741065
522.626147	12.759509	520.715978	3.741065
522.666859	12.759509	520.754966	3.741065
522.740278	12.779277	520.801797	3.721518
522.783135	12.779277	520.839233	3.721518
522.820064	12.779277	520.914050	3.721518
522.865400	12.768138	520.956071	3.669588
522.905830	12.768138	521.000328	3.669588
522.975690	12.777458	521.042166	3.669588
523.020723	12.777458	521.085056	3.577992
523.058426	12.777458	521.127346	3.577992
523.097091	12.777458	521.167037	3.577992
523.141272	12.780607	521.208584	4.651135
523.182389	12.780607	521.249411	4.651135
523.241022	12.780607	521.288294	4.651135
523.286500	12.791337	521.330541	4.676593
523.324226	12.791337	521.370533	4.676593
523.364622	12.791337	521.408481	4.676593
523.408402	12.803210	521.448587	4.676593
523.475376	12.803210	521.493859	4.713967
523.521708	12.788069	521.533895	4.713967
523.561413	12.788069	521.607711	4.720746
523.603718	12.788069	521.651053	4.720746
523.642739	12.788069	521.687089	4.720746
523.709864	12.790980	521.730686	4.746213
523.751780	12.790980	521.771698	4.746213
523.794300	12.787718	521.840356	4.746213
523.837892	12.787718	521.884116	4.753726
523.878780	12.787718	521.924143	4.753726
523.961371	12.813233	521.964096	4.753726
524.003900	12.813233	522.010911	4.775017
524.042331	12.813233	522.063264	4.775017
524.090312	12.800217	522.102306	4.775017
524.126180	12.800217	522.145018	4.803497
524.196607	12.797861	522.186159	4.803497
524.238164	12.797861	522.224210	4.803497
524.277400	12.797861	522.267311	4.849177
524.319410	12.813787	522.310765	4.849177
524.359990	12.813787	522.350533	4.849177
524.398538	12.813787	522.422133	4.843098
524.438692	12.813787	522.460076	4.843098
524.485372	12.805903	522.497507	4.843098
524.521220	12.805903	522.539431	4.844927
524.559645	12.805903	522.579042	4.844927
524.632330	12.813922	522.617174	4.844927
524.672427	12.813922	522.661026	4.858075
524.716661	12.824309	522.701368	4.858075
524.754870	12.824309	522.776843	4.858075
524.798500	12.824309	522.819200	4.858163
524.836040	12.824309	522.860363	4.858163
524.888458	12.822340	522.901456	4.858163
524.924915	12.822340	522.944297	4.848554
524.960526	12.822340	522.985194	4.848554
525.006181	12.835115	523.022542	4.848554
525.047760	12.835115	523.062914	4.831403
525.088696	12.835115	523.103462	4.831403
525.131912	12.830592	523.142216	4.831403
525.172399	12.830592	523.179475	4.831403
525.210066	12.830592	523.220998	4.823615
525.274529	12.840985	523.258119	4.823615
525.318568	12.840985	523.297747	4.823615
525.357746	12.840985	523.343029	4.795362
525.401199	12.857121	523.382799	4.795362
525.443534	12.857121	523.449620	4.795362
525.481232	12.857121	523.492922	4.753306
525.527133	12.838959	523.531639	4.753306
525.566051	12.838959	523.573765	4.753306
525.638692	12.838959	523.617621	4.755739
525.681797	12.823150	523.687817	4.755739
525.728976	12.823150	523.727890	4.704657
525.765924	12.823150	523.773455	4.704657
525.810040	12.852100	523.813262	4.704657
525.884171	12.852100	523.850977	4.645396
525.926543	12.862156	523.922310	4.645396
525.969003	12.862156	523.960212	4.645396
526.008353	12.862156	524.001022	4.622299
526.049987	12.847644	524.040729	4.622299
526.093389	12.847644	524.078868	4.622299
526.133428	12.847644	524.121377	4.615148
526.172723	12.876956	524.164286	4.615148
526.215782	12.876956	524.201710	4.615148
526.257354	12.876956	524.267740	4.573371
526.295362	12.876956	524.306314	4.573371
526.339956	12.875227	524.344479	4.573371
526.377458	12.875227	524.382975	4.533976
526.416050	12.875227	524.422939	4.533976
526.482547	12.883984	524.464627	4.533976
526.522783	12.883984	524.507511	4.498524
526.560551	12.883984	524.552549	4.498524
526.605950	12.913275	524.594609	4.498524
526.647445	12.913275	524.631648	4.498524
526.687347	12.913275	524.674425	4.460631
526.733969	12.901983	524.719049	4.460631
526.771484	12.901983	524.756874	4.460631
526.809966	12.901983	524.832529	4.440690
526.885231	12.905362	524.873947	4.440690
526.925527	12.905362	524.916779	4.394512
526.963299	12.905362	524.958672	4.394512
527.008129	12.930583	524.997367	4.394512
527.048728	12.930583	525.067226	4.337456
527.087959	12.930583	525.106153	4.337456
527.131813	12.930741	525.144508	4.337456
527.171247	12.930741	525.188087	4.315227
527.213406	12.930741	525.226382	4.315227
527.254200	12.956721	525.266181	4.315227
527.307357	12.956721	525.309708	4.269234
527.344922	12.956721	525.355575	4.269234
527.385751	12.953348	525.393243	4.269234
527.427943	12.953348	525.430726	4.269234
527.466488	12.953348	525.471892	4.254290
527.510245	12.947106	525.516875	4.254290
527.585357	12.947106	525.554434	4.254290
527.621636	12.947106	525.629522	4.199351
527.664837	12.953548	525.670739	4.199351
527.707735	12.953548	525.710308	4.154877
527.745931	12.953548	525.751313	4.154877
527.790309	13.001638	525.790414	4.154877
527.830015	13.001638	525.844218	4.154877
527.867313	13.001638	525.886585	4.113139
527.909276	12.976635	525.925807	4.113139
527.950943	12.976635	525.961788	4.113139
527.988094	12.976635	526.004797	4.080447
528.025066	12.976635	526.046864	4.080447
528.067782	12.962472	526.082950	4.080447
528.108337	12.962472	526.146586	4.040630
528.149467	12.962472	526.186033	4.040630
528.189627	12.988401	526.224239	4.040630
528.231792	12.988401	526.266704	3.988792
528.271022	12.988401	526.310768	3.988792
528.341064	12.968921	526.348548	3.988792
528.385107	12.968921	526.412383	3.957133
528.422004	12.968921	526.449878	3.957133
528.467749	12.992702	526.486431	3.957133
528.508338	12.992702	526.526940	3.914590
528.576190	12.997300	526.568933	3.914590
528.619750	12.997300	526.606496	3.914590
528.657317	12.997300	526.675592	3.882239
528.695414	12.997300	526.715356	3.882239
528.743306	12.985604	526.752551	3.882239
528.783063	12.985604	526.793085	3.854653
528.844306	12.998405	526.835571	3.854653
528.887728	12.998405	526.875062	3.854653
528.924767	12.998405	526.941914	3.802808
528.963295	12.998405	526.983048	3.802808
529.008105	13.001430	527.019751	3.802808
529.048460	13.001430	527.062814	3.761913
529.090846	13.001430	527.108753	3.761913
529.137390	13.004319	527.147963	3.761913
529.175458	13.004319	527.207678	3.742167
529.217069	13.004319	527.248004	3.742167
529.256085	13.002443	527.285843	3.742167
529.296261	13.002443	527.328391	3.696640
529.337665	13.002443	527.371795	3.696640
529.377810	13.003010	527.410697	3.696640
529.421222	13.003010	527.473750	3.691215
529.461407	13.003010	527.513411	3.691215
529.500844	13.003010	527.550823	3.691215
529.543391	13.001482	527.590839	3.613239
529.581261	13.001482	527.633707	3.613239
529.619344	13.001482	527.671642	3.613239
529.691655	12.998328	527.716101	3.592810
529.730628	12.998328	527.757365	3.592810
529.768002	12.998328	527.828730	3.592810
529.809609	13.023806	527.870549	3.576675
529.849720	13.023806	527.914946	3.576675
529.887387	13.023806	527.955354	3.576675
529.932376	13.016246	527.995211	3.558259
529.971508	13.016246	528.035677	3.558259
530.010372	13.016246	528.074583	3.558259
530.078964	13.013875	528.115481	3.556915
530.118799	13.013875	528.156051	3.556915
530.159323	13.013875	528.194095	3.556915
530.203665	12.885766	528.230726	3.556915
530.242510	12.885766	528.274533	3.535841
530.284046	12.885766	528.313395	3.535841
530.327754	12.896499	528.361036	3.535841
530.376256	12.896499	528.411879	3.527349
530.417847	12.896499	528.455701	3.527349
530.455184	12.903919	528.499783	3.527349
530.498440	12.903919	528.545450	3.525370
530.538630	12.903919	528.583094	3.525370
530.608133	12.882200	528.649442	3.525370
530.650308	12.882200	528.691370	3.544594
530.688964	12.882200	528.734124	3.544594
530.734945	12.865618	528.775090	3.544594
530.776648	12.865618	528.818171	3.501480
530.840615	12.863767	528.857377	3.501480
530.883291	12.863767	528.896039	3.501480
530.918962	12.863767	528.939383	3.516556
530.960389	12.863767	528.980078	3.516556
531.004868	12.889764	529.017795	3.516556
531.071179	12.889764	529.058208	3.529251
531.116274	12.867040	529.099262	3.529251
531.155066	12.867040	529.136048	3.529251
531.199680	12.867040	529.173787	3.529251
531.239413	12.863109	529.218648	3.526026
531.292418	12.863109	529.255811	3.526026
531.329653	12.863109	529.330784	3.552740
531.367197	12.863109	529.372595	3.552740
531.412292	12.865256	529.409288	3.552740
531.453508	12.865256	529.451020	3.552740
531.529013	12.857633	529.494044	3.524749
531.572230	12.857633	529.562369	3.524749
531.609679	12.857633	529.604630	3.526406
531.653184	12.833469	529.648462	3.526406
531.696486	12.833469	529.688161	3.526406
531.734404	12.833469	529.735427	3.512972
531.774555	12.825323	529.798290	3.512972
531.816196	12.825323	529.837035	3.512972
531.856269	12.825323	529.877767	3.514845
531.892727	12.825323	529.916430	3.514845
531.936414	12.822498	529.954220	3.514845
531.974839	12.822498	529.994689	3.510014
532.013140	12.822498	530.036387	3.510014
532.058116	12.800683	530.075562	3.510014
532.097940	12.800683	530.142881	3.502442
532.136509	12.800683	530.182914	3.502442
532.175920	12.841625	530.219446	3.502442
532.216677	12.841625	530.261464	3.494374
532.259487	12.841625	530.306298	3.494374
532.296853	12.841625	530.344297	3.494374
532.342779	12.831817	530.409389	3.486243
532.381298	12.831817	530.450691	3.486243
532.449730	12.813212	530.487704	3.486243
532.493523	12.813212	530.535295	3.502542
532.530258	12.813212	530.573719	3.502542
532.574475	12.822289	530.641202	3.502542
532.616365	12.822289	530.683828	3.486639
532.682878	12.822289	530.723257	3.486639
532.727108	12.820963	530.763035	3.486639
532.765410	12.820963	530.809274	3.466423
532.807639	12.820963	530.861648	3.466423
532.847332	12.823342	530.899741	3.466423
532.887802	12.823342	530.943288	3.462807
532.948555	12.823342	530.980176	3.462807
532.991006	12.836626	531.017114	3.462807
533.029745	12.836626	531.055377	3.459373
533.068805	12.836626	531.094937	3.459373
533.111281	12.856340	531.134292	3.459373
533.151103	12.856340	531.176922	3.459373
533.195971	12.856340	531.221831	3.466098
533.236618	12.839504	531.262159	3.466098
533.301066	12.839504	531.298663	3.466098
533.337495	12.839504	531.342669	3.449079
533.376515	12.840872	531.384891	3.449079
533.423057	12.840872	531.422051	3.449079
533.460852	12.840872	531.488051	3.441484
533.530852	12.820760	531.527930	3.441484
533.571070	12.820760	531.565406	3.441484
533.608869	12.820760	531.611929	3.434216
533.654484	12.870047	531.649508	3.434216
533.695107	12.870047	531.718472	3.441019
533.732840	12.870047	531.759081	3.441019
533.771974	12.852443	531.801684	3.441019
533.816392	12.852443	531.838023	3.441019
533.856420	12.852443	531.910000	3.436172
533.895559	12.852443	531.946247	3.436172
533.939631	12.841241	531.991832	3.416036
533.979143	12.841241	532.060309	3.416036
534.018209	12.841241	532.102410	3.416036
534.061842	12.847428	532.147841	3.423417
534.102739	12.847428	532.216134	3.423417
534.140117	12.847428	532.253255	3.403581
534.180088	12.858162	532.296308	3.403581
534.225187	12.858162	532.335348	3.403581
534.267392	12.858162	532.372478	3.403581
534.304906	12.876776	532.417310	3.382872
534.348968	12.876776	532.456026	3.382872
534.389130	12.876776	532.493650	3.382872
534.456363	12.875637	532.536816	3.381381
534.498712	12.875637	532.578655	3.381381
534.535447	12.875637	532.616122	3.381381
534.578578	12.871506	532.687564	4.911762
534.620905	12.871506	532.726259	4.911762
534.688203	12.871506	532.763883	4.911762
534.731872	12.851865	532.805301	4.901812
534.770308	12.851865	532.842729	4.901812
534.807893	12.851865	532.882859	4.901812
534.855970	12.871764	532.929056	4.936845
534.895402	12.871764	532.967222	4.936845
534.954334	12.871764	533.027525	4.936845
534.999819	12.902840	533.068845	4.935453
535.039537	12.902840	533.113019	4.935453
535.080064	12.902840	533.155343	4.935453
535.124392	12.875742	533.198009	4.944447
535.192244	12.875742	533.238963	4.944447
535.235660	12.890376	533.276098	4.944447
535.274375	12.890376	533.316741	4.953428
535.316663	12.890376	533.357837	4.953428
535.354222	12.890376	533.396203	4.953428
535.428246	12.888636	533.433218	4.953428
535.469660	12.888636	533.476886	4.946516
535.509062	12.899491	533.514287	4.946516
535.552763	12.899491	533.555771	4.946516
535.590305	12.899491	533.598474	4.919269
535.662557	12.922524	533.639910	4.919269
535.706176	12.922524	533.682934	4.919269
535.741542	12.922524	533.726045	4.933279
535.786778	12.912488	533.765566	4.933279
535.826706	12.912488	533.825782	4.933279
535.897545	12.912488	533.867168	4.974538
535.942676	12.914325	533.909133	4.974538
535.981909	12.914325	533.951881	4.974538
536.023684	12.914325	533.994637	4.954919
536.066310	12.907663	534.036796	4.954919
536.130166	12.907663	534.074435	4.954919
536.168754	12.907663	534.113799	4.955520
536.210142	12.940267	534.155058	4.955520
536.250323	12.940267	534.192972	4.955520
536.291446	12.940267	534.230694	4.955520
536.334571	12.944546	534.273666	4.943550
536.376719	12.944546	534.316588	4.943550
536.448011	12.954124	534.353718	4.943550
536.490758	12.954124	534.427863	4.943178
536.531511	12.954124	534.467359	4.943178
536.569235	12.954124	534.506596	4.943178
536.612556	12.952470	534.556592	4.936598
536.654877	12.952470	534.595861	4.936598
536.694051	12.952470	534.636029	4.936598
536.734782	12.950052	534.684128	4.915122
536.774063	12.950052	534.722151	4.915122
536.815670	12.950052	534.786159	4.916651
536.862159	12.979604	534.828651	4.916651
536.900068	12.979604	534.870893	4.916651
536.943916	12.979604	534.913646	4.864198
536.982494	12.998067	534.955902	4.864198
537.030701	12.998067	534.994802	4.864198
537.067808	12.998067	535.032267	4.864198
537.109150	12.979300	535.074759	4.839474
537.182966	12.979300	535.115273	4.839474
537.221098	12.979300	535.154310	4.839474
537.266051	13.012670	535.194717	4.796977
537.307913	13.012670	535.231501	4.796977
537.350125	13.012670	535.267231	4.796977
537.390501	13.012313	535.305410	4.796977
537.435422	13.012313	535.346743	4.762410
537.473991	13.012313	535.386959	4.762410
537.543381	13.009774	535.423000	4.762410
537.586521	13.009774	535.463712	4.706108
537.624731	13.009774	535.505622	4.706108
537.671173	13.035188	535.567255	4.706108
537.711375	13.035188	535.611933	4.666243
537.777218	13.014225	535.651235	4.666243
537.822767	13.014225	535.689798	4.666243
537.857954	13.014225	535.731689	4.647490
537.897793	13.014225	535.800629	4.647490
537.944579	13.005391	535.837951	4.647490
537.984016	13.005391	535.879430	4.615240
538.046053	13.046196	535.917809	4.615240
538.089288	13.046196	535.954766	4.615240
538.126470	13.046196	535.998201	4.564356
538.164937	13.046196	536.040920	4.564356
538.210462	13.044579	536.078619	4.564356
538.249102	13.044579	536.146085	4.511698
538.288791	13.044579	536.186958	4.511698
538.334333	13.055117	536.223695	4.511698
538.374060	13.055117	536.266710	4.477102
538.410234	13.055117	536.307131	4.477102
538.455561	13.049451	536.387578	4.444157
538.496902	13.049451	536.435026	4.444157
538.533994	13.049451	536.474475	4.444157
538.573459	13.028546	536.518299	4.391831
538.615284	13.028546	536.556331	4.391831
538.654814	13.028546	536.614978	4.391831
538.695288	13.028546	536.655109	4.349806
538.737696	13.046257	536.694663	4.349806
538.781163	13.046257	536.732955	4.349806
538.817581	13.046257	536.769570	4.349806
538.864490	13.082767	536.813802	4.302948
538.905988	13.082767	536.855470	4.302948
538.976576	13.055014	536.894141	4.302948
539.021660	13.055014	536.959848	4.244995
539.059083	13.055014	536.998135	4.244995
539.104985	13.033550	537.036235	4.244995
539.147680	13.033550	537.077350	4.197686
539.207195	13.033550	537.119950	4.197686
539.249576	13.069076	537.159329	4.197686
539.287890	13.069076	537.205732	4.145743
539.330267	13.069076	537.244323	4.145743
539.368004	13.069076	537.305556	4.145743
539.418499	13.061217	537.348579	4.105663
539.455213	13.061217	537.389838	4.105663
539.492666	13.061217	537.433262	4.105663
539.538506	13.053228	537.475151	4.047217
539.578461	13.053228	537.516266	4.047217
539.617863	13.053228	537.554014	4.047217
539.691818	13.048935	537.596738	4.005330
539.729264	13.048935	537.636627	4.005330
539.768550	13.048935	537.676438	4.005330
539.813913	13.052210	537.717673	3.956348
539.854826	13.052210	537.756476	3.956348
539.891368	13.052210	537.796541	3.956348
539.939307	13.046816	537.839181	3.886141
539.976618	13.046816	537.880607	3.886141
540.016187	13.046816	537.948147	3.886141
540.088592	13.076114	537.989655	3.851434
540.127091	13.076114	538.031038	3.851434
540.164168	13.076114	538.072461	3.851434
540.207327	12.961553	538.112848	3.820267
540.248539	12.961553	538.181986	3.820267
540.287554	12.961553	538.222110	3.820267
540.332477	12.926700	538.267734	3.756474
540.369936	12.926700	538.309374	3.756474
540.408400	12.926700	538.347795	3.756474
540.480664	12.937458	538.417814	3.736334
540.518280	12.937458	538.455202	3.736334
540.557250	12.937458	538.492518	3.736334
540.602797	12.929063	538.535455	3.681703
540.641276	12.929063	538.574144	3.681703
540.684002	12.929063	538.614827	3.681703
540.728291	12.946245	538.660665	3.611447
540.777271	12.946245	538.699047	3.611447
540.818108	12.946245	538.773623	3.611447
540.857508	12.925111	538.817918	3.567237
540.899608	12.925111	538.859682	3.567237
540.938570	12.925111	538.900393	3.567237
541.010041	12.937709	538.942165	3.521122
541.054660	12.937709	538.982839	3.521122
541.090520	12.937709	539.020696	3.521122
541.137232	12.891755	539.062428	3.482365
541.177920	12.891755	539.101035	3.482365
541.247490	12.902071	539.139963	3.482365
541.292486	12.902071	539.178203	3.482365
541.328764	12.902071	539.219034	3.436596
541.371664	12.900651	539.255646	3.436596
541.413429	12.900651	539.294156	3.436596
541.480601	12.900651	539.342695	3.381292
541.522937	12.879526	539.383509	3.381292
541.562341	12.879526	539.449602	3.328570
541.604631	12.879526	539.491915	3.328570
541.647870	12.894115	539.529150	3.328570
541.697941	12.894115	539.571527	3.328570
541.734972	12.894115	539.616816	3.293687
541.775335	12.866445	539.681535	3.293687
541.821443	12.866445	539.724863	3.255728
541.859458	12.866445	539.767307	3.255728
541.935308	12.853417	539.806534	3.255728
541.975905	12.853417	539.847167	3.241608
542.012687	12.853417	539.917459	3.241608
542.056966	12.881295	539.954708	3.241608
542.098635	12.881295	539.996370	3.226203
542.137879	12.881295	540.037494	3.226203
542.178377	12.859747	540.075279	3.226203
542.219539	12.859747	540.115632	3.197241
542.258867	12.859747	540.159250	3.197241
542.298156	12.859747	540.201608	3.197241
542.341542	12.879144	540.278767	3.202061
542.380958	12.879144	540.322005	3.202061
542.421551	12.879144	540.358083	3.202061
542.462512	12.859288	540.404182	3.161090
542.504784	12.859288	540.441237	3.161090
542.544446	12.859288	540.511922	3.134689
542.583972	12.863380	540.555593	3.134689
542.622688	12.863380	540.594586	3.134689
542.661533	12.863380	540.634809	3.134689
542.699946	12.863380	540.680987	3.163052
542.739869	12.890726	540.718458	3.163052
542.778062	12.890726	540.758041	3.163052
542.815573	12.890726	540.798431	3.140502
542.857911	12.859696	540.841255	3.140502
542.895845	12.859696	540.877557	3.140502
542.937108	12.859696	540.944241	3.137357
542.977730	12.877860	540.981956	3.137357
543.017421	12.877860	541.023061	3.137357
543.056987	12.877860	541.066344	3.178875
543.096594	12.877860	541.141968	3.178875
543.174131	12.891189	541.182966	3.152410
543.214364	12.891189	541.224019	3.152410
543.258551	12.903741	541.266422	3.152410
543.296295	12.903741	541.303344	3.152410
543.334985	12.903741	541.376402	3.148432
543.385489	12.901008	541.414711	3.148432
543.454154	12.901008	541.457654	3.166941
543.492504	12.901008	541.499036	3.166941
543.536098	12.879815	541.536289	3.166941
543.576752	12.879815	541.574335	3.166941
543.614885	12.879815	541.621677	3.162750
543.657052	12.882801	541.658278	3.162750
543.699106	12.882801	541.723519	3.165060
543.736370	12.882801	541.762502	3.165060
543.785500	12.913570	541.805002	3.165060
543.824811	12.913570	541.849027	3.189633
543.864210	12.913570	541.890402	3.189633
543.930714	12.911035	541.930675	3.189633
543.969522	12.911035	541.968506	3.189633
544.010104	12.911035	542.007973	3.188659
544.055997	12.914687	542.050359	3.188659
544.094748	12.914687	542.088934	3.188659
544.137114	12.914687	542.139537	3.198979
544.178884	12.912190	542.178847	3.198979
544.240252	12.912190	542.243585	3.220059
544.281633	12.912190	542.288729	3.220059
544.322634	12.904700	542.328574	3.220059
544.367288	12.904700	542.400988	3.224086
544.404727	12.904700	542.441852	3.224086
544.474454	12.910715	542.478793	3.224086
544.516890	12.910715	542.524466	3.235025
544.554878	12.910715	542.562876	3.235025
544.598511	12.936402	542.633549	3.235025
544.638434	12.936402	542.676835	3.237344
544.709083	12.935751	542.715942	3.237344
544.752738	12.935751	542.755224	3.237344
544.791225	12.935751	542.798723	3.248992
544.837611	12.921810	542.852454	3.248992
544.877781	12.921810	542.889617	3.248992
544.944738	12.921810	542.928426	3.254534
544.989646	12.928169	542.969237	3.254534
545.026697	12.928169	543.005619	3.254534
545.064427	12.928169	543.047019	3.255962
545.110902	12.922244	543.089551	3.255962
545.152154	12.922244	543.126678	3.255962
545.212279	12.922244	543.198731	3.269430
545.257801	12.961396	543.237002	3.269430
545.296381	12.961396	543.273637	3.269430
545.338698	12.961396	543.315576	3.262700
545.381187	12.939888	543.359298	3.262700
545.445307	12.939888	543.398134	3.262700
545.487373	12.939888	543.463335	3.268411
545.529368	12.961148	543.504341	3.268411
545.571460	12.961148	543.543057	3.268411
545.610415	12.961148	543.583538	3.265621
545.682325	12.944975	543.623954	3.265621
545.724537	12.944975	543.696463	3.265621
545.764018	12.967827	543.737836	3.257054
545.809085	12.967827	543.776877	3.257054
545.847572	12.967827	543.815187	3.257054
545.917496	12.968761	543.856624	3.262782
545.959890	12.968761	543.896354	3.262782
545.995936	12.968761	543.935018	3.262782
546.042380	12.952425	543.976886	3.262782
546.083259	12.952425	544.019800	3.257126
546.150319	12.952425	544.059684	3.257126
546.194684	12.956957	544.096957	3.257126
546.233351	12.956957	544.139812	3.265627
546.275039	12.956957	544.182302	3.265627
546.320674	12.967138	544.219253	3.265627
546.385576	12.967138	544.291686	3.249823
546.426556	12.967138	544.334488	3.249823
546.467807	13.012125	544.376029	3.249823
546.505856	13.012125	544.425862	3.230120
546.548689	13.012125	544.469020	3.230120
546.588252	13.021899	544.530331	3.254464
546.631785	13.021899	544.570308	3.254464
546.671787	13.021899	544.609036	3.254464
546.744100	13.005450	544.653716	4.815935
546.787649	13.005450	544.694235	4.815935
546.827173	13.005450	544.732557	4.815935
546.873022	13.018110	544.770536	4.815935
546.910963	13.018110	544.817374	4.842243
546.982197	13.030205	544.855814	4.842243
547.025217	13.030205	544.931218	4.844805
547.061910	13.030205	544.970497	4.844805
547.105799	13.045148	545.011889	4.844805
547.146758	13.045148	545.055885	4.850936
547.210287	13.045148	545.098135	4.850936
547.254260	13.050801	545.137408	4.850936
547.293902	13.050801	545.176437	4.850936
547.338097	13.050801	545.219069	4.850439
547.376658	13.047063	545.256817	4.850439
547.427313	13.047063	545.295262	4.850439
547.466320	13.047063	545.341702	4.835726
547.506222	13.065364	545.379274	4.835726
547.550011	13.065364	545.448943	4.878025
547.590518	13.065364	545.492915	4.878025
547.629615	13.056023	545.531529	4.878025
547.677106	13.056023	545.588388	4.825608
547.714008	13.056023	545.629292	4.825608
547.757996	13.078422	545.667779	4.825608
547.797407	13.078422	545.706740	4.825608
547.868060	13.078422	545.760744	4.842600
547.911742	13.072224	545.799655	4.842600
547.954755	13.072224	545.873126	4.851147
547.998503	13.072224	545.914395	4.851147
548.038936	13.061668	545.951240	4.851147
548.087507	13.061668	545.993134	4.868986
548.125298	13.061668	546.031677	4.868986
548.169698	13.062090	546.105578	4.868986
548.210811	13.062090	0.000000	0.000000
548.273202	13.062090	0.000000	0.000000
548.319361	13.077349	0.000000	0.000000
548.356984	13.077349	0.000000	0.000000
548.400158	13.077349	0.000000	0.000000
548.440784	13.101430	0.000000	0.000000
548.491885	13.101430	0.000000	0.000000
548.529268	13.101430	0.000000	0.000000
548.573281	13.100006	0.000000	0.000000
548.619341	13.100006	0.000000	0.000000
548.658783	13.100006	0.000000	0.000000
548.729302	13.088502	0.000000	0.000000
548.771681	13.088502	0.000000	0.000000
548.808466	13.088502	0.000000	0.000000
548.853722	13.097706	0.000000	0.000000
548.895656	13.097706	0.000000	0.000000
548.933226	13.097706	0.000000	0.000000
548.974277	13.085666	0.000000	0.000000
549.011488	13.085666	0.000000	0.000000
549.051592	13.085666	0.000000	0.000000
549.090538	13.085666	0.000000	0.000000
549.131895	13.121265	0.000000	0.000000
549.170382	13.121265	0.000000	0.000000
549.212179	13.121265	0.000000	0.000000
549.252502	13.117515	0.000000	0.000000
549.295379	13.117515	0.000000	0.000000
549.335475	13.117515	0.000000	0.000000
549.399997	13.092565	0.000000	0.000000
549.442667	13.092565	0.000000	0.000000
549.479184	13.092565	0.000000	0.000000
549.523505	13.103573	0.000000	0.000000
549.564064	13.103573	0.000000	0.000000
549.634848	13.110096	0.000000	0.000000
549.678661	13.110096	0.000000	0.000000
549.716188	13.110096	0.000000	0.000000
549.757715	13.112483	0.000000	0.000000
549.801103	13.112483	0.000000	0.000000
549.840791	13.112483	0.000000	0.000000
549.900912	13.118880	0.000000	0.000000
549.944832	13.118880	0.000000	0.000000
549.983346	13.118880	0.000000	0.000000
550.021720	13.118880	0.000000	0.000000
550.067235	13.104174	0.000000	0.000000
550.105067	13.104174	0.000000	0.000000
550.145078	13.104174	0.000000	0.000000
550.189250	13.095458	0.000000	0.000000
550.229227	13.095458	0.000000	0.000000
550.266713	13.095458	0.000000	0.000000
550.308347	13.012627	0.000000	0.000000
550.351420	13.012627	0.000000	0.000000
550.389845	13.012627	0.000000	0.000000
550.429475	13.003320	0.000000	0.000000
550.473610	13.003320	0.000000	0.000000
550.512052	13.003320	0.000000	0.000000
550.551301	13.003320	0.000000	0.000000
550.592669	12.968035	0.000000	0.000000
550.637317	12.968035	0.000000	0.000000
550.674266	12.968035	0.000000	0.000000
550.720013	12.984866	0.000000	0.000000
550.760582	12.984866	0.000000	0.000000
550.824312	12.984866	0.000000	0.000000
550.870693	12.968335	0.000000	0.000000
550.906264	12.968335	0.000000	0.000000
550.952031	12.968335	0.000000	0.000000
550.991390	12.966766	0.000000	0.000000
551.042130	12.966766	0.000000	0.000000
551.078465	12.966766	0.000000	0.000000
551.118760	12.996163	0.000000	0.000000
551.161958	12.996163	0.000000	0.000000
551.201047	12.996163	0.000000	0.000000
551.278708	12.959523	0.000000	0.000000
551.318364	12.959523	0.000000	0.000000
551.358366	12.936871	0.000000	0.000000
551.405663	12.936871	0.000000	0.000000
551.446811	12.936871	0.000000	0.000000
551.484475	12.936871	0.000000	0.000000
551.532489	12.946251	0.000000	0.000000
551.570159	12.946251	0.000000	0.000000
551.640173	12.943994	0.000000	0.000000
551.678634	12.943994	0.000000	0.000000
551.725008	12.943994	0.000000	0.000000
551.763414	12.931345	0.000000	0.000000
551.804187	12.931345	0.000000	0.000000
551.870386	12.931345	0.000000	0.000000
551.910996	12.910985	0.000000	0.000000
551.952146	12.910985	0.000000	0.000000
551.991674	12.910985	0.000000	0.000000
552.032371	12.932441	0.000000	0.000000
552.075751	12.932441	0.000000	0.000000
552.116378	12.932441	0.000000	0.000000
552.155659	12.932441	0.000000	0.000000
552.201571	12.905670	0.000000	0.000000
552.238093	12.905670	0.000000	0.000000
552.278162	12.905670	0.000000	0.000000
552.342263	12.927982	0.000000	0.000000
552.383579	12.927982	0.000000	0.000000
552.424570	12.927982	0.000000	0.000000
552.468923	12.935941	0.000000	0.000000
552.508063	12.935941	0.000000	0.000000
552.546772	12.935941	0.000000	0.000000
552.593211	12.904435	0.000000	0.000000
552.629928	12.904435	0.000000	0.000000
552.697870	12.904435	0.000000	0.000000
552.741954	12.927038	0.000000	0.000000
552.783517	12.927038	0.000000	0.000000
552.820768	12.927038	0.000000	0.000000
552.863113	12.929441	0.000000	0.000000
552.904378	12.929441	0.000000	0.000000
552.942162	12.929441	0.000000	0.000000
552.990746	12.950135	0.000000	0.000000
553.027545	12.950135	0.000000	0.000000
553.065849	12.950135	0.000000	0.000000
553.140682	12.926446	0.000000	0.000000
553.178778	12.926446	0.000000	0.000000
553.219210	12.926446	0.000000	0.000000
553.264951	12.932748	0.000000	0.000000
553.304271	12.932748	0.000000	0.000000
553.345684	12.932748	0.000000	0.000000
553.391459	12.939838	0.000000	0.000000
553.430182	12.939838	0.000000	0.000000
553.471480	12.939838	0.000000	0.000000
553.513060	12.943575	0.000000	0.000000
553.558903	12.943575	0.000000	0.000000
553.597471	12.943575	0.000000	0.000000
553.670265	12.957090	0.000000	0.000000
553.713544	12.957090	0.000000	0.000000
553.753862	12.957090	0.000000	0.000000
553.800550	12.931216	0.000000	0.000000
553.837803	12.931216	0.000000	0.000000
553.908852	12.935132	0.000000	0.000000
553.952885	12.935132	0.000000	0.000000
553.991860	12.935132	0.000000	0.000000
554.031434	12.956472	0.000000	0.000000
554.073919	12.956472	0.000000	0.000000
554.114466	12.956472	0.000000	0.000000
554.153517	12.956472	0.000000	0.000000
554.200495	12.945139	0.000000	0.000000
554.237504	12.945139	0.000000	0.000000
554.276661	12.945139	0.000000	0.000000
554.347434	12.971946	0.000000	0.000000
554.386797	12.971946	0.000000	0.000000
554.426507	12.971946	0.000000	0.000000
554.467221	12.960554	0.000000	0.000000
554.506454	12.960554	0.000000	0.000000
554.546576	12.960554	0.000000	0.000000
554.592316	12.957922	0.000000	0.000000
554.629795	12.957922	0.000000	0.000000
554.673445	12.957922	0.000000	0.000000
554.712274	12.966923	0.000000	0.000000
554.763350	12.966923	0.000000	0.000000
554.799014	12.966923	0.000000	0.000000
554.839542	12.968068	0.000000	0.000000
554.883356	12.968068	0.000000	0.000000
554.923288	12.968068	0.000000	0.000000
554.999346	12.987380	0.000000	0.000000
555.040427	12.987380	0.000000	0.000000
555.079242	12.987380	0.000000	0.000000
555.122452	12.963775	0.000000	0.000000
555.163810	12.963775	0.000000	0.000000
555.200679	12.963775	0.000000	0.000000
555.242980	12.992448	0.000000	0.000000
555.283325	12.992448	0.000000	0.000000
555.322175	12.992448	0.000000	0.000000
555.365574	12.972855	0.000000	0.000000
555.405701	12.972855	0.000000	0.000000
555.448523	12.972855	0.000000	0.000000
555.488298	13.001240	0.000000	0.000000
555.537597	13.001240	0.000000	0.000000
555.574665	13.001240	0.000000	0.000000
555.616247	13.001240	0.000000	0.000000
555.660727	13.001773	0.000000	0.000000
555.733902	13.001773	0.000000	0.000000
555.778826	12.995318	0.000000	0.000000
555.817780	12.995318	0.000000	0.000000
555.859314	12.995318	0.000000	0.000000
555.900616	13.012590	0.000000	0.000000
555.950769	13.012590	0.000000	0.000000
555.987948	13.012590	0.000000	0.000000
556.028387	13.011819	0.000000	0.000000
556.074460	13.011819	0.000000	0.000000
556.115622	13.011819	0.000000	0.000000
556.179605	13.017227	0.000000	0.000000
556.221532	13.017227	0.000000	0.000000
556.258045	13.017227	0.000000	0.000000
556.301489	13.028305	0.000000	0.000000
556.344491	13.028305	0.000000	0.000000
556.384205	13.028305	0.000000	0.000000
556.423615	13.028305	0.000000	0.000000
556.467036	13.025234	0.000000	0.000000
556.506370	13.025234	0.000000	0.000000
556.544225	13.025234	0.000000	0.000000
556.589598	13.035168	0.000000	0.000000
556.631019	13.035168	0.000000	0.000000
556.673147	13.035168	0.000000	0.000000
556.712552	13.054158	0.000000	0.000000
556.751667	13.054158	0.000000	0.000000
556.793956	13.054158	0.000000	0.000000
556.835813	13.070007	0.000000	0.000000
556.896262	13.070007	0.000000	0.000000
556.935404	13.070007	0.000000	0.000000
556.977835	13.059940	0.000000	0.000000
557.021631	13.059940	0.000000	0.000000
557.060240	13.059940	0.000000	0.000000
557.101196	13.053790	0.000000	0.000000
557.138812	13.053790	0.000000	0.000000
557.177667	13.053790	0.000000	0.000000
557.215209	13.053790	0.000000	0.000000
557.262863	13.070257	0.000000	0.000000
557.299378	13.070257	0.000000	0.000000
557.339273	13.070257	0.000000	0.000000
557.414174	13.081181	0.000000	0.000000
557.453903	13.081181	0.000000	0.000000
557.497022	13.110375	0.000000	0.000000
557.538172	13.110375	0.000000	0.000000
557.580790	13.110375	0.000000	0.000000
557.618794	13.110375	0.000000	0.000000
557.671379	13.101690	0.000000	0.000000
557.708440	13.101690	0.000000	0.000000
557.745145	13.101690	0.000000	0.000000
557.790566	13.094535	0.000000	0.000000
557.830390	13.094535	0.000000	0.000000
557.869531	13.094535	0.000000	0.000000
557.914963	13.102991	0.000000	0.000000
557.954694	13.102991	0.000000	0.000000
557.993275	13.102991	0.000000	0.000000
558.059023	13.113600	0.000000	0.000000
558.101757	13.113600	0.000000	0.000000
558.141240	13.113600	0.000000	0.000000
558.181061	13.134573	0.000000	0.000000
558.223443	13.134573	0.000000	0.000000
558.262007	13.134573	0.000000	0.000000
558.309038	13.128644	0.000000	0.000000
558.345904	13.128644	0.000000	0.000000
558.396701	13.128644	0.000000	0.000000
558.438156	13.124348	0.000000	0.000000
558.486362	13.124348	0.000000	0.000000
558.524095	13.124348	0.000000	0.000000
558.563652	13.133148	0.000000	0.000000
558.636220	13.133148	0.000000	0.000000
558.674464	13.133148	0.000000	0.000000
558.719100	13.137466	0.000000	0.000000
558.761207	13.137466	0.000000	0.000000
558.798917	13.137466	0.000000	0.000000
558.843927	13.143451	0.000000	0.000000
558.886535	13.143451	0.000000	0.000000
558.925026	13.143451	0.000000	0.000000
558.965796	13.137352	0.000000	0.000000
559.004928	13.137352	0.000000	0.000000
559.044883	13.137352	0.000000	0.000000
559.084339	13.137352	0.000000	0.000000
559.125160	13.140171	0.000000	0.000000
559.164394	13.140171	0.000000	0.000000
559.204068	13.140171	0.000000	0.000000
559.243767	13.156117	0.000000	0.000000
559.285863	13.156117	0.000000	0.000000
559.326490	13.156117	0.000000	0.000000
559.366338	13.177130	0.000000	0.000000
559.409731	13.177130	0.000000	0.000000
559.449606	13.177130	0.000000	0.000000
559.488245	13.165832	0.000000	0.000000
559.527532	13.165832	0.000000	0.000000
559.568214	13.165832	0.000000	0.000000
559.606971	13.165832	0.000000	0.000000
559.646916	13.151670	0.000000	0.000000
559.689074	13.151670	0.000000	0.000000
559.728528	13.151670	0.000000	0.000000
559.769237	13.170775	0.000000	0.000000
559.839580	13.170775	0.000000	0.000000
559.877704	13.170775	0.000000	0.000000
559.924252	13.168715	0.000000	0.000000
559.961336	13.168715	0.000000	0.000000
559.998536	13.168715	0.000000	0.000000
560.044980	13.164205	0.000000	0.000000
560.085694	13.164205	0.000000	0.000000
560.150488	13.164205	0.000000	0.000000
560.194695	13.172516	0.000000	0.000000
560.233891	13.172516	0.000000	0.000000
560.272747	13.172516	0.000000	0.000000
560.317604	13.149946	0.000000	0.000000
560.355083	13.149946	0.000000	0.000000
560.399601	13.149946	0.000000	0.000000
560.443223	13.149480	0.000000	0.000000
560.499158	13.149480	0.000000	0.000000
560.540598	13.149480	0.000000	0.000000
560.590454	13.164523	0.000000	0.000000
560.634872	13.164523	0.000000	0.000000
560.674695	13.164523	0.000000	0.000000
560.744726	13.043610	0.000000	0.000000
560.784296	13.043610	0.000000	0.000000
560.824030	13.043610	0.000000	0.000000
560.868020	13.044563	0.000000	0.000000
560.908655	13.044563	0.000000	0.000000
560.948631	13.044563	0.000000	0.000000
560.994715	13.050602	0.000000	0.000000
561.032188	13.050602	0.000000	0.000000
561.073037	13.050602	0.000000	0.000000
561.151925	13.036803	0.000000	0.000000
561.192650	13.036803	0.000000	0.000000
561.233264	13.034380	0.000000	0.000000
561.275083	13.034380	0.000000	0.000000
561.315626	13.034380	0.000000	0.000000
561.355343	13.034380	0.000000	0.000000
561.398461	13.039065	0.000000	0.000000
561.437842	13.039065	0.000000	0.000000
561.478427	13.039065	0.000000	0.000000
561.557014	13.016795	0.000000	0.000000
561.596463	13.016795	0.000000	0.000000
561.640390	13.009480	0.000000	0.000000
561.680902	13.009480	0.000000	0.000000
561.719304	13.009480	0.000000	0.000000
561.760228	13.010313	0.000000	0.000000
561.803608	13.010313	0.000000	0.000000
561.842321	13.010313	0.000000	0.000000
561.880771	13.010313	0.000000	0.000000
561.923672	12.989688	0.000000	0.000000
561.962906	12.989688	0.000000	0.000000
562.002191	12.989688	0.000000	0.000000
562.044477	12.989149	0.000000	0.000000
562.086172	12.989149	0.000000	0.000000
562.126102	12.989149	0.000000	0.000000
562.166469	12.982927	0.000000	0.000000
562.208327	12.982927	0.000000	0.000000
562.247842	12.982927	0.000000	0.000000
562.287411	12.985205	0.000000	0.000000
562.328430	12.985205	0.000000	0.000000
562.370338	12.985205	0.000000	0.000000
562.408307	12.985205	0.000000	0.000000
562.451532	12.964645	0.000000	0.000000
562.490203	12.964645	0.000000	0.000000
562.530637	12.964645	0.000000	0.000000
562.571608	12.989165	0.000000	0.000000
562.635852	12.989165	0.000000	0.000000
562.674991	12.989165	0.000000	0.000000
562.720975	12.985156	0.000000	0.000000
562.757879	12.985156	0.000000	0.000000
562.799031	12.985156	0.000000	0.000000
562.844268	12.966654	0.000000	0.000000
562.916088	12.966654	0.000000	0.000000
562.956594	12.966654	0.000000	0.000000
562.997069	12.971467	0.000000	0.000000
563.037634	12.971467	0.000000	0.000000
563.077950	12.971467	0.000000	0.000000
563.123563	12.970315	0.000000	0.000000
563.161016	12.970315	0.000000	0.000000
563.199370	12.970315	0.000000	0.000000
563.245078	12.978380	0.000000	0.000000
563.286829	12.978380	0.000000	0.000000
563.352182	12.978380	0.000000	0.000000
563.398705	12.983097	0.000000	0.000000
563.436548	12.983097	0.000000	0.000000
563.475657	12.983097	0.000000	0.000000
563.522670	12.984302	0.000000	0.000000
563.563220	12.984302	0.000000	0.000000
563.602056	12.984302	0.000000	0.000000
563.646524	12.983145	0.000000	0.000000
563.689667	12.983145	0.000000	0.000000
563.728410	12.983145	0.000000	0.000000
563.772133	12.979423	0.000000	0.000000
563.814116	12.979423	0.000000	0.000000
563.852855	12.979423	0.000000	0.000000
563.894213	13.001185	0.000000	0.000000
563.936899	13.001185	0.000000	0.000000
563.977108	13.001185	0.000000	0.000000
564.017389	13.001185	0.000000	0.000000
564.060841	12.979976	0.000000	0.000000
564.106129	12.979976	0.000000	0.000000
564.144363	12.979976	0.000000	0.000000
564.190544	12.984687	0.000000	0.000000
564.230851	12.984687	0.000000	0.000000
564.307955	12.983115	0.000000	0.000000
564.350681	12.983115	0.000000	0.000000
564.386551	12.983115	0.000000	0.000000
564.430079	12.995526	0.000000	0.000000
564.474546	12.995526	0.000000	0.000000
564.543575	12.995526	0.000000	0.000000
564.586770	13.018186	0.000000	0.000000
564.624561	13.018186	0.000000	0.000000
564.667605	13.018186	0.000000	0.000000
564.708809	13.015074	0.000000	0.000000
564.758478	13.015074	0.000000	0.000000
564.794620	13.015074	0.000000	0.000000
564.834201	12.993227	0.000000	0.000000
564.881320	12.993227	0.000000	0.000000
564.920857	12.993227	0.000000	0.000000
564.963655	13.019724	0.000000	0.000000
565.029986	13.019724	0.000000	0.000000
565.067676	13.019724	0.000000	0.000000
565.111298	13.008168	0.000000	0.000000
565.151099	13.008168	0.000000	0.000000
565.191440	13.008168	0.000000	0.000000
565.231339	13.025205	0.000000	0.000000
565.273186	13.025205	0.000000	0.000000
565.312061	13.025205	0.000000	0.000000
565.349339	13.025205	0.000000	0.000000
565.396813	13.035135	0.000000	0.000000
565.434316	13.035135	0.000000	0.000000
565.472957	13.035135	0.000000	0.000000
565.547364	13.014533	0.000000	0.000000
565.587565	13.014533	0.000000	0.000000
565.627610	13.029439	0.000000	0.000000
565.671593	13.029439	0.000000	0.000000
565.709083	13.029439	0.000000	0.000000
565.746417	13.029439	0.000000	0.000000
565.792333	13.029776	0.000000	0.000000
565.835068	13.029776	0.000000	0.000000
565.875038	13.029776	0.000000	0.000000
565.949951	13.053735	0.000000	0.000000
565.987912	13.053735	0.000000	0.000000
566.033269	13.043567	0.000000	0.000000
566.076904	13.043567	0.000000	0.000000
566.136958	13.043567	0.000000	0.000000
566.181707	13.046345	0.000000	0.000000
566.222698	13.046345	0.000000	0.000000
566.266694	13.046345	0.000000	0.000000
566.312157	13.048617	0.000000	0.000000
566.373493	13.048617	0.000000	0.000000
566.414883	13.048617	0.000000	0.000000
566.456445	13.061970	0.000000	0.000000
566.496122	13.061970	0.000000	0.000000
566.536830	13.061970	0.000000	0.000000
566.575848	13.070203	0.000000	0.000000
566.615415	13.070203	0.000000	0.000000
566.654769	13.070203	0.000000	0.000000
566.700108	13.063715	0.000000	0.000000
566.737668	13.063715	0.000000	0.000000
566.776124	13.063715	0.000000	0.000000
566.817373	13.063715	0.000000	0.000000
566.859245	13.066733	0.000000	0.000000
566.923345	13.066733	0.000000	0.000000
566.966266	13.083625	0.000000	0.000000
567.007426	13.083625	0.000000	0.000000
567.047500	13.083625	0.000000	0.000000
567.087464	13.104619	0.000000	0.000000
567.131946	13.104619	0.000000	0.000000
567.170382	13.104619	0.000000	0.000000
567.211396	13.104619	0.000000	0.000000
567.256558	13.121704	0.000000	0.000000
567.303581	13.121704	0.000000	0.000000
567.344979	13.121704	0.000000	0.000000
567.385188	13.095951	0.000000	0.000000
567.427958	13.095951	0.000000	0.000000
567.467149	13.095951	0.000000	0.000000
567.535180	13.120148	0.000000	0.000000
567.577637	13.120148	0.000000	0.000000
567.616493	13.126995	0.000000	0.000000
567.661501	13.126995	0.000000	0.000000
567.702561	13.126995	0.000000	0.000000
567.771404	13.136910	0.000000	0.000000
567.814115	13.136910	0.000000	0.000000
567.851037	13.136910	0.000000	0.000000
567.896538	13.149785	0.000000	0.000000
567.937459	13.149785	0.000000	0.000000
568.002047	13.149785	0.000000	0.000000
568.047227	13.134093	0.000000	0.000000
568.087544	13.134093	0.000000	0.000000
568.131876	13.134093	0.000000	0.000000
568.171359	13.153665	0.000000	0.000000
568.210931	13.153665	0.000000	0.000000
568.272212	13.153665	0.000000	0.000000
568.317332	13.166397	0.000000	0.000000
568.355275	13.166397	0.000000	0.000000
568.398947	13.166397	0.000000	0.000000
568.440660	13.168827	0.000000	0.000000
568.491585	13.168827	0.000000	0.000000
568.528123	13.168827	0.000000	0.000000
568.571226	13.167035	0.000000	0.000000
568.614927	13.167035	0.000000	0.000000
568.654457	13.167035	0.000000	0.000000
568.729392	13.183433	0.000000	0.000000
568.769657	13.183433	0.000000	0.000000
568.807714	13.183433	0.000000	0.000000
568.852388	13.191455	0.000000	0.000000
568.894138	13.191455	0.000000	0.000000
568.932728	13.191455	0.000000	0.000000
568.973504	13.193210	0.000000	0.000000
569.011426	13.193210	0.000000	0.000000
569.051036	13.193210	0.000000	0.000000
569.095326	13.214410	0.000000	0.000000
569.136007	13.214410	0.000000	0.000000
569.179147	13.214410	0.000000	0.000000
569.218731	13.187020	0.000000	0.000000
569.274704	13.187020	0.000000	0.000000
569.312491	13.187020	0.000000	0.000000
569.354250	13.187020	0.000000	0.000000
569.399617	13.183163	0.000000	0.000000
569.460948	13.183163	0.000000	0.000000
569.506213	13.192079	0.000000	0.000000
569.546288	13.192079	0.000000	0.000000
569.587627	13.192079	0.000000	0.000000
569.628482	13.204788	0.000000	0.000000
569.675106	13.204788	0.000000	0.000000
569.712502	13.204788	0.000000	0.000000
569.754826	13.204788	0.000000	0.000000
569.798820	13.223290	0.000000	0.000000
569.867700	13.223290	0.000000	0.000000
569.912086	13.215036	0.000000	0.000000
569.950280	13.215036	0.000000	0.000000
569.989028	13.215036	0.000000	0.000000
570.036162	13.204823	0.000000	0.000000
570.076771	13.204823	0.000000	0.000000
570.135497	13.204823	0.000000	0.000000
570.179340	13.209640	0.000000	0.000000
570.220932	13.209640	0.000000	0.000000
570.263923	13.209640	0.000000	0.000000
570.308636	13.208269	0.000000	0.000000
570.370348	13.208269	0.000000	0.000000
570.413622	13.220500	0.000000	0.000000
570.454705	13.220500	0.000000	0.000000
570.496650	13.220500	0.000000	0.000000
570.533274	13.220500	0.000000	0.000000
570.606363	13.203612	0.000000	0.000000
570.650012	13.203612	0.000000	0.000000
570.688899	13.218230	0.000000	0.000000
570.733482	13.218230	0.000000	0.000000
570.773549	13.218230	0.000000	0.000000
570.845243	13.215022	0.000000	0.000000
570.888060	13.215022	0.000000	0.000000
570.925740	13.215022	0.000000	0.000000
570.973734	13.235743	0.000000	0.000000
571.015133	13.235743	0.000000	0.000000
571.077349	13.235743	0.000000	0.000000
571.124111	13.215547	0.000000	0.000000
571.163045	13.215547	0.000000	0.000000
571.202118	13.215547	0.000000	0.000000
571.249998	13.211388	0.000000	0.000000
571.292915	13.211388	0.000000	0.000000
571.330836	13.211388	0.000000	0.000000
571.377404	13.100878	0.000000	0.000000
571.418293	13.100878	0.000000	0.000000
571.480294	13.100878	0.000000	0.000000
571.523434	13.086727	0.000000	0.000000
571.562343	13.086727	0.000000	0.000000
571.606679	13.086727	0.000000	0.000000
571.648954	13.111001	0.000000	0.000000
571.696452	13.111001	0.000000	0.000000
571.732952	13.111001	0.000000	0.000000
571.773197	13.095657	0.000000	0.000000
571.817028	13.095657	0.000000	0.000000
571.855683	13.095657	0.000000	0.000000
571.924855	13.089795	0.000000	0.000000
571.964729	13.089795	0.000000	0.000000
572.002021	13.089795	0.000000	0.000000
572.044739	13.063702	0.000000	0.000000
572.084247	13.063702	0.000000	0.000000
572.123983	13.063702	0.000000	0.000000
572.164708	13.063890	0.000000	0.000000
572.210810	13.063890	0.000000	0.000000
572.248973	13.063890	0.000000	0.000000
572.318502	13.094852	0.000000	0.000000
572.358809	13.094852	0.000000	0.000000
572.396568	13.094852	0.000000	0.000000
572.437041	13.054655	0.000000	0.000000
572.478555	13.054655	0.000000	0.000000
572.516657	13.054655	0.000000	0.000000
572.554320	13.054655	0.000000	0.000000
572.603073	13.045353	0.000000	0.000000
572.639564	13.045353	0.000000	0.000000
572.680503	13.045353	0.000000	0.000000
572.742523	13.044776	0.000000	0.000000
572.778984	13.044776	0.000000	0.000000
572.819642	13.028380	0.000000	0.000000
572.859478	13.028380	0.000000	0.000000
572.899240	13.028380	0.000000	0.000000
572.935414	13.028380	0.000000	0.000000
572.981951	13.051657	0.000000	0.000000
573.020578	13.051657	0.000000	0.000000
573.087059	13.031330	0.000000	0.000000
573.126497	13.031330	0.000000	0.000000
573.171650	13.031330	0.000000	0.000000
573.209760	13.031330	0.000000	0.000000
573.251132	13.003714	0.000000	0.000000
573.321717	13.003714	0.000000	0.000000
573.363265	13.027926	0.000000	0.000000
573.405303	13.027926	0.000000	0.000000
573.445797	13.027926	0.000000	0.000000
573.486081	13.033486	0.000000	0.000000
573.527719	13.033486	0.000000	0.000000
573.568895	13.033486	0.000000	0.000000
573.605768	13.033486	0.000000	0.000000
573.655725	13.045569	0.000000	0.000000
573.693324	13.045569	0.000000	0.000000
573.733306	13.045569	0.000000	0.000000
573.806058	13.014278	0.000000	0.000000
573.846780	13.014278	0.000000	0.000000
573.886242	13.037629	0.000000	0.000000
573.925976	13.037629	0.000000	0.000000
573.964610	13.037629	0.000000	0.000000
574.001239	13.037629	0.000000	0.000000
574.047228	13.030231	0.000000	0.000000
574.085698	13.030231	0.000000	0.000000
574.124590	13.030231	0.000000	0.000000
574.194796	13.031712	0.000000	0.000000
574.233888	13.031712	0.000000	0.000000
574.274082	13.031712	0.000000	0.000000
574.320446	13.055699	0.000000	0.000000
574.358156	13.055699	0.000000	0.000000
574.400855	13.055699	0.000000	0.000000
574.445613	13.022845	0.000000	0.000000
574.492202	13.022845	0.000000	0.000000
574.534445	13.022845	0.000000	0.000000
574.574544	13.030255	0.000000	0.000000
574.618541	13.030255	0.000000	0.000000
574.657346	13.030255	0.000000	0.000000
574.725283	13.051737	0.000000	0.000000
574.768693	13.051737	0.000000	0.000000
574.806320	13.051737	0.000000	0.000000
574.852498	13.057770	0.000000	0.000000
574.888645	13.057770	0.000000	0.000000
574.957342	13.051460	0.000000	0.000000
574.998849	13.051460	0.000000	0.000000
575.038462	13.051460	0.000000	0.000000
575.076748	13.051460	0.000000	0.000000
575.120365	13.045693	0.000000	0.000000
575.158592	13.045693	0.000000	0.000000
575.200730	13.045693	0.000000	0.000000
575.247762	13.042091	0.000000	0.000000
575.285367	13.042091	0.000000	0.000000
575.329184	13.042091	0.000000	0.000000
575.369071	13.050315	0.000000	0.000000
575.417829	13.050315	0.000000	0.000000
575.454926	13.050315	0.000000	0.000000
575.495902	13.079240	0.000000	0.000000
575.568390	13.079240	0.000000	0.000000
575.608402	13.079240	0.000000	0.000000
575.652545	13.072844	0.000000	0.000000
575.694291	13.072844	0.000000	0.000000
575.731684	13.072844	0.000000	0.000000
575.774476	13.056141	0.000000	0.000000
575.816338	13.056141	0.000000	0.000000
575.854282	13.056141	0.000000	0.000000
575.897455	13.057156	0.000000	0.000000
575.937095	13.057156	0.000000	0.000000
575.977431	13.057156	0.000000	0.000000
576.022274	13.078790	0.000000	0.000000
576.061108	13.078790	0.000000	0.000000
576.108061	13.078790	0.000000	0.000000
576.147664	13.078790	0.000000	0.000000
576.197499	13.094653	0.000000	0.000000
576.235643	13.094653	0.000000	0.000000
576.275443	13.094653	0.000000	0.000000
576.323912	13.094757	0.000000	0.000000
576.365205	13.094757	0.000000	0.000000
576.404843	13.094757	0.000000	0.000000
576.472159	13.076698	0.000000	0.000000
576.509224	13.076698	0.000000	0.000000
576.547431	13.076698	0.000000	0.000000
576.590180	13.087570	0.000000	0.000000
576.630738	13.087570	0.000000	0.000000
576.668587	13.087570	0.000000	0.000000
576.714613	13.112880	0.000000	0.000000
576.752831	13.112880	0.000000	0.000000
576.798188	13.112880	0.000000	0.000000
576.838056	13.119322	0.000000	0.000000
576.880378	13.119322	0.000000	0.000000
576.917134	13.119322	0.000000	0.000000
576.992923	13.108880	0.000000	0.000000
577.033123	13.108880	0.000000	0.000000
577.071357	13.108880	0.000000	0.000000
577.120176	13.115271	0.000000	0.000000
577.158177	13.115271	0.000000	0.000000
577.229676	13.117397	0.000000	0.000000
577.275652	13.117397	0.000000	0.000000
577.314037	13.117397	0.000000	0.000000
577.357140	13.124160	0.000000	0.000000
577.399407	13.124160	0.000000	0.000000
577.463315	13.124160	0.000000	0.000000
577.508426	13.130709	0.000000	0.000000
577.545792	13.130709	0.000000	0.000000
577.588018	13.130709	0.000000	0.000000
577.628052	13.113722	0.000000	0.000000
577.677181	13.113722	0.000000	0.000000
577.714798	13.113722	0.000000	0.000000
577.753870	13.113722	0.000000	0.000000
577.804568	13.106274	0.000000	0.000000
577.844296	13.106274	0.000000	0.000000
577.906521	13.144702	0.000000	0.000000
577.952102	13.144702	0.000000	0.000000
577.989559	13.144702	0.000000	0.000000
578.030825	13.153812	0.000000	0.000000
578.071810	13.153812	0.000000	0.000000
578.108914	13.153812	0.000000	0.000000
578.148466	13.153812	0.000000	0.000000
578.193169	13.171258	0.000000	0.000000
578.231742	13.171258	0.000000	0.000000
578.269694	13.171258	0.000000	0.000000
578.313821	13.163813	0.000000	0.000000
578.355631	13.163813	0.000000	0.000000
578.397853	13.163813	0.000000	0.000000
578.439743	13.182396	0.000000	0.000000
578.483884	13.182396	0.000000	0.000000
578.523020	13.182396	0.000000	0.000000
578.597083	13.199715	0.000000	0.000000
578.640040	13.199715	0.000000	0.000000
578.677481	13.199715	0.000000	0.000000
578.722758	13.206270	0.000000	0.000000
578.762480	13.206270	0.000000	0.000000
578.831646	13.200956	0.000000	0.000000
578.876095	13.200956	0.000000	0.000000
578.912901	13.200956	0.000000	0.000000
578.956609	13.206738	0.000000	0.000000
579.000934	13.206738	0.000000	0.000000
579.061507	13.206738	0.000000	0.000000
579.101474	13.204778	0.000000	0.000000
579.139782	13.204778	0.000000	0.000000
579.179157	13.204778	0.000000	0.000000
579.216616	13.208048	0.000000	0.000000
579.256438	13.208048	0.000000	0.000000
579.297581	13.208048	0.000000	0.000000
579.335294	13.208048	0.000000	0.000000
579.375384	13.256836	0.000000	0.000000
579.414466	13.256836	0.000000	0.000000
579.455180	13.256836	0.000000	0.000000
579.500683	13.237835	0.000000	0.000000
579.540168	13.237835	0.000000	0.000000
579.576306	13.237835	0.000000	0.000000
579.645401	13.212333	0.000000	0.000000
579.685365	13.212333	0.000000	0.000000
579.723104	13.212333	0.000000	0.000000
579.766954	13.239104	0.000000	0.000000
579.809413	13.239104	0.000000	0.000000
579.844696	13.239104	0.000000	0.000000
579.883760	13.237865	0.000000	0.000000
579.926456	13.237865	0.000000	0.000000
579.966578	13.237865	0.000000	0.000000
580.006047	13.237865	0.000000	0.000000
580.046877	13.248143	0.000000	0.000000
580.087015	13.248143	0.000000	0.000000
580.124504	13.248143	0.000000	0.000000
580.166623	13.259972	0.000000	0.000000
580.207853	13.259972	0.000000	0.000000
580.246829	13.259972	0.000000	0.000000
580.287430	13.263017	0.000000	0.000000
580.330422	13.263017	0.000000	0.000000
580.371618	13.263017	0.000000	0.000000
580.410071	13.263017	0.000000	0.000000
580.451233	13.246401	0.000000	0.000000
580.490014	13.246401	0.000000	0.000000
580.528926	13.246401	0.000000	0.000000
580.572575	13.253483	0.000000	0.000000
580.611112	13.253483	0.000000	0.000000
580.652552	13.253483	0.000000	0.000000
580.691734	13.270777	0.000000	0.000000
580.764213	13.270777	0.000000	0.000000
580.801032	13.270777	0.000000	0.000000
580.845170	13.265403	0.000000	0.000000
580.887955	13.265403	0.000000	0.000000
580.925066	13.265403	0.000000	0.000000
580.974042	13.264929	0.000000	0.000000
581.014170	13.264929	0.000000	0.000000
581.079071	13.264929	0.000000	0.000000
581.123128	13.267551	0.000000	0.000000
581.161506	13.267551	0.000000	0.000000
581.201279	13.267551	0.000000	0.000000
581.251108	13.266752	0.000000	0.000000
581.290240	13.266752	0.000000	0.000000
581.364794	13.284981	0.000000	0.000000
581.406655	13.284981	0.000000	0.000000
581.443638	13.284981	0.000000	0.000000
581.482565	13.284981	0.000000	0.000000
581.525916	13.256912	0.000000	0.000000
581.566348	13.256912	0.000000	0.000000
581.604972	13.256912	0.000000	0.000000
581.647707	13.272408	0.000000	0.000000
581.686940	13.272408	0.000000	0.000000
581.725556	13.272408	0.000000	0.000000
581.768705	13.259150	0.000000	0.000000
581.808738	13.259150	0.000000	0.000000
581.848024	13.259150	0.000000	0.000000
581.888337	13.261170	0.000000	0.000000
581.932292	13.261170	0.000000	0.000000
581.971608	13.261170	0.000000	0.000000
582.038215	13.284120	0.000000	0.000000
582.080040	13.284120	0.000000	0.000000
582.116302	13.284120	0.000000	0.000000
582.161776	13.138861	0.000000	0.000000
582.201935	13.138861	0.000000	0.000000
582.268131	13.138861	0.000000	0.000000
582.312337	13.151931	0.000000	0.000000
582.352113	13.151931	0.000000	0.000000
582.394678	13.151931	0.000000	0.000000
582.434115	13.132234	0.000000	0.000000
582.476058	13.132234	0.000000	0.000000
582.537360	13.132234	0.000000	0.000000
582.578986	13.142307	0.000000	0.000000
582.617260	13.142307	0.000000	0.000000
582.655165	13.142307	0.000000	0.000000
582.695242	13.152991	0.000000	0.000000
582.738089	13.152991	0.000000	0.000000
582.775568	13.152991	0.000000	0.000000
582.814506	13.119720	0.000000	0.000000
582.864567	13.119720	0.000000	0.000000
582.900518	13.119720	0.000000	0.000000
582.939295	13.119720	0.000000	0.000000
583.010956	13.136003	0.000000	0.000000
583.049491	13.136003	0.000000	0.000000
583.092774	13.119238	0.000000	0.000000
583.132255	13.119238	0.000000	0.000000
583.173639	13.119238	0.000000	0.000000
583.214783	13.112161	0.000000	0.000000
583.288372	13.112161	0.000000	0.000000
583.330832	13.112161	0.000000	0.000000
583.373368	13.096728	0.000000	0.000000
583.417176	13.096728	0.000000	0.000000
583.462394	13.096728	0.000000	0.000000
583.505853	13.089790	0.000000	0.000000
583.551665	13.089790	0.000000	0.000000
583.588882	13.089790	0.000000	0.000000
583.635448	13.079789	0.000000	0.000000
583.680016	13.079789	0.000000	0.000000
583.743016	13.087890	0.000000	0.000000
583.786978	13.087890	0.000000	0.000000
583.823047	13.087890	0.000000	0.000000
583.861845	13.087890	0.000000	0.000000
583.908576	13.096831	0.000000	0.000000
583.947958	13.096831	0.000000	0.000000
584.011332	13.096831	0.000000	0.000000
584.054601	13.056800	0.000000	0.000000
584.093043	13.056800	0.000000	0.000000
584.132719	13.056800	0.000000	0.000000
584.174962	13.065285	0.000000	0.000000
584.214294	13.065285	0.000000	0.000000
584.250570	13.065285	0.000000	0.000000
584.295469	13.062654	0.000000	0.000000
584.337409	13.062654	0.000000	0.000000
584.402109	13.062654	0.000000	0.000000
584.448389	13.076580	0.000000	0.000000
584.485316	13.076580	0.000000	0.000000
584.524180	13.076580	0.000000	0.000000
584.570971	13.072683	0.000000	0.000000
584.610831	13.072683	0.000000	0.000000
584.668896	13.072683	0.000000	0.000000
584.710417	13.076385	0.000000	0.000000
584.748919	13.076385	0.000000	0.000000
584.788078	13.076385	0.000000	0.000000
584.832222	13.062301	0.000000	0.000000
584.876357	13.062301	0.000000	0.000000
584.913251	13.062301	0.000000	0.000000
584.958338	13.065888	0.000000	0.000000
584.997758	13.065888	0.000000	0.000000
585.059315	13.065888	0.000000	0.000000
585.104333	13.096649	0.000000	0.000000
585.143804	13.096649	0.000000	0.000000
585.187000	13.096649	0.000000	0.000000
585.228704	13.097008	0.000000	0.000000
585.275478	13.097008	0.000000	0.000000
585.312928	13.097008	0.000000	0.000000
585.356107	13.083163	0.000000	0.000000
585.396284	13.083163	0.000000	0.000000
585.466337	13.083163	0.000000	0.000000
585.512033	13.083336	0.000000	0.000000
585.550097	13.083336	0.000000	0.000000
585.592523	13.083336	0.000000	0.000000
585.633811	13.068601	0.000000	0.000000
585.683856	13.068601	0.000000	0.000000
585.721205	13.068601	0.000000	0.000000
585.763632	13.083270	0.000000	0.000000
585.807467	13.083270	0.000000	0.000000
585.847269	13.083270	0.000000	0.000000
585.922756	13.104330	0.000000	0.000000
585.963408	13.104330	0.000000	0.000000
586.000872	13.104330	0.000000	0.000000
586.044746	13.080190	0.000000	0.000000
586.086889	13.080190	0.000000	0.000000
586.124471	13.080190	0.000000	0.000000
586.172237	13.095624	0.000000	0.000000
586.208746	13.095624	0.000000	0.000000
586.246955	13.095624	0.000000	0.000000
586.314223	13.096107	0.000000	0.000000
586.356558	13.096107	0.000000	0.000000
586.396046	13.096107	0.000000	0.000000
586.437687	13.116018	0.000000	0.000000
586.478464	13.116018	0.000000	0.000000
586.520392	13.116018	0.000000	0.000000
586.568134	13.118751	0.000000	0.000000
586.605121	13.118751	0.000000	0.000000
586.647595	13.118751	0.000000	0.000000
586.684263	13.097289	0.000000	0.000000
586.730819	13.097289	0.000000	0.000000
586.770026	13.097289	0.000000	0.000000
586.816549	13.131123	0.000000	0.000000
586.856304	13.131123	0.000000	0.000000
586.893544	13.131123	0.000000	0.000000
586.937675	13.131123	0.000000	0.000000
586.977616	13.129107	0.000000	0.000000
587.046013	13.129107	0.000000	0.000000
587.086246	13.135295	0.000000	0.000000
587.126582	13.135295	0.000000	0.000000
587.165267	13.135295	0.000000	0.000000
587.204642	13.135295	0.000000	0.000000
587.252524	13.129935	0.000000	0.000000
587.289057	13.129935	0.000000	0.000000
587.332201	13.129935	0.000000	0.000000
587.381672	13.120829	0.000000	0.000000
587.447871	13.120829	0.000000	0.000000
587.486896	13.148515	0.000000	0.000000
587.535862	13.148515	0.000000	0.000000
587.573350	13.148515	0.000000	0.000000
587.619246	13.132498	0.000000	0.000000
587.660505	13.132498	0.000000	0.000000
587.732132	13.132498	0.000000	0.000000
587.775651	13.161340	0.000000	0.000000
587.813463	13.161340	0.000000	0.000000
587.854556	13.161340	0.000000	0.000000
587.896635	13.169100	0.000000	0.000000
587.969815	13.169100	0.000000	0.000000
588.010859	13.136983	0.000000	0.000000
588.051738	13.136983	0.000000	0.000000
588.094619	13.136983	0.000000	0.000000
588.135174	13.136983	0.000000	0.000000
588.203704	13.153550	0.000000	0.000000
588.242513	13.153550	0.000000	0.000000
588.280146	13.153550	0.000000	0.000000
588.326931	13.158058	0.000000	0.000000
588.368855	13.158058	0.000000	0.000000
588.440836	13.176785	0.000000	0.000000
588.485973	13.176785	0.000000	0.000000
588.521999	13.176785	0.000000	0.000000
588.570011	13.162749	0.000000	0.000000
588.610032	13.162749	0.000000	0.000000
588.672824	13.162749	0.000000	0.000000
588.716410	13.183614	0.000000	0.000000
588.754674	13.183614	0.000000	0.000000
588.793851	13.183614	0.000000	0.000000
588.841972	13.181779	0.000000	0.000000
588.881592	13.181779	0.000000	0.000000
588.942514	13.206801	0.000000	0.000000
588.987603	13.206801	0.000000	0.000000
589.024915	13.206801	0.000000	0.000000
589.062284	13.206801	0.000000	0.000000
589.107789	13.227963	0.000000	0.000000
589.147766	13.227963	0.000000	0.000000
589.190050	13.227963	0.000000	0.000000
589.231467	13.198060	0.000000	0.000000
589.290322	13.198060	0.000000	0.000000
589.333052	13.198060	0.000000	0.000000
589.374833	13.213669	0.000000	0.000000
589.418763	13.213669	0.000000	0.000000
589.458105	13.213669	0.000000	0.000000
589.523356	13.232971	0.000000	0.000000
589.565259	13.232971	0.000000	0.000000
589.601911	13.232971	0.000000	0.000000
589.648872	13.228900	0.000000	0.000000
589.688851	13.228900	0.000000	0.000000
589.755544	13.248663	0.000000	0.000000
589.796931	13.248663	0.000000	0.000000
589.833272	13.248663	0.000000	0.000000
589.870862	13.248663	0.000000	0.000000
589.914927	13.260739	0.000000	0.000000
589.954164	13.260739	0.000000	0.000000
589.995508	13.260739	0.000000	0.000000
590.039725	13.249381	0.000000	0.000000
590.086989	13.249381	0.000000	0.000000
590.128771	13.249381	0.000000	0.000000
590.167790	13.261315	0.000000	0.000000
590.211006	13.261315	0.000000	0.000000
590.249400	13.261315	0.000000	0.000000
590.317350	13.279133	0.000000	0.000000
590.360319	13.279133	0.000000	0.000000
590.397875	13.279133	0.000000	0.000000
590.444896	13.285164	0.000000	0.000000
590.483914	13.285164	0.000000	0.000000
590.554181	13.289765	0.000000	0.000000
590.597424	13.289765	0.000000	0.000000
590.636806	13.289765	0.000000	0.000000
590.679864	13.289765	0.000000	0.000000
590.722608	13.266655	0.000000	0.000000
590.785868	13.266655	0.000000	0.000000
590.830984	13.285027	0.000000	0.000000
590.872707	13.285027	0.000000	0.000000
590.916943	13.285027	0.000000	0.000000
590.956812	13.302296	0.000000	0.000000
591.007461	13.302296	0.000000	0.000000
591.043614	13.302296	0.000000	0.000000
591.082718	13.302296	0.000000	0.000000
591.128574	13.302547	0.000000	0.000000
591.171142	13.302547	0.000000	0.000000
591.241399	13.299626	0.000000	0.000000
591.282151	13.299626	0.000000	0.000000
591.320405	13.299626	0.000000	0.000000
591.364089	13.297185	0.000000	0.000000
591.406135	13.297185	0.000000	0.000000
591.444184	13.297185	0.000000	0.000000
591.483267	13.297185	0.000000	0.000000
591.525525	13.295917	0.000000	0.000000
591.565855	13.295917	0.000000	0.000000
591.603022	13.295917	0.000000	0.000000
591.645399	13.315952	0.000000	0.000000
591.685317	13.315952	0.000000	0.000000
591.723488	13.315952	0.000000	0.000000
591.764151	13.306928	0.000000	0.000000
591.805576	13.306928	0.000000	0.000000
591.844198	13.306928	0.000000	0.000000
591.881667	13.306928	0.000000	0.000000
591.921922	13.303392	0.000000	0.000000
591.960794	13.303392	0.000000	0.000000
591.997930	13.303392	0.000000	0.000000
592.040670	13.297520	0.000000	0.000000
592.079742	13.297520	0.000000	0.000000
592.117438	13.297520	0.000000	0.000000
592.158951	13.317037	0.000000	0.000000
592.198352	13.317037	0.000000	0.000000
592.241246	13.317037	0.000000	0.000000
592.280164	13.338610	0.000000	0.000000
592.320395	13.338610	0.000000	0.000000
592.360030	13.338610	0.000000	0.000000
592.398833	13.338610	0.000000	0.000000
592.465513	13.315458	0.000000	0.000000
592.504622	13.315458	0.000000	0.000000
592.548996	13.301892	0.000000	0.000000
592.590567	13.301892	0.000000	0.000000
592.633755	13.301892	0.000000	0.000000
592.672520	13.304554	0.000000	0.000000
592.722242	13.304554	0.000000	0.000000
592.758124	13.304554	0.000000	0.000000
592.800458	13.304554	0.000000	0.000000
592.842681	13.297415	0.000000	0.000000
592.914672	13.297415	0.000000	0.000000
592.958785	13.338070	0.000000	0.000000
592.999421	13.338070	0.000000	0.000000
593.042063	13.338070	0.000000	0.000000
593.082399	13.304925	0.000000	0.000000
593.127993	13.304925	0.000000	0.000000
593.164618	13.304925	0.000000	0.000000
593.204917	13.304925	0.000000	0.000000
593.248347	13.181978	0.000000	0.000000
593.322115	13.181978	0.000000	0.000000
593.367690	13.189272	0.000000	0.000000
593.406933	13.189272	0.000000	0.000000
593.446099	13.189272	0.000000	0.000000
593.492286	13.183848	0.000000	0.000000
593.534314	13.183848	0.000000	0.000000
593.605452	13.183848	0.000000	0.000000
593.648193	13.190395	0.000000	0.000000
593.689605	13.190395	0.000000	0.000000
593.727582	13.190395	0.000000	0.000000
593.773775	13.175287	0.000000	0.000000
593.813078	13.175287	0.000000	0.000000
593.886903	13.173912	0.000000	0.000000
593.928798	13.173912	0.000000	0.000000
593.965619	13.173912	0.000000	0.000000
594.003074	13.173912	0.000000	0.000000
594.049445	13.171613	0.000000	0.000000
594.085628	13.171613	0.000000	0.000000
594.127659	13.171613	0.000000	0.000000
594.172440	13.185807	0.000000	0.000000
594.217975	13.185807	0.000000	0.000000
594.258306	13.185807	0.000000	0.000000
594.300280	13.170076	0.000000	0.000000
594.341759	13.170076	0.000000	0.000000
594.399766	13.170076	0.000000	0.000000
594.449132	13.137007	0.000000	0.000000
594.489525	13.137007	0.000000	0.000000
594.526196	13.137007	0.000000	0.000000
594.570262	13.145793	0.000000	0.000000
594.611812	13.145793	0.000000	0.000000
594.650688	13.145793	0.000000	0.000000
594.698528	13.122276	0.000000	0.000000
594.735913	13.122276	0.000000	0.000000
594.796617	13.122276	0.000000	0.000000
594.838219	13.126339	0.000000	0.000000
594.884198	13.126339	0.000000	0.000000
594.920872	13.126339	0.000000	0.000000
594.961371	13.150097	0.000000	0.000000
595.028737	13.150097	0.000000	0.000000
595.068085	13.097112	0.000000	0.000000
595.111524	13.097112	0.000000	0.000000
595.155199	13.097112	0.000000	0.000000
595.190856	13.097112	0.000000	0.000000
595.235031	13.115146	0.000000	0.000000
595.277385	13.115146	0.000000	0.000000
595.316293	13.115146	0.000000	0.000000
595.357862	13.117774	0.000000	0.000000
595.395218	13.117774	0.000000	0.000000
595.434363	13.117774	0.000000	0.000000
595.478130	13.130444	0.000000	0.000000
595.519123	13.130444	0.000000	0.000000
595.562992	13.130444	0.000000	0.000000
595.599926	13.130444	0.000000	0.000000
595.647978	13.117806	0.000000	0.000000
595.686085	13.117806	0.000000	0.000000
595.721077	13.117806	0.000000	0.000000
595.766344	13.105108	0.000000	0.000000
595.807726	13.105108	0.000000	0.000000
595.847143	13.105108	0.000000	0.000000
595.890349	13.108635	0.000000	0.000000
595.931458	13.108635	0.000000	0.000000
595.968829	13.108635	0.000000	0.000000
596.034909	13.127760	0.000000	0.000000
596.075207	13.127760	0.000000	0.000000
596.116324	13.127760	0.000000	0.000000
596.157339	13.146600	0.000000	0.000000
596.198159	13.146600	0.000000	0.000000
596.235765	13.146600	0.000000	0.000000
596.275718	13.130678	0.000000	0.000000
596.318036	13.130678	0.000000	0.000000
596.358858	13.130678	0.000000	0.000000
596.396653	13.130678	0.000000	0.000000
596.440071	13.113758	0.000000	0.000000
596.479822	13.113758	0.000000	0.000000
596.522547	13.113758	0.000000	0.000000
596.562615	13.127930	0.000000	0.000000
596.605584	13.127930	0.000000	0.000000
596.645482	13.127930	0.000000	0.000000
596.717740	13.116830	0.000000	0.000000
596.759214	13.116830	0.000000	0.000000
596.796496	13.116830	0.000000	0.000000
596.842824	13.153331	0.000000	0.000000
596.883671	13.153331	0.000000	0.000000
596.949488	13.141501	0.000000	0.000000
596.993523	13.141501	0.000000	0.000000
597.031262	13.141501	0.000000	0.000000
597.076075	13.134415	0.000000	0.000000
597.119334	13.134415	0.000000	0.000000
597.181683	13.134415	0.000000	0.000000
597.233575	13.153253	0.000000	0.000000
597.273917	13.153253	0.000000	0.000000
597.316947	13.153253	0.000000	0.000000
597.357618	13.166697	0.000000	0.000000
597.408243	13.166697	0.000000	0.000000
597.444560	13.166697	0.000000	0.000000
597.490840	13.148061	0.000000	0.000000
597.533685	13.148061	0.000000	0.000000
597.573156	13.148061	0.000000	0.000000
597.638817	13.157491	0.000000	0.000000
597.679840	13.157491	0.000000	0.000000
597.717291	13.157491	0.000000	0.000000
597.760835	13.161841	0.000000	0.000000
597.801754	13.161841	0.000000	0.000000
597.838719	13.161841	0.000000	0.000000
597.881400	13.155030	0.000000	0.000000
597.920795	13.155030	0.000000	0.000000
597.959985	13.155030	0.000000	0.000000
597.997632	13.155030	0.000000	0.000000
598.039955	13.179225	0.000000	0.000000
598.080567	13.179225	0.000000	0.000000
598.124167	13.179225	0.000000	0.000000
598.161963	13.186193	0.000000	0.000000
598.205396	13.186193	0.000000	0.000000
598.242507	13.186193	0.000000	0.000000
598.319734	13.151786	0.000000	0.000000
598.361995	13.151786	0.000000	0.000000
598.399320	13.151786	0.000000	0.000000
598.445886	13.173190	0.000000	0.000000
598.487344	13.173190	0.000000	0.000000
598.554455	13.175368	0.000000	0.000000
598.598248	13.175368	0.000000	0.000000
598.636893	13.175368	0.000000	0.000000
598.681046	13.195731	0.000000	0.000000
598.722343	13.195731	0.000000	0.000000
598.783494	13.195731	0.000000	0.000000
598.827345	13.201961	0.000000	0.000000
598.865632	13.201961	0.000000	0.000000
598.904680	13.201961	0.000000	0.000000
598.942152	13.198515	0.000000	0.000000
598.980327	13.198515	0.000000	0.000000
599.020871	13.198515	0.000000	0.000000
599.057999	13.198515	0.000000	0.000000
599.105285	13.202260	0.000000	0.000000
599.141871	13.202260	0.000000	0.000000
599.209252	13.202260	0.000000	0.000000
599.254327	13.206140	0.000000	0.000000
599.293584	13.206140	0.000000	0.000000
599.332397	13.206140	0.000000	0.000000
599.374739	13.228702	0.000000	0.000000
599.413339	13.228702	0.000000	0.000000
599.452033	13.228702	0.000000	0.000000
599.496858	13.208134	0.000000	0.000000
599.535324	13.208134	0.000000	0.000000
599.572669	13.208134	0.000000	0.000000
599.636458	13.208680	0.000000	0.000000
599.677812	13.208680	0.000000	0.000000
599.714519	13.208680	0.000000	0.000000
599.756990	13.202514	0.000000	0.000000
599.797282	13.202514	0.000000	0.000000
599.835916	13.202514	0.000000	0.000000
599.878223	13.224337	0.000000	0.000000
599.919339	13.224337	0.000000	0.000000
599.959040	13.224337	0.000000	0.000000
599.995728	13.224337	0.000000	0.000000
600.035822	13.223055	0.000000	0.000000
600.075625	13.223055	0.000000	0.000000
600.116683	13.223055	0.000000	0.000000
600.156703	13.245214	0.000000	0.000000
600.200980	13.245214	0.000000	0.000000
600.239512	13.245214	0.000000	0.000000
600.309021	13.231528	0.000000	0.000000
600.351030	13.231528	0.000000	0.000000
600.387146	13.231528	0.000000	0.000000
600.432908	13.257491	0.000000	0.000000
600.473731	13.257491	0.000000	0.000000
600.540438	13.272255	0.000000	0.000000
600.584948	13.272255	0.000000	0.000000
600.622608	13.272255	0.000000	0.000000
600.665325	13.272255	0.000000	0.000000
600.707959	13.290770	0.000000	0.000000
600.775229	13.290770	0.000000	0.000000
600.814430	13.273708	0.000000	0.000000
600.856028	13.273708	0.000000	0.000000
600.896906	13.273708	0.000000	0.000000
600.938398	13.273708	0.000000	0.000000
600.982245	13.282884	0.000000	0.000000
601.026877	13.282884	0.000000	0.000000
601.064626	13.282884	0.000000	0.000000
601.110778	13.283754	0.000000	0.000000
601.150237	13.283754	0.000000	0.000000
601.191554	13.283754	0.000000	0.000000
601.235464	13.291569	0.000000	0.000000
601.309439	13.291569	0.000000	0.000000
601.354819	13.307259	0.000000	0.000000
601.395954	13.307259	0.000000	0.000000
601.438692	13.307259	0.000000	0.000000
601.480281	13.300405	0.000000	0.000000
601.528016	13.300405	0.000000	0.000000
601.565870	13.300405	0.000000	0.000000
601.606506	13.300405	0.000000	0.000000
601.650032	13.329070	0.000000	0.000000
601.715362	13.329070	0.000000	0.000000
601.761095	13.324400	0.000000	0.000000
601.799377	13.324400	0.000000	0.000000
601.842671	13.324400	0.000000	0.000000
601.885208	13.327391	0.000000	0.000000
601.934024	13.327391	0.000000	0.000000
601.971287	13.327391	0.000000	0.000000
602.009848	13.344822	0.000000	0.000000
602.056681	13.344822	0.000000	0.000000
602.095103	13.344822	0.000000	0.000000
602.155931	13.313887	0.000000	0.000000
602.197257	13.313887	0.000000	0.000000
602.233819	13.313887	0.000000	0.000000
602.275349	13.330392	0.000000	0.000000
602.317489	13.330392	0.000000	0.000000
602.357079	13.330392	0.000000	0.000000
602.394141	13.330392	0.000000	0.000000
602.440358	13.331036	0.000000	0.000000
602.479231	13.331036	0.000000	0.000000
602.517406	13.331036	0.000000	0.000000
602.559085	13.354390	0.000000	0.000000
602.598681	13.354390	0.000000	0.000000
602.640306	13.354390	0.000000	0.000000
602.678819	13.340821	0.000000	0.000000
602.722232	13.340821	0.000000	0.000000
602.761255	13.340821	0.000000	0.000000
602.827290	13.352443	0.000000	0.000000
602.871173	13.352443	0.000000	0.000000
602.907762	13.352443	0.000000	0.000000
602.953290	13.358976	0.000000	0.000000
602.993652	13.358976	0.000000	0.000000
603.057722	13.358976	0.000000	0.000000
603.102136	13.333979	0.000000	0.000000
603.139283	13.333979	0.000000	0.000000
603.181585	13.333979	0.000000	0.000000
603.221813	13.365317	0.000000	0.000000
603.273253	13.365317	0.000000	0.000000
603.309054	13.365317	0.000000	0.000000
603.350867	13.370292	0.000000	0.000000
603.394922	13.370292	0.000000	0.000000
603.433757	13.370292	0.000000	0.000000
603.476723	13.341968	0.000000	0.000000
603.528262	13.341968	0.000000	0.000000
603.567037	13.341968	0.000000	0.000000
603.608797	13.341968	0.000000	0.000000
603.650020	13.340958	0.000000	0.000000
603.713126	13.340958	0.000000	0.000000
603.757062	13.348380	0.000000	0.000000
603.797283	13.348380	0.000000	0.000000
603.840077	13.348380	0.000000	0.000000
603.879493	13.365429	0.000000	0.000000
603.931698	13.365429	0.000000	0.000000
603.968933	13.365429	0.000000	0.000000
604.012789	13.365034	0.000000	0.000000
604.055387	13.365034	0.000000	0.000000
604.116938	13.365034	0.000000	0.000000
604.162744	13.358966	0.000000	0.000000
604.203033	13.358966	0.000000	0.000000
604.245736	13.358966	0.000000	0.000000
604.287459	13.339513	0.000000	0.000000
604.334298	13.339513	0.000000	0.000000
604.371771	13.339513	0.000000	0.000000
604.416256	13.247127	0.000000	0.000000
604.459291	13.247127	0.000000	0.000000
604.522142	13.247127	0.000000	0.000000
604.566126	13.257607	0.000000	0.000000
604.605678	13.257607	0.000000	0.000000
604.647748	13.257607	0.000000	0.000000
604.688431	13.226862	0.000000	0.000000
604.740106	13.226862	0.000000	0.000000
604.776794	13.226862	0.000000	0.000000
604.818918	13.228378	0.000000	0.000000
604.862794	13.228378	0.000000	0.000000
604.902586	13.228378	0.000000	0.000000
604.965481	13.227757	0.000000	0.000000
605.007207	13.227757	0.000000	0.000000
605.044054	13.227757	0.000000	0.000000
605.087358	13.215530	0.000000	0.000000
605.129000	13.215530	0.000000	0.000000
605.166677	13.215530	0.000000	0.000000
605.209651	13.209040	0.000000	0.000000
605.247727	13.209040	0.000000	0.000000
605.287807	13.209040	0.000000	0.000000
605.326659	13.209040	0.000000	0.000000
605.374688	13.216587	0.000000	0.000000
605.415515	13.216587	0.000000	0.000000
605.457796	13.216587	0.000000	0.000000
605.496737	13.198996	0.000000	0.000000
605.542239	13.198996	0.000000	0.000000
605.582706	13.198996	0.000000	0.000000
605.662277	13.211184	0.000000	0.000000
605.703095	13.211184	0.000000	0.000000
605.741095	13.189272	0.000000	0.000000
605.785396	13.189272	0.000000	0.000000
605.825018	13.189272	0.000000	0.000000
605.896577	13.182881	0.000000	0.000000
605.940505	13.182881	0.000000	0.000000
605.976878	13.182881	0.000000	0.000000
606.022306	13.166993	0.000000	0.000000
606.065504	13.166993	0.000000	0.000000
606.129315	13.166993	0.000000	0.000000
606.173053	13.157824	0.000000	0.000000
606.210639	13.157824	0.000000	0.000000
606.249990	13.157824	0.000000	0.000000
606.296832	13.167881	0.000000	0.000000
606.338211	13.167881	0.000000	0.000000
606.398080	13.169105	0.000000	0.000000
606.444046	13.169105	0.000000	0.000000
606.480876	13.169105	0.000000	0.000000
606.519156	13.169105	0.000000	0.000000
606.563922	13.181540	0.000000	0.000000
606.601828	13.181540	0.000000	0.000000
606.644650	13.181540	0.000000	0.000000
606.687654	13.162942	0.000000	0.000000
606.746006	13.162942	0.000000	0.000000
606.788619	13.162942	0.000000	0.000000
606.828571	13.165780	0.000000	0.000000
606.872637	13.165780	0.000000	0.000000
606.911259	13.165780	0.000000	0.000000
606.975887	13.147493	0.000000	0.000000
607.019177	13.147493	0.000000	0.000000
607.054986	13.147493	0.000000	0.000000
607.100397	13.181261	0.000000	0.000000
607.140440	13.181261	0.000000	0.000000
607.177605	13.181261	0.000000	0.000000
607.226832	13.169615	0.000000	0.000000
607.264290	13.169615	0.000000	0.000000
607.325749	13.169615	0.000000	0.000000
607.366384	13.170065	0.000000	0.000000
607.414413	13.170065	0.000000	0.000000
607.450812	13.170065	0.000000	0.000000
607.493530	13.172561	0.000000	0.000000
607.558220	13.172561	0.000000	0.000000
607.598585	13.174939	0.000000	0.000000
607.642757	13.174939	0.000000	0.000000
607.682359	13.174939	0.000000	0.000000
607.718522	13.174939	0.000000	0.000000
607.761110	13.200690	0.000000	0.000000
607.803703	13.200690	0.000000	0.000000
607.840941	13.200690	0.000000	0.000000
607.882823	13.169292	0.000000	0.000000
607.921471	13.169292	0.000000	0.000000
607.958742	13.169292	0.000000	0.000000
608.002148	13.172312	0.000000	0.000000
608.045133	13.172312	0.000000	0.000000
608.088462	13.172312	0.000000	0.000000
608.126135	13.172312	0.000000	0.000000
608.173407	13.172746	0.000000	0.000000
608.209836	13.172746	0.000000	0.000000
608.245641	13.172746	0.000000	0.000000
608.292018	13.174417	0.000000	0.000000
608.336181	13.174417	0.000000	0.000000
608.375266	13.174417	0.000000	0.000000
608.418315	13.205903	0.000000	0.000000
608.461081	13.205903	0.000000	0.000000
608.499274	13.205903	0.000000	0.000000
608.566952	13.179762	0.000000	0.000000
608.608534	13.179762	0.000000	0.000000
608.647225	13.179762	0.000000	0.000000
608.688947	13.186745	0.000000	0.000000
608.730604	13.186745	0.000000	0.000000
608.768995	13.186745	0.000000	0.000000
608.811172	13.184862	0.000000	0.000000
608.850762	13.184862	0.000000	0.000000
608.890888	13.184862	0.000000	0.000000
608.928732	13.184862	0.000000	0.000000
608.970802	13.207692	0.000000	0.000000
609.010659	13.207692	0.000000	0.000000
609.052071	13.207692	0.000000	0.000000
609.092158	13.209366	0.000000	0.000000
609.138578	13.209366	0.000000	0.000000
609.176445	13.209366	0.000000	0.000000
609.249079	13.201286	0.000000	0.000000
609.292307	13.201286	0.000000	0.000000
609.330756	13.201286	0.000000	0.000000
609.376277	13.201379	0.000000	0.000000
609.418019	13.201379	0.000000	0.000000
609.486060	13.204682	0.000000	0.000000
609.529396	13.204682	0.000000	0.000000
609.565166	13.204682	0.000000	0.000000
609.612165	13.219051	0.000000	0.000000
609.653805	13.219051	0.000000	0.000000
609.717630	13.219051	0.000000	0.000000
609.761866	13.233273	0.000000	0.000000
609.799371	13.233273	0.000000	0.000000
609.841247	13.233273	0.000000	0.000000
609.883125	13.216102	0.000000	0.000000
609.934231	13.216102	0.000000	0.000000
609.970108	13.216102	0.000000	0.000000
610.012309	13.227362	0.000000	0.000000
610.057448	13.227362	0.000000	0.000000
610.097158	13.227362	0.000000	0.000000
610.172924	13.236070	0.000000	0.000000
610.212430	13.236070	0.000000	0.000000
610.248352	13.236070	0.000000	0.000000
610.291780	13.242951	0.000000	0.000000
610.335471	13.242951	0.000000	0.000000
610.372823	13.242951	0.000000	0.000000
610.413505	13.246270	0.000000	0.000000
610.451271	13.246270	0.000000	0.000000
610.488916	13.246270	0.000000	0.000000
610.528327	13.246270	0.000000	0.000000
610.571563	13.248920	0.000000	0.000000
610.610530	13.248920	0.000000	0.000000
610.652729	13.248920	0.000000	0.000000
610.691204	13.233780	0.000000	0.000000
610.735107	13.233780	0.000000	0.000000
610.773622	13.233780	0.000000	0.000000
610.847437	13.238505	0.000000	0.000000
610.891052	13.238505	0.000000	0.000000
610.929251	13.238505	0.000000	0.000000
610.977649	13.266342	0.000000	0.000000
611.018635	13.266342	0.000000	0.000000
611.080872	13.260503	0.000000	0.000000
611.125009	13.260503	0.000000	0.000000
611.162153	13.260503	0.000000	0.000000
611.207326	13.261514	0.000000	0.000000
611.246448	13.261514	0.000000	0.000000
611.313110	13.261514	0.000000	0.000000
611.353498	13.270485	0.000000	0.000000
611.392693	13.270485	0.000000	0.000000
611.435402	13.270485	0.000000	0.000000
611.478150	13.269785	0.000000	0.000000
611.517573	13.269785	0.000000	0.000000
611.561932	13.269785	0.000000	0.000000
611.600808	13.312648	0.000000	0.000000
611.649800	13.312648	0.000000	0.000000
611.686820	13.312648	0.000000	0.000000
611.728077	13.312648	0.000000	0.000000
611.770155	13.307392	0.000000	0.000000
611.829124	13.307392	0.000000	0.000000
611.867985	13.307392	0.000000	0.000000
611.908195	13.304075	0.000000	0.000000
611.947804	13.304075	0.000000	0.000000
611.984802	13.304075	0.000000	0.000000
612.024267	13.298372	0.000000	0.000000
612.065907	13.298372	0.000000	0.000000
612.107120	13.298372	0.000000	0.000000
612.144372	13.331805	0.000000	0.000000
612.185061	13.331805	0.000000	0.000000
612.226209	13.331805	0.000000	0.000000
612.265802	13.331805	0.000000	0.000000
612.312319	13.335843	0.000000	0.000000
612.350115	13.335843	0.000000	0.000000
612.388024	13.335843	0.000000	0.000000
612.457098	13.318015	0.000000	0.000000
612.497159	13.318015	0.000000	0.000000
612.539841	13.318015	0.000000	0.000000
612.581631	13.342791	0.000000	0.000000
612.621090	13.342791	0.000000	0.000000
612.658549	13.342791	0.000000	0.000000
612.703901	13.345293	0.000000	0.000000
612.742161	13.345293	0.000000	0.000000
612.799533	13.360945	0.000000	0.000000
612.841579	13.360945	0.000000	0.000000
612.881605	13.360945	0.000000	0.000000
612.919129	13.360945	0.000000	0.000000
612.959255	13.361716	0.000000	0.000000
612.998731	13.361716	0.000000	0.000000
613.038556	13.361716	0.000000	0.000000
613.080807	13.355203	0.000000	0.000000
613.120235	13.355203	0.000000	0.000000
613.159375	13.355203	0.000000	0.000000
613.200898	13.363729	0.000000	0.000000
613.240725	13.363729	0.000000	0.000000
613.287041	13.363729	0.000000	0.000000
613.324189	13.363729	0.000000	0.000000
613.374310	13.360893	0.000000	0.000000
613.412842	13.360893	0.000000	0.000000
613.450686	13.360893	0.000000	0.000000
613.498012	13.378028	0.000000	0.000000
613.544319	13.378028	0.000000	0.000000
613.583031	13.378028	0.000000	0.000000
613.658587	13.380636	0.000000	0.000000
613.698995	13.380636	0.000000	0.000000
613.741643	13.378968	0.000000	0.000000
613.784702	13.378968	0.000000	0.000000
613.823091	13.378968	0.000000	0.000000
613.869606	13.383634	0.000000	0.000000
613.908688	13.383634	0.000000	0.000000
613.984629	13.383634	0.000000	0.000000
614.026216	13.396849	0.000000	0.000000
614.069042	13.396849	0.000000	0.000000
614.104816	13.396849	0.000000	0.000000
614.144986	13.406460	0.000000	0.000000
614.188483	13.406460	0.000000	0.000000
614.225816	13.406460	0.000000	0.000000
614.265239	13.406460	0.000000	0.000000
614.309020	13.391218	0.000000	0.000000
614.348888	13.391218	0.000000	0.000000
614.387036	13.391218	0.000000	0.000000
614.430153	13.409128	0.000000	0.000000
614.469779	13.409128	0.000000	0.000000
614.506979	13.409128	0.000000	0.000000
614.548610	13.397635	0.000000	0.000000
614.590914	13.397635	0.000000	0.000000
614.629345	13.397635	0.000000	0.000000
614.667024	13.387060	0.000000	0.000000
614.707876	13.387060	0.000000	0.000000
614.749370	13.387060	0.000000	0.000000
614.788156	13.387060	0.000000	0.000000
614.829217	13.407687	0.000000	0.000000
614.870271	13.407687	0.000000	0.000000
614.908051	13.407687	0.000000	0.000000
614.949181	13.408334	0.000000	0.000000
614.990351	13.408334	0.000000	0.000000
615.029532	13.408334	0.000000	0.000000
615.071012	13.386950	0.000000	0.000000
615.115507	13.386950	0.000000	0.000000
615.155242	13.386950	0.000000	0.000000
615.193507	13.386950	0.000000	0.000000
615.267556	13.392612	0.000000	0.000000
615.306659	13.392612	0.000000	0.000000
615.345388	13.410564	0.000000	0.000000
615.388730	13.410564	0.000000	0.000000
615.428108	13.410564	0.000000	0.000000
615.468216	13.410564	0.000000	0.000000
615.512289	13.414043	0.000000	0.000000
615.549788	13.414043	0.000000	0.000000
615.588516	13.414043	0.000000	0.000000
615.659608	13.400010	0.000000	0.000000
615.695798	13.400010	0.000000	0.000000
615.735558	13.400010	0.000000	0.000000
615.778841	13.401601	0.000000	0.000000
615.820614	13.401601	0.000000	0.000000
615.859967	13.401601	0.000000	0.000000
615.905897	13.407923	0.000000	0.000000
615.969886	13.407923	0.000000	0.000000
616.009840	13.279856	0.000000	0.000000
616.051175	13.279856	0.000000	0.000000
616.091169	13.279856	0.000000	0.000000
616.129776	13.279856	0.000000	0.000000
616.172118	13.289779	0.000000	0.000000
616.210658	13.289779	0.000000	0.000000
616.248735	13.289779	0.000000	0.000000
616.293738	13.274695	0.000000	0.000000
616.334548	13.274695	0.000000	0.000000
616.373200	13.274695	0.000000	0.000000
616.439579	13.265156	0.000000	0.000000
616.478940	13.265156	0.000000	0.000000
616.519374	13.265156	0.000000	0.000000
616.563438	13.257990	0.000000	0.000000
616.603583	13.257990	0.000000	0.000000
616.644949	13.257990	0.000000	0.000000
616.686944	13.255780	0.000000	0.000000
616.739439	13.255780	0.000000	0.000000
616.779954	13.255780	0.000000	0.000000
616.821284	13.282711	0.000000	0.000000
616.862639	13.282711	0.000000	0.000000
616.901896	13.282711	0.000000	0.000000
616.983153	13.269377	0.000000	0.000000
617.024273	13.269377	0.000000	0.000000
617.060850	13.269377	0.000000	0.000000
617.106265	13.247453	0.000000	0.000000
617.145216	13.247453	0.000000	0.000000
617.221893	13.245082	0.000000	0.000000
617.265650	13.245082	0.000000	0.000000
617.304243	13.245082	0.000000	0.000000
617.350482	13.237878	0.000000	0.000000
617.390127	13.237878	0.000000	0.000000
617.453991	13.237878	0.000000	0.000000
617.501524	13.242601	0.000000	0.000000
617.539255	13.242601	0.000000	0.000000
617.581590	13.242601	0.000000	0.000000
617.622926	13.201060	0.000000	0.000000
617.671348	13.201060	0.000000	0.000000
617.708652	13.201060	0.000000	0.000000
617.750380	13.218705	0.000000	0.000000
617.793161	13.218705	0.000000	0.000000
617.830745	13.218705	0.000000	0.000000
617.895799	13.214657	0.000000	0.000000
617.936201	13.214657	0.000000	0.000000
617.972926	13.214657	0.000000	0.000000
618.016033	13.202953	0.000000	0.000000
618.055728	13.202953	0.000000	0.000000
618.093208	13.202953	0.000000	0.000000
618.137412	13.227173	0.000000	0.000000
618.176834	13.227173	0.000000	0.000000
618.216507	13.227173	0.000000	0.000000
618.254072	13.227173	0.000000	0.000000
618.295387	13.209568	0.000000	0.000000
618.337075	13.209568	0.000000	0.000000
618.379288	13.209568	0.000000	0.000000
618.418631	13.216478	0.000000	0.000000
618.463103	13.216478	0.000000	0.000000
618.500896	13.216478	0.000000	0.000000
618.567539	13.212942	0.000000	0.000000
618.610194	13.212942	0.000000	0.000000
618.647621	13.212942	0.000000	0.000000
618.691176	13.221695	0.000000	0.000000
618.732622	13.221695	0.000000	0.000000
618.802429	13.227675	0.000000	0.000000
618.844952	13.227675	0.000000	0.000000
618.882591	13.227675	0.000000	0.000000
618.919773	13.227675	0.000000	0.000000
618.966027	13.206591	0.000000	0.000000
619.004960	13.206591	0.000000	0.000000
619.070221	13.209792	0.000000	0.000000
619.113240	13.209792	0.000000	0.000000
619.151509	13.209792	0.000000	0.000000
619.189817	13.209792	0.000000	0.000000
619.234702	13.205018	0.000000	0.000000
619.275819	13.205018	0.000000	0.000000
619.316472	13.205018	0.000000	0.000000
619.360413	13.225256	0.000000	0.000000
619.398115	13.225256	0.000000	0.000000
619.437701	13.225256	0.000000	0.000000
619.478197	13.227098	0.000000	0.000000
619.518901	13.227098	0.000000	0.000000
619.558894	13.227098	0.000000	0.000000
619.596309	13.202840	0.000000	0.000000
619.642322	13.202840	0.000000	0.000000
619.682796	13.202840	0.000000	0.000000
619.756169	13.228984	0.000000	0.000000
619.797441	13.228984	0.000000	0.000000
619.833611	13.228984	0.000000	0.000000
619.879201	13.240037	0.000000	0.000000
619.921790	13.240037	0.000000	0.000000
619.988078	13.240037	0.000000	0.000000
620.032079	13.236527	0.000000	0.000000
620.070598	13.236527	0.000000	0.000000
620.114414	13.236527	0.000000	0.000000
620.156588	13.240753	0.000000	0.000000
620.205695	13.240753	0.000000	0.000000
620.241261	13.240753	0.000000	0.000000
620.280935	13.230531	0.000000	0.000000
620.325930	13.230531	0.000000	0.000000
620.364136	13.230531	0.000000	0.000000
620.429206	13.231924	0.000000	0.000000
620.470642	13.231924	0.000000	0.000000
620.508965	13.231924	0.000000	0.000000
620.553564	13.251943	0.000000	0.000000
620.594841	13.251943	0.000000	0.000000
620.631583	13.251943	0.000000	0.000000
620.673210	13.254922	0.000000	0.000000
620.714583	13.254922	0.000000	0.000000
620.754257	13.254922	0.000000	0.000000
620.795964	13.232231	0.000000	0.000000
620.838808	13.232231	0.000000	0.000000
620.877800	13.232231	0.000000	0.000000
620.918655	13.232231	0.000000	0.000000
620.960907	13.256647	0.000000	0.000000
621.002873	13.256647	0.000000	0.000000
621.041458	13.256647	0.000000	0.000000
621.084563	13.255166	0.000000	0.000000
621.125466	13.255166	0.000000	0.000000
621.164926	13.255166	0.000000	0.000000
621.204829	13.272148	0.000000	0.000000
621.246384	13.272148	0.000000	0.000000
621.284854	13.272148	0.000000	0.000000
621.325325	13.275113	0.000000	0.000000
621.366720	13.275113	0.000000	0.000000
621.411647	13.275113	0.000000	0.000000
621.447567	13.275113	0.000000	0.000000
621.521912	13.261125	0.000000	0.000000
621.560333	13.261125	0.000000	0.000000
621.605128	13.264290	0.000000	0.000000
621.650097	13.264290	0.000000	0.000000
621.686885	13.264290	0.000000	0.000000
621.730530	13.271273	0.000000	0.000000
621.772784	13.271273	0.000000	0.000000
621.838607	13.271273	0.000000	0.000000
621.881581	13.300497	0.000000	0.000000
621.920151	13.300497	0.000000	0.000000
621.962375	13.300497	0.000000	0.000000
622.004183	13.283624	0.000000	0.000000
622.073486	13.283624	0.000000	0.000000
622.115109	13.283624	0.000000	0.000000
622.154833	13.277375	0.000000	0.000000
622.196682	13.277375	0.000000	0.000000
622.236288	13.277375	0.000000	0.000000
622.310147	13.290280	0.000000	0.000000
622.351435	13.290280	0.000000	0.000000
622.388477	13.290280	0.000000	0.000000
622.434232	13.289598	0.000000	0.000000
622.471726	13.289598	0.000000	0.000000
622.530377	13.320895	0.000000	0.000000
622.572059	13.320895	0.000000	0.000000
622.611722	13.320895	0.000000	0.000000
622.648643	13.320895	0.000000	0.000000
622.693020	13.310881	0.000000	0.000000
622.735296	13.310881	0.000000	0.000000
622.810185	13.283343	0.000000	0.000000
622.851803	13.283343	0.000000	0.000000
622.889028	13.283343	0.000000	0.000000
622.934001	13.324038	0.000000	0.000000
622.977469	13.324038	0.000000	0.000000
623.039977	13.324038	0.000000	0.000000
623.081705	13.312435	0.000000	0.000000
623.119817	13.312435	0.000000	0.000000
623.160151	13.312435	0.000000	0.000000
623.200319	13.343477	0.000000	0.000000
623.240092	13.343477	0.000000	0.000000
623.280021	13.343477	0.000000	0.000000
623.322875	13.343477	0.000000	0.000000
623.368170	13.343090	0.000000	0.000000
623.408713	13.343090	0.000000	0.000000
623.449572	13.343090	0.000000	0.000000
623.490423	13.330850	0.000000	0.000000
623.533926	13.330850	0.000000	0.000000
623.572821	13.330850	0.000000	0.000000
623.640325	13.357137	0.000000	0.000000
623.684881	13.357137	0.000000	0.000000
623.721938	13.357137	0.000000	0.000000
623.767972	13.364786	0.000000	0.000000
623.806963	13.364786	0.000000	0.000000
623.873722	13.392492	0.000000	0.000000
623.917611	13.392492	0.000000	0.000000
623.955002	13.392492	0.000000	0.000000
623.998732	13.377622	0.000000	0.000000
624.041184	13.377622	0.000000	0.000000
624.105720	13.377622	0.000000	0.000000
624.151069	13.376330	0.000000	0.000000
624.188179	13.376330	0.000000	0.000000
624.225303	13.376330	0.000000	0.000000
624.269355	13.391410	0.000000	0.000000
624.309697	13.391410	0.000000	0.000000
624.375535	13.391410	0.000000	0.000000
624.418843	13.387411	0.000000	0.000000
624.459369	13.387411	0.000000	0.000000
624.500778	13.387411	0.000000	0.000000
624.542732	13.393922	0.000000	0.000000
624.608566	13.393922	0.000000	0.000000
624.649640	13.393922	0.000000	0.000000
624.688936	13.388053	0.000000	0.000000
624.731467	13.388053	0.000000	0.000000
624.769517	13.388053	0.000000	0.000000
624.845131	13.392136	0.000000	0.000000
624.888111	13.392136	0.000000	0.000000
624.926392	13.412836	0.000000	0.000000
624.971025	13.412836	0.000000	0.000000
625.009851	13.412836	0.000000	0.000000
625.080305	13.424204	0.000000	0.000000
625.123519	13.424204	0.000000	0.000000
625.160102	13.424204	0.000000	0.000000
625.205379	13.421355	0.000000	0.000000
625.244627	13.421355	0.000000	0.000000
625.312367	13.421355	0.000000	0.000000
625.358914	13.430493	0.000000	0.000000
625.395702	13.430493	0.000000	0.000000
625.433230	13.430493	0.000000	0.000000
625.476581	13.418973	0.000000	0.000000
625.517550	13.418973	0.000000	0.000000
625.579679	13.418973	0.000000	0.000000
625.624648	13.426665	0.000000	0.000000
625.664077	13.426665	0.000000	0.000000
625.706650	13.426665	0.000000	0.000000
625.746665	13.443903	0.000000	0.000000
625.817022	13.443903	0.000000	0.000000
625.858877	13.443903	0.000000	0.000000
625.899764	13.439298	0.000000	0.000000
625.943286	13.439298	0.000000	0.000000
626.005580	13.431482	0.000000	0.000000
626.047848	13.431482	0.000000	0.000000
626.088943	13.431482	0.000000	0.000000
626.129215	13.435387	0.000000	0.000000
626.170491	13.435387	0.000000	0.000000
626.210423	13.435387	0.000000	0.000000
626.247084	13.435387	0.000000	0.000000
626.288601	13.433825	0.000000	0.000000
626.332726	13.433825	0.000000	0.000000
626.370844	13.433825	0.000000	0.000000
626.412453	13.452500	0.000000	0.000000
626.449901	13.452500	0.000000	0.000000
626.489396	13.452500	0.000000	0.000000
626.534077	13.454142	0.000000	0.000000
626.576629	13.454142	0.000000	0.000000
626.618176	13.454142	0.000000	0.000000
626.655523	13.454142	0.000000	0.000000
626.706176	13.434796	0.000000	0.000000
626.742787	13.434796	0.000000	0.000000
626.779500	13.434796	0.000000	0.000000
626.824346	13.434116	0.000000	0.000000
626.868657	13.434116	0.000000	0.000000
626.905103	13.434116	0.000000	0.000000
626.977587	13.450738	0.000000	0.000000
627.016452	13.450738	0.000000	0.000000
627.056777	13.450738	0.000000	0.000000
627.101770	13.469151	0.000000	0.000000
627.140009	13.469151	0.000000	0.000000
627.177608	13.469151	0.000000	0.000000
627.225181	13.437683	0.000000	0.000000
627.287872	13.437683	0.000000	0.000000
627.326061	13.445740	0.000000	0.000000
627.373115	13.445740	0.000000	0.000000
627.412392	13.445740	0.000000	0.000000
627.449854	13.445740	0.000000	0.000000
627.492638	13.423711	0.000000	0.000000
627.533159	13.423711	0.000000	0.000000
627.574893	13.423711	0.000000	0.000000
627.622935	13.428272	0.000000	0.000000
627.659766	13.428272	0.000000	0.000000
627.704467	13.428272	0.000000	0.000000
627.744902	13.346871	0.000000	0.000000
627.793202	13.346871	0.000000	0.000000
627.829504	13.346871	0.000000	0.000000
627.871708	13.334438	0.000000	0.000000
627.948226	13.334438	0.000000	0.000000
627.989223	13.334438	0.000000	0.000000
628.033189	13.312241	0.000000	0.000000
628.073286	13.312241	0.000000	0.000000
628.114037	13.312241	0.000000	0.000000
628.163676	13.293135	0.000000	0.000000
628.202147	13.293135	0.000000	0.000000
628.265494	13.293135	0.000000	0.000000
628.308503	13.313077	0.000000	0.000000
628.355745	13.313077	0.000000	0.000000
628.393435	13.313077	0.000000	0.000000
628.437522	13.311837	0.000000	0.000000
628.498380	13.311837	0.000000	0.000000
628.540160	13.300115	0.000000	0.000000
628.580145	13.300115	0.000000	0.000000
628.621025	13.300115	0.000000	0.000000
628.658724	13.300115	0.000000	0.000000
628.701391	13.286290	0.000000	0.000000
628.741981	13.286290	0.000000	0.000000
628.779473	13.286290	0.000000	0.000000
628.821171	13.299347	0.000000	0.000000
628.861307	13.299347	0.000000	0.000000
628.898820	13.299347	0.000000	0.000000
628.941998	13.280503	0.000000	0.000000
628.979816	13.280503	0.000000	0.000000
629.019600	13.280503	0.000000	0.000000
629.058233	13.280503	0.000000	0.000000
629.104152	13.300795	0.000000	0.000000
629.140363	13.300795	0.000000	0.000000
629.200057	13.268610	0.000000	0.000000
629.241144	13.268610	0.000000	0.000000
629.281645	13.268610	0.000000	0.000000
629.320567	13.268610	0.000000	0.000000
629.362454	13.249920	0.000000	0.000000
629.401392	13.249920	0.000000	0.000000
629.440781	13.249920	0.000000	0.000000
629.488091	13.255341	0.000000	0.000000
629.526181	13.255341	0.000000	0.000000
629.588212	13.255341	0.000000	0.000000
629.633080	13.258447	0.000000	0.000000
629.672904	13.258447	0.000000	0.000000
629.711286	13.258447	0.000000	0.000000
629.755064	13.254409	0.000000	0.000000
629.796479	13.254409	0.000000	0.000000
629.834091	13.254409	0.000000	0.000000
629.879686	13.248239	0.000000	0.000000
629.918420	13.248239	0.000000	0.000000
629.957078	13.248239	0.000000	0.000000
630.029380	13.238775	0.000000	0.000000
630.070234	13.238775	0.000000	0.000000
630.109423	13.238775	0.000000	0.000000
630.154531	13.258934	0.000000	0.000000
630.192549	13.258934	0.000000	0.000000
630.234485	13.258934	0.000000	0.000000
630.282780	13.272817	0.000000	0.000000
630.343098	13.272817	0.000000	0.000000
630.384171	13.272817	0.000000	0.000000
630.424865	13.263273	0.000000	0.000000
630.468255	13.263273	0.000000	0.000000
630.508178	13.263273	0.000000	0.000000
630.574654	13.248041	0.000000	0.000000
630.616692	13.248041	0.000000	0.000000
630.656412	13.255435	0.000000	0.000000
630.702043	13.255435	0.000000	0.000000
630.742872	13.255435	0.000000	0.000000
630.810519	13.252594	0.000000	0.000000
630.853667	13.252594	0.000000	0.000000
630.891169	13.252594	0.000000	0.000000
630.939665	13.275709	0.000000	0.000000
630.980674	13.275709	0.000000	0.000000
631.041324	13.275709	0.000000	0.000000
631.083247	13.261033	0.000000	0.000000
631.121221	13.261033	0.000000	0.000000
631.160130	13.261033	0.000000	0.000000
631.204976	13.258333	0.000000	0.000000
631.245169	13.258333	0.000000	0.000000
631.309263	13.258333	0.000000	0.000000
631.352351	13.264930	0.000000	0.000000
631.391323	13.264930	0.000000	0.000000
631.433161	13.264930	0.000000	0.000000
631.475152	13.265017	0.000000	0.000000
631.543501	13.265017	0.000000	0.000000
631.583768	13.265017	0.000000	0.000000
631.625003	13.265580	0.000000	0.000000
631.670240	13.265580	0.000000	0.000000
631.707867	13.265580	0.000000	0.000000
631.781202	13.280643	0.000000	0.000000
631.823874	13.280643	0.000000	0.000000
631.863643	13.264898	0.000000	0.000000
631.907534	13.264898	0.000000	0.000000
631.947413	13.264898	0.000000	0.000000
632.014584	13.272810	0.000000	0.000000
632.058043	13.272810	0.000000	0.000000
632.094116	13.272810	0.000000	0.000000
632.139076	13.271814	0.000000	0.000000
632.177491	13.271814	0.000000	0.000000
632.247218	13.271814	0.000000	0.000000
632.293227	13.283968	0.000000	0.000000
632.331556	13.283968	0.000000	0.000000
632.372145	13.283968	0.000000	0.000000
632.413320	13.285870	0.000000	0.000000
632.481069	13.285870	0.000000	0.000000
632.521834	13.285870	0.000000	0.000000
632.563034	13.287999	0.000000	0.000000
632.604410	13.287999	0.000000	0.000000
632.644392	13.287999	0.000000	0.000000
632.685988	13.282512	0.000000	0.000000
632.728107	13.282512	0.000000	0.000000
632.766740	13.282512	0.000000	0.000000
632.841856	13.288500	0.000000	0.000000
632.882632	13.288500	0.000000	0.000000
632.919850	13.288500	0.000000	0.000000
632.966439	13.306362	0.000000	0.000000
633.004245	13.306362	0.000000	0.000000
633.062099	13.309470	0.000000	0.000000
633.106438	13.309470	0.000000	0.000000
633.143504	13.309470	0.000000	0.000000
633.188338	13.309470	0.000000	0.000000
633.228523	13.289729	0.000000	0.000000
633.296603	13.289729	0.000000	0.000000
633.342419	13.322056	0.000000	0.000000
633.380712	13.322056	0.000000	0.000000
633.424163	13.322056	0.000000	0.000000
633.463731	13.312287	0.000000	0.000000
633.515845	13.312287	0.000000	0.000000
633.554541	13.312287	0.000000	0.000000
633.594471	13.312287	0.000000	0.000000
633.640231	13.319676	0.000000	0.000000
633.680227	13.319676	0.000000	0.000000
633.753883	13.302430	0.000000	0.000000
633.794579	13.302430	0.000000	0.000000
633.831590	13.302430	0.000000	0.000000
633.874774	13.310445	0.000000	0.000000
633.915922	13.310445	0.000000	0.000000
633.951455	13.310445	0.000000	0.000000
633.991012	13.310445	0.000000	0.000000
634.035264	13.317007	0.000000	0.000000
634.075002	13.317007	0.000000	0.000000
634.112879	13.317007	0.000000	0.000000
634.156944	13.338031	0.000000	0.000000
634.197638	13.338031	0.000000	0.000000
634.236695	13.338031	0.000000	0.000000
634.279252	13.344542	0.000000	0.000000
634.321387	13.344542	0.000000	0.000000
634.359996	13.344542	0.000000	0.000000
634.403204	13.329748	0.000000	0.000000
634.443232	13.329748	0.000000	0.000000
634.484736	13.329748	0.000000	0.000000
634.522547	13.329748	0.000000	0.000000
634.568047	13.340641	0.000000	0.000000
634.607120	13.340641	0.000000	0.000000
634.678243	13.338526	0.000000	0.000000
634.720224	13.338526	0.000000	0.000000
634.757123	13.338526	0.000000	0.000000
634.800208	13.342803	0.000000	0.000000
634.842498	13.342803	0.000000	0.000000
634.908642	13.342803	0.000000	0.000000
634.952590	13.373598	0.000000	0.000000
634.990298	13.373598	0.000000	0.000000
635.033719	13.373598	0.000000	0.000000
635.074349	13.356254	0.000000	0.000000
635.113845	13.356254	0.000000	0.000000
635.176951	13.356254	0.000000	0.000000
635.222751	13.364266	0.000000	0.000000
635.259672	13.364266	0.000000	0.000000
635.303524	13.364266	0.000000	0.000000
635.344634	13.379884	0.000000	0.000000
635.387315	13.379884	0.000000	0.000000
635.460319	13.390690	0.000000	0.000000
635.503431	13.390690	0.000000	0.000000
635.540639	13.390690	0.000000	0.000000
635.581329	13.390690	0.000000	0.000000
635.625650	13.389349	0.000000	0.000000
635.691727	13.389349	0.000000	0.000000
635.737504	13.394773	0.000000	0.000000
635.775445	13.394773	0.000000	0.000000
635.819992	13.394773	0.000000	0.000000
635.858562	13.401607	0.000000	0.000000
635.909715	13.401607	0.000000	0.000000
635.947702	13.401607	0.000000	0.000000
635.987075	13.401607	0.000000	0.000000
636.034777	13.414200	0.000000	0.000000
636.072969	13.414200	0.000000	0.000000
636.126415	13.431323	0.000000	0.000000
636.168499	13.431323	0.000000	0.000000
636.207494	13.431323	0.000000	0.000000
636.272120	13.424802	0.000000	0.000000
636.312378	13.424802	0.000000	0.000000
636.350370	13.424802	0.000000	0.000000
636.389488	13.424802	0.000000	0.000000
636.432191	13.417492	0.000000	0.000000
636.471376	13.417492	0.000000	0.000000
636.509208	13.417492	0.000000	0.000000
636.551143	13.446507	0.000000	0.000000
636.592211	13.446507	0.000000	0.000000
636.628766	13.446507	0.000000	0.000000
636.672663	13.451036	0.000000	0.000000
636.715438	13.451036	0.000000	0.000000
636.752944	13.451036	0.000000	0.000000
636.791333	13.451036	0.000000	0.000000
636.833754	13.446011	0.000000	0.000000
636.872256	13.446011	0.000000	0.000000
636.911823	13.446011	0.000000	0.000000
636.953972	13.438668	0.000000	0.000000
636.997131	13.438668	0.000000	0.000000
637.032683	13.438668	0.000000	0.000000
637.079191	13.452585	0.000000	0.000000
637.119727	13.452585	0.000000	0.000000
637.178168	13.452585	0.000000	0.000000
637.221947	13.458234	0.000000	0.000000
637.259259	13.458234	0.000000	0.000000
637.302040	13.458234	0.000000	0.000000
637.343754	13.474104	0.000000	0.000000
637.383547	13.474104	0.000000	0.000000
637.445739	13.474104	0.000000	0.000000
637.490758	13.473589	0.000000	0.000000
637.528010	13.473589	0.000000	0.000000
637.567630	13.473589	0.000000	0.000000
637.613605	13.452446	0.000000	0.000000
637.653366	13.452446	0.000000	0.000000
637.724751	13.462712	0.000000	0.000000
637.768068	13.462712	0.000000	0.000000
637.807679	13.462712	0.000000	0.000000
637.845002	13.462712	0.000000	0.000000
637.890219	13.466026	0.000000	0.000000
637.928750	13.466026	0.000000	0.000000
637.966988	13.466026	0.000000	0.000000
638.010499	13.477477	0.000000	0.000000
638.050992	13.477477	0.000000	0.000000
638.088576	13.477477	0.000000	0.000000
638.133700	13.469747	0.000000	0.000000
638.176563	13.469747	0.000000	0.000000
638.214417	13.469747	0.000000	0.000000
638.253699	13.470574	0.000000	0.000000
638.295806	13.470574	0.000000	0.000000
638.334671	13.470574	0.000000	0.000000
638.372838	13.470574	0.000000	0.000000
638.414388	13.460617	0.000000	0.000000
638.457424	13.460617	0.000000	0.000000
638.493405	13.460617	0.000000	0.000000
638.537812	13.472422	0.000000	0.000000
638.579471	13.472422	0.000000	0.000000
638.643950	13.472422	0.000000	0.000000
638.687465	13.490192	0.000000	0.000000
638.725068	13.490192	0.000000	0.000000
638.767282	13.490192	0.000000	0.000000
638.808196	13.471590	0.000000	0.000000
638.848806	13.471590	0.000000	0.000000
638.909853	13.471590	0.000000	0.000000
638.955795	13.477373	0.000000	0.000000
638.994090	13.477373	0.000000	0.000000
639.038301	13.477373	0.000000	0.000000
639.078284	13.484896	0.000000	0.000000
639.117966	13.484896	0.000000	0.000000
639.193699	13.484896	0.000000	0.000000
639.239703	13.497041	0.000000	0.000000
639.278504	13.497041	0.000000	0.000000
639.317578	13.497041	0.000000	0.000000
639.362887	13.508752	0.000000	0.000000
639.401950	13.508752	0.000000	0.000000
639.464469	13.484959	0.000000	0.000000
639.506288	13.484959	0.000000	0.000000
639.544478	13.484959	0.000000	0.000000
639.581589	13.484959	0.000000	0.000000
639.626034	13.489437	0.000000	0.000000
639.664454	13.489437	0.000000	0.000000
639.706794	13.489437	0.000000	0.000000
639.749422	13.353001	0.000000	0.000000
639.796237	13.353001	0.000000	0.000000
639.837452	13.353001	0.000000	0.000000
639.877278	13.369937	0.000000	0.000000
639.922287	13.369937	0.000000	0.000000
639.961331	13.369937	0.000000	0.000000
640.030545	13.371688	0.000000	0.000000
640.072212	13.371688	0.000000	0.000000
640.108662	13.371688	0.000000	0.000000
640.158238	13.356583	0.000000	0.000000
640.196661	13.356583	0.000000	0.000000
640.266794	13.346070	0.000000	0.000000
640.310914	13.346070	0.000000	0.000000
640.347120	13.346070	0.000000	0.000000
640.385776	13.346070	0.000000	0.000000
640.429795	13.326215	0.000000	0.000000
640.473396	13.326215	0.000000	0.000000
640.509895	13.326215	0.000000	0.000000
640.561275	13.343120	0.000000	0.000000
640.615495	13.343120	0.000000	0.000000
640.657146	13.365684	0.000000	0.000000
640.694922	13.365684	0.000000	0.000000
640.741654	13.365684	0.000000	0.000000
640.779387	13.365684	0.000000	0.000000
640.828062	13.323836	0.000000	0.000000
640.868005	13.323836	0.000000	0.000000
640.905963	13.323836	0.000000	0.000000
640.952755	13.308220	0.000000	0.000000
640.994020	13.308220	0.000000	0.000000
641.034066	13.308220	0.000000	0.000000
641.076832	13.320577	0.000000	0.000000
641.117709	13.320577	0.000000	0.000000
641.154578	13.320577	0.000000	0.000000
641.193207	13.320577	0.000000	0.000000
641.265418	13.314012	0.000000	0.000000
641.303087	13.314012	0.000000	0.000000
641.345705	13.320903	0.000000	0.000000
641.387034	13.320903	0.000000	0.000000
641.425585	13.320903	0.000000	0.000000
641.467376	13.317452	0.000000	0.000000
641.509243	13.317452	0.000000	0.000000
641.549758	13.317452	0.000000	0.000000
641.589417	13.286046	0.000000	0.000000
641.636011	13.286046	0.000000	0.000000
641.674562	13.286046	0.000000	0.000000
641.750119	13.289242	0.000000	0.000000
641.788617	13.289242	0.000000	0.000000
641.826707	13.289242	0.000000	0.000000
641.870165	13.295305	0.000000	0.000000
641.912697	13.295305	0.000000	0.000000
641.950708	13.295305	0.000000	0.000000
641.992195	13.296810	0.000000	0.000000
642.031431	13.296810	0.000000	0.000000
642.071453	13.296810	0.000000	0.000000
642.111702	13.296810	0.000000	0.000000
642.154450	13.279454	0.000000	0.000000
642.194182	13.279454	0.000000	0.000000
642.236120	13.279454	0.000000	0.000000
642.277419	13.287207	0.000000	0.000000
642.321998	13.287207	0.000000	0.000000
642.360023	13.287207	0.000000	0.000000
642.435074	13.279094	0.000000	0.000000
642.477524	13.279094	0.000000	0.000000
642.513009	13.279094	0.000000	0.000000
642.559638	13.292815	0.000000	0.000000
642.602516	13.292815	0.000000	0.000000
642.677654	13.301214	0.000000	0.000000
642.721604	13.301214	0.000000	0.000000
642.757874	13.301214	0.000000	0.000000
642.800574	13.294055	0.000000	0.000000
642.838130	13.294055	0.000000	0.000000
642.874056	13.294055	0.000000	0.000000
642.943430	13.277995	0.000000	0.000000
642.984600	13.277995	0.000000	0.000000
643.022103	13.277995	0.000000	0.000000
643.065230	13.296269	0.000000	0.000000
643.106782	13.296269	0.000000	0.000000
643.144995	13.296269	0.000000	0.000000
643.186992	13.285782	0.000000	0.000000
643.227523	13.285782	0.000000	0.000000
643.266576	13.285782	0.000000	0.000000
643.307099	13.285782	0.000000	0.000000
643.350222	13.296171	0.000000	0.000000
643.395351	13.296171	0.000000	0.000000
643.432135	13.296171	0.000000	0.000000
643.478471	13.284033	0.000000	0.000000
643.520364	13.284033	0.000000	0.000000
643.579127	13.286170	0.000000	0.000000
643.624988	13.286170	0.000000	0.000000
643.662438	13.286170	0.000000	0.000000
643.705555	13.286170	0.000000	0.000000
643.746376	13.296028	0.000000	0.000000
643.786722	13.296028	0.000000	0.000000
643.863032	13.313856	0.000000	0.000000
643.903842	13.313856	0.000000	0.000000
643.942896	13.313856	0.000000	0.000000
643.985181	13.308674	0.000000	0.000000
644.024719	13.308674	0.000000	0.000000
644.064474	13.308674	0.000000	0.000000
644.101797	13.308674	0.000000	0.000000
644.147344	13.294306	0.000000	0.000000
644.185824	13.294306	0.000000	0.000000
644.227846	13.294306	0.000000	0.000000
644.267486	13.305606	0.000000	0.000000
644.320300	13.305606	0.000000	0.000000
644.357384	13.305606	0.000000	0.000000
644.398123	13.311776	0.000000	0.000000
644.441146	13.311776	0.000000	0.000000
644.480261	13.311776	0.000000	0.000000
644.551903	13.329554	0.000000	0.000000
644.593553	13.329554	0.000000	0.000000
644.629098	13.329554	0.000000	0.000000
644.672776	13.317379	0.000000	0.000000
644.713486	13.317379	0.000000	0.000000
644.751823	13.317379	0.000000	0.000000
644.793488	13.311642	0.000000	0.000000
644.830463	13.311642	0.000000	0.000000
644.870721	13.311642	0.000000	0.000000
644.907565	13.311642	0.000000	0.000000
644.949384	13.319807	0.000000	0.000000
644.989535	13.319807	0.000000	0.000000
645.031424	13.319807	0.000000	0.000000
645.073030	13.330497	0.000000	0.000000
645.116267	13.330497	0.000000	0.000000
645.155194	13.330497	0.000000	0.000000
645.223106	13.341631	0.000000	0.000000
645.265099	13.341631	0.000000	0.000000
645.301060	13.341631	0.000000	0.000000
645.347655	13.340154	0.000000	0.000000
645.388829	13.340154	0.000000	0.000000
645.455008	13.345128	0.000000	0.000000
645.497349	13.345128	0.000000	0.000000
645.535154	13.345128	0.000000	0.000000
645.576543	13.345128	0.000000	0.000000
645.623215	13.339033	0.000000	0.000000
645.662621	13.339033	0.000000	0.000000
645.721676	13.339033	0.000000	0.000000
645.774510	13.365682	0.000000	0.000000
645.811939	13.365682	0.000000	0.000000
645.858167	13.372568	0.000000	0.000000
645.899767	13.372568	0.000000	0.000000
645.959085	13.372568	0.000000	0.000000
646.000331	13.354033	0.000000	0.000000
646.040022	13.354033	0.000000	0.000000
646.080850	13.354033	0.000000	0.000000
646.122146	13.354033	0.000000	0.000000
646.194090	13.366513	0.000000	0.000000
646.234287	13.366513	0.000000	0.000000
646.272370	13.367498	0.000000	0.000000
646.318346	13.367498	0.000000	0.000000
646.357046	13.367498	0.000000	0.000000
646.430813	13.388415	0.000000	0.000000
646.473159	13.388415	0.000000	0.000000
646.509200	13.388415	0.000000	0.000000
646.557636	13.363591	0.000000	0.000000
646.597104	13.363591	0.000000	0.000000
646.664020	13.374920	0.000000	0.000000
646.708908	13.374920	0.000000	0.000000
646.745266	13.374920	0.000000	0.000000
646.790546	13.369787	0.000000	0.000000
646.831023	13.369787	0.000000	0.000000
646.895926	13.369787	0.000000	0.000000
646.939984	13.371408	0.000000	0.000000
646.979784	13.371408	0.000000	0.000000
647.023536	13.371408	0.000000	0.000000
647.062811	13.392896	0.000000	0.000000
647.114024	13.392896	0.000000	0.000000
647.150464	13.392896	0.000000	0.000000
647.192225	13.385334	0.000000	0.000000
647.236747	13.385334	0.000000	0.000000
647.275246	13.385334	0.000000	0.000000
647.338694	13.402485	0.000000	0.000000
647.380575	13.402485	0.000000	0.000000
647.418047	13.402485	0.000000	0.000000
647.461172	13.415615	0.000000	0.000000
647.503934	13.415615	0.000000	0.000000
647.540343	13.415615	0.000000	0.000000
647.579889	13.411924	0.000000	0.000000
647.624897	13.411924	0.000000	0.000000
647.663261	13.411924	0.000000	0.000000
647.700847	13.411924	0.000000	0.000000
647.743703	13.421233	0.000000	0.000000
647.784229	13.421233	0.000000	0.000000
647.821428	13.421233	0.000000	0.000000
647.863916	13.427439	0.000000	0.000000
647.905527	13.427439	0.000000	0.000000
647.943154	13.427439	0.000000	0.000000
647.983530	13.418296	0.000000	0.000000
648.025233	13.418296	0.000000	0.000000
648.067827	13.418296	0.000000	0.000000
648.104923	13.418296	0.000000	0.000000
648.152334	13.440898	0.000000	0.000000
648.195071	13.440898	0.000000	0.000000
648.266851	13.458830	0.000000	0.000000
648.310366	13.458830	0.000000	0.000000
648.346130	13.458830	0.000000	0.000000
648.395488	13.451386	0.000000	0.000000
648.437223	13.451386	0.000000	0.000000
648.498895	13.451386	0.000000	0.000000
648.540051	13.446279	0.000000	0.000000
648.578253	13.446279	0.000000	0.000000
648.616704	13.446279	0.000000	0.000000
648.655935	13.457010	0.000000	0.000000
648.694240	13.457010	0.000000	0.000000
648.735002	13.457010	0.000000	0.000000
648.773044	13.457010	0.000000	0.000000
648.818704	13.460743	0.000000	0.000000
648.854953	13.460743	0.000000	0.000000
648.893069	13.460743	0.000000	0.000000
648.957921	13.473974	0.000000	0.000000
648.997717	13.473974	0.000000	0.000000
649.036854	13.473974	0.000000	0.000000
649.082163	13.494720	0.000000	0.000000
649.121200	13.494720	0.000000	0.000000
649.163482	13.494720	0.000000	0.000000
649.209962	13.483783	0.000000	0.000000
649.254096	13.483783	0.000000	0.000000
649.295270	13.483783	0.000000	0.000000
649.334112	13.478061	0.000000	0.000000
649.378142	13.478061	0.000000	0.000000
649.417840	13.478061	0.000000	0.000000
649.486751	13.501342	0.000000	0.000000
649.529218	13.501342	0.000000	0.000000
649.565446	13.501342	0.000000	0.000000
649.612323	13.493424	0.000000	0.000000
649.650388	13.493424	0.000000	0.000000
649.718365	13.493424	0.000000	0.000000
649.761318	13.504445	0.000000	0.000000
649.799396	13.504445	0.000000	0.000000
649.841685	13.504445	0.000000	0.000000
649.882565	13.503913	0.000000	0.000000
649.930106	13.503913	0.000000	0.000000
649.968132	13.503913	0.000000	0.000000
650.016061	13.492048	0.000000	0.000000
650.054404	13.492048	0.000000	0.000000
650.097263	13.492048	0.000000	0.000000
650.138077	13.492082	0.000000	0.000000
650.178958	13.492082	0.000000	0.000000
650.220726	13.492082	0.000000	0.000000
650.260639	13.511167	0.000000	0.000000
650.334168	13.511167	0.000000	0.000000
650.374265	13.511167	0.000000	0.000000
650.416442	13.500868	0.000000	0.000000
650.456203	13.500868	0.000000	0.000000
650.495195	13.500868	0.000000	0.000000
650.541172	13.510161	0.000000	0.000000
650.578294	13.510161	0.000000	0.000000
650.623195	13.510161	0.000000	0.000000
650.662332	13.504085	0.000000	0.000000
650.739141	13.504085	0.000000	0.000000
650.775144	13.504085	0.000000	0.000000
650.823174	13.509011	0.000000	0.000000
650.860071	13.509011	0.000000	0.000000
650.901305	13.509011	0.000000	0.000000
650.941339	13.518772	0.000000	0.000000
651.003070	13.518772	0.000000	0.000000
651.041823	13.518772	0.000000	0.000000
651.086066	13.516840	0.000000	0.000000
651.125831	13.516840	0.000000	0.000000
651.165333	13.516840	0.000000	0.000000
651.206426	13.495220	0.000000	0.000000
651.247698	13.495220	0.000000	0.000000
651.289104	13.495220	0.000000	0.000000
651.328879	13.496720	0.000000	0.000000
651.377383	13.496720	0.000000	0.000000
651.413904	13.496720	0.000000	0.000000
651.453076	13.496720	0.000000	0.000000
651.510387	13.530497	0.000000	0.000000
651.548763	13.530497	0.000000	0.000000
651.593339	13.519992	0.000000	0.000000
651.634224	13.519992	0.000000	0.000000
651.677733	13.519992	0.000000	0.000000
651.716191	13.519992	0.000000	0.000000
651.764479	13.493782	0.000000	0.000000
651.801960	13.493782	0.000000	0.000000
651.843838	13.493782	0.000000	0.000000
651.886976	13.519370	0.000000	0.000000
651.958821	13.519370	0.000000	0.000000
652.002975	13.511539	0.000000	0.000000
652.041295	13.511539	0.000000	0.000000
652.082992	13.511539	0.000000	0.000000
652.122700	13.511539	0.000000	0.000000
652.195851	13.398136	0.000000	0.000000
652.235503	13.398136	0.000000	0.000000
652.276191	13.404203	0.000000	0.000000
652.320659	13.404203	0.000000	0.000000
652.359523	13.404203	0.000000	0.000000
652.430423	13.384441	0.000000	0.000000
652.472535	13.384441	0.000000	0.000000
652.507770	13.384441	0.000000	0.000000
652.555254	13.371901	0.000000	0.000000
652.595300	13.371901	0.000000	0.000000
652.666424	13.381072	0.000000	0.000000
652.710234	13.381072	0.000000	0.000000
652.745413	13.381072	0.000000	0.000000
652.789912	13.385060	0.000000	0.000000
652.831944	13.385060	0.000000	0.000000
652.900406	13.385060	0.000000	0.000000
652.942487	13.380250	0.000000	0.000000
652.981246	13.380250	0.000000	0.000000
653.020638	13.380250	0.000000	0.000000
653.064019	13.372504	0.000000	0.000000
653.104538	13.372504	0.000000	0.000000
653.148209	13.372504	0.000000	0.000000
653.187450	13.373228	0.000000	0.000000
653.263000	13.373228	0.000000	0.000000
653.301433	13.373228	0.000000	0.000000
653.353900	13.342913	0.000000	0.000000
653.394002	13.342913	0.000000	0.000000
653.437610	13.342913	0.000000	0.000000
653.476968	13.372916	0.000000	0.000000
653.517099	13.372916	0.000000	0.000000
653.559151	13.372916	0.000000	0.000000
653.599626	13.332870	0.000000	0.000000
653.665762	13.332870	0.000000	0.000000
653.705927	13.332870	0.000000	0.000000
653.747068	13.336604	0.000000	0.000000
653.787347	13.336604	0.000000	0.000000
653.827035	13.336604	0.000000	0.000000
653.869102	13.339425	0.000000	0.000000
653.906392	13.339425	0.000000	0.000000
653.945628	13.339425	0.000000	0.000000
653.989046	13.319933	0.000000	0.000000
654.029267	13.319933	0.000000	0.000000
654.072732	13.319933	0.000000	0.000000
654.111189	13.325183	0.000000	0.000000
654.166049	13.325183	0.000000	0.000000
654.202458	13.325183	0.000000	0.000000
654.244186	13.325183	0.000000	0.000000
654.286514	13.314523	0.000000	0.000000
654.352312	13.314523	0.000000	0.000000
654.395010	13.305046	0.000000	0.000000
654.433776	13.305046	0.000000	0.000000
654.475389	13.305046	0.000000	0.000000
654.517937	13.306457	0.000000	0.000000
654.586862	13.306457	0.000000	0.000000
654.626341	13.306457	0.000000	0.000000
654.666822	13.316775	0.000000	0.000000
654.710628	13.316775	0.000000	0.000000
654.749612	13.316775	0.000000	0.000000
654.823044	13.326563	0.000000	0.000000
654.864192	13.326563	0.000000	0.000000
654.902271	13.326563	0.000000	0.000000
654.947151	13.320712	0.000000	0.000000
654.988338	13.320712	0.000000	0.000000
655.058931	13.317046	0.000000	0.000000
655.100879	13.317046	0.000000	0.000000
655.139996	13.317046	0.000000	0.000000
655.183490	13.306987	0.000000	0.000000
655.225906	13.306987	0.000000	0.000000
655.291954	13.306987	0.000000	0.000000
655.336199	13.318806	0.000000	0.000000
655.374218	13.318806	0.000000	0.000000
655.412629	13.318806	0.000000	0.000000
655.459332	13.343924	0.000000	0.000000
655.499331	13.343924	0.000000	0.000000
655.573562	13.343924	0.000000	0.000000
655.619083	13.306631	0.000000	0.000000
655.656865	13.306631	0.000000	0.000000
655.696144	13.306631	0.000000	0.000000
655.740083	13.310327	0.000000	0.000000
655.779271	13.310327	0.000000	0.000000
655.818417	13.310327	0.000000	0.000000
655.863889	13.329423	0.000000	0.000000
655.906251	13.329423	0.000000	0.000000
655.945588	13.329423	0.000000	0.000000
655.988135	13.334715	0.000000	0.000000
656.028325	13.334715	0.000000	0.000000
656.066872	13.334715	0.000000	0.000000
656.105139	13.334715	0.000000	0.000000
656.150442	13.346071	0.000000	0.000000
656.190867	13.346071	0.000000	0.000000
656.260319	13.332670	0.000000	0.000000
656.304601	13.332670	0.000000	0.000000
656.340959	13.332670	0.000000	0.000000
656.385473	13.330046	0.000000	0.000000
656.425870	13.330046	0.000000	0.000000
656.494962	13.330046	0.000000	0.000000
656.539072	13.336957	0.000000	0.000000
656.577960	13.336957	0.000000	0.000000
656.619425	13.336957	0.000000	0.000000
656.660008	13.363416	0.000000	0.000000
656.728127	13.363416	0.000000	0.000000
656.770797	13.363416	0.000000	0.000000
656.811152	13.345537	0.000000	0.000000
656.855104	13.345537	0.000000	0.000000
656.893347	13.345537	0.000000	0.000000
656.962287	13.339777	0.000000	0.000000
657.005333	13.339777	0.000000	0.000000
657.042329	13.339777	0.000000	0.000000
657.090075	13.342869	0.000000	0.000000
657.128019	13.342869	0.000000	0.000000
657.199981	13.347186	0.000000	0.000000
657.243138	13.347186	0.000000	0.000000
657.280019	13.347186	0.000000	0.000000
657.327156	13.364091	0.000000	0.000000
657.367778	13.364091	0.000000	0.000000
657.433974	13.364091	0.000000	0.000000
657.478250	13.367455	0.000000	0.000000
657.516424	13.367455	0.000000	0.000000
657.554816	13.367455	0.000000	0.000000
657.601830	13.357030	0.000000	0.000000
657.640927	13.357030	0.000000	0.000000
657.700858	13.357030	0.000000	0.000000
657.744724	13.374108	0.000000	0.000000
657.784008	13.374108	0.000000	0.000000
657.821351	13.374108	0.000000	0.000000
657.862880	13.373851	0.000000	0.000000
657.901478	13.373851	0.000000	0.000000
657.941843	13.373851	0.000000	0.000000
657.982695	13.389281	0.000000	0.000000
658.028628	13.389281	0.000000	0.000000
658.064939	13.389281	0.000000	0.000000
658.102388	13.389281	0.000000	0.000000
658.148181	13.374205	0.000000	0.000000
658.188297	13.374205	0.000000	0.000000
658.253067	13.382649	0.000000	0.000000
658.299394	13.382649	0.000000	0.000000
658.339397	13.382649	0.000000	0.000000
658.379654	13.382649	0.000000	0.000000
658.426527	13.377240	0.000000	0.000000
658.463993	13.377240	0.000000	0.000000
658.504427	13.377240	0.000000	0.000000
658.547869	13.387579	0.000000	0.000000
658.588254	13.387579	0.000000	0.000000
658.625187	13.387579	0.000000	0.000000
658.665979	13.417910	0.000000	0.000000
658.709421	13.417910	0.000000	0.000000
658.746711	13.417910	0.000000	0.000000
658.786891	13.384664	0.000000	0.000000
658.828873	13.384664	0.000000	0.000000
658.867026	13.384664	0.000000	0.000000
658.906885	13.390041	0.000000	0.000000
658.950808	13.390041	0.000000	0.000000
658.992258	13.390041	0.000000	0.000000
659.027794	13.390041	0.000000	0.000000
659.072792	13.389041	0.000000	0.000000
659.113034	13.389041	0.000000	0.000000
659.187960	13.396389	0.000000	0.000000
659.232154	13.396389	0.000000	0.000000
659.267972	13.396389	0.000000	0.000000
659.312779	13.410798	0.000000	0.000000
659.357059	13.410798	0.000000	0.000000
659.422548	13.410798	0.000000	0.000000
659.464352	13.409907	0.000000	0.000000
659.501703	13.409907	0.000000	0.000000
659.546296	13.409907	0.000000	0.000000
659.585761	13.435312	0.000000	0.000000
659.635626	13.435312	0.000000	0.000000
659.671550	13.435312	0.000000	0.000000
659.709749	13.435312	0.000000	0.000000
659.748744	13.414826	0.000000	0.000000
659.788822	13.414826	0.000000	0.000000
659.828956	13.414826	0.000000	0.000000
659.877574	13.444523	0.000000	0.000000
659.916681	13.444523	0.000000	0.000000
659.958931	13.444523	0.000000	0.000000
660.001781	13.442069	0.000000	0.000000
660.060848	13.442069	0.000000	0.000000
660.100881	13.442069	0.000000	0.000000
660.141227	13.432476	0.000000	0.000000
660.183703	13.432476	0.000000	0.000000
660.221274	13.432476	0.000000	0.000000
660.281164	13.457791	0.000000	0.000000
660.323755	13.457791	0.000000	0.000000
660.360059	13.457791	0.000000	0.000000
660.407636	13.458578	0.000000	0.000000
660.448251	13.458578	0.000000	0.000000
660.517111	13.458982	0.000000	0.000000
660.560530	13.458982	0.000000	0.000000
660.598224	13.458982	0.000000	0.000000
660.641081	13.458982	0.000000	0.000000
660.687157	13.487993	0.000000	0.000000
660.750348	13.487993	0.000000	0.000000
660.793952	13.457931	0.000000	0.000000
660.834538	13.457931	0.000000	0.000000
660.879006	13.457931	0.000000	0.000000
660.921357	13.491372	0.000000	0.000000
660.970217	13.491372	0.000000	0.000000
661.007209	13.491372	0.000000	0.000000
661.051176	13.491372	0.000000	0.000000
661.095212	13.491588	0.000000	0.000000
661.156063	13.491588	0.000000	0.000000
661.199025	13.500908	0.000000	0.000000
661.238824	13.500908	0.000000	0.000000
661.282079	13.500908	0.000000	0.000000
661.322427	13.508282	0.000000	0.000000
661.368648	13.508282	0.000000	0.000000
661.404717	13.508282	0.000000	0.000000
661.446559	13.508282	0.000000	0.000000
661.490051	13.505337	0.000000	0.000000
661.560090	13.505337	0.000000	0.000000
661.606497	13.505707	0.000000	0.000000
661.644670	13.505707	0.000000	0.000000
661.688211	13.505707	0.000000	0.000000
661.730002	13.502519	0.000000	0.000000
661.778689	13.502519	0.000000	0.000000
661.816051	13.502519	0.000000	0.000000
661.854455	13.519400	0.000000	0.000000
661.898170	13.519400	0.000000	0.000000
661.938343	13.519400	0.000000	0.000000
662.002580	13.523164	0.000000	0.000000
662.042974	13.523164	0.000000	0.000000
662.080082	13.523164	0.000000	0.000000
662.122758	13.506823	0.000000	0.000000
662.165040	13.506823	0.000000	0.000000
662.202764	13.506823	0.000000	0.000000
662.240402	13.506823	0.000000	0.000000
662.286737	13.523575	0.000000	0.000000
662.330710	13.523575	0.000000	0.000000
662.367635	13.523575	0.000000	0.000000
662.417487	13.510035	0.000000	0.000000
662.455720	13.510035	0.000000	0.000000
662.494965	13.510035	0.000000	0.000000
662.542722	13.536657	0.000000	0.000000
662.583333	13.536657	0.000000	0.000000
662.655726	13.527672	0.000000	0.000000
662.694883	13.527672	0.000000	0.000000
662.733682	13.527672	0.000000	0.000000
662.772072	13.527672	0.000000	0.000000
662.814723	13.532460	0.000000	0.000000
662.857046	13.532460	0.000000	0.000000
662.893384	13.532460	0.000000	0.000000
662.942823	13.524503	0.000000	0.000000
662.984202	13.524503	0.000000	0.000000
663.043810	13.524503	0.000000	0.000000
663.089176	13.544385	0.000000	0.000000
663.127996	13.544385	0.000000	0.000000
663.171500	13.544385	0.000000	0.000000
663.213247	13.547333	0.000000	0.000000
663.278469	13.547333	0.000000	0.000000
663.323413	13.529816	0.000000	0.000000
663.363299	13.529816	0.000000	0.000000
663.407058	13.529816	0.000000	0.000000
663.446952	13.529816	0.000000	0.000000
663.496445	13.542737	0.000000	0.000000
663.535698	13.542737	0.000000	0.000000
663.576639	13.542737	0.000000	0.000000
663.618342	13.533209	0.000000	0.000000
663.683012	13.533209	0.000000	0.000000
663.727047	13.536255	0.000000	0.000000
663.768524	13.536255	0.000000	0.000000
663.810477	13.536255	0.000000	0.000000
663.846439	13.536255	0.000000	0.000000
663.895897	13.566572	0.000000	0.000000
663.933584	13.566572	0.000000	0.000000
663.974501	13.566572	0.000000	0.000000
664.016675	13.539113	0.000000	0.000000
664.076122	13.539113	0.000000	0.000000
664.120341	13.535130	0.000000	0.000000
664.161161	13.535130	0.000000	0.000000
664.203543	13.535130	0.000000	0.000000
664.241127	13.535130	0.000000	0.000000
664.291448	13.539930	0.000000	0.000000
664.329562	13.539930	0.000000	0.000000
664.369070	13.539930	0.000000	0.000000
664.415956	13.540694	0.000000	0.000000
664.456072	13.540694	0.000000	0.000000
664.493694	13.540694	0.000000	0.000000
664.550189	13.557284	0.000000	0.000000
664.588214	13.557284	0.000000	0.000000
664.630450	13.557284	0.000000	0.000000
664.673696	13.423480	0.000000	0.000000
664.734829	13.423480	0.000000	0.000000
664.777971	13.405049	0.000000	0.000000
664.819327	13.405049	0.000000	0.000000
664.863210	13.405049	0.000000	0.000000
664.903311	13.405049	0.000000	0.000000
664.971617	13.404469	0.000000	0.000000
665.009459	13.404469	0.000000	0.000000
665.048272	13.404469	0.000000	0.000000
665.091424	13.419643	0.000000	0.000000
665.132904	13.419643	0.000000	0.000000
665.173981	13.419643	0.000000	0.000000
665.216518	13.415230	0.000000	0.000000
665.254482	13.415230	0.000000	0.000000
665.292356	13.415230	0.000000	0.000000
665.366419	13.404644	0.000000	0.000000
665.405545	13.404644	0.000000	0.000000
665.445251	13.404644	0.000000	0.000000
665.491031	13.415676	0.000000	0.000000
665.530797	13.415676	0.000000	0.000000
665.572854	13.415676	0.000000	0.000000
665.617383	13.377117	0.000000	0.000000
665.658726	13.377117	0.000000	0.000000
665.699822	13.377117	0.000000	0.000000
665.741564	13.421263	0.000000	0.000000
665.788193	13.421263	0.000000	0.000000
665.827120	13.421263	0.000000	0.000000
665.893181	13.396017	0.000000	0.000000
665.935674	13.396017	0.000000	0.000000
665.973667	13.396017	0.000000	0.000000
666.019995	13.368124	0.000000	0.000000
666.060002	13.368124	0.000000	0.000000
666.128115	13.364237	0.000000	0.000000
666.170016	13.364237	0.000000	0.000000
666.206707	13.364237	0.000000	0.000000
666.243991	13.364237	0.000000	0.000000
666.289281	13.365043	0.000000	0.000000
666.327579	13.365043	0.000000	0.000000
666.368155	13.365043	0.000000	0.000000
666.413733	13.365665	0.000000	0.000000
666.456413	13.365665	0.000000	0.000000
666.497847	13.365665	0.000000	0.000000
666.539406	13.363493	0.000000	0.000000
666.583416	13.363493	0.000000	0.000000
666.643386	13.352701	0.000000	0.000000
666.685633	13.352701	0.000000	0.000000
666.725411	13.352701	0.000000	0.000000
666.762124	13.352701	0.000000	0.000000
666.805722	13.338399	0.000000	0.000000
666.846629	13.338399	0.000000	0.000000
666.884996	13.338399	0.000000	0.000000
666.928260	13.318212	0.000000	0.000000
666.966151	13.318212	0.000000	0.000000
667.004148	13.318212	0.000000	0.000000
667.049248	13.372185	0.000000	0.000000
667.089237	13.372185	0.000000	0.000000
667.130387	13.372185	0.000000	0.000000
667.167286	13.372185	0.000000	0.000000
667.218267	13.343412	0.000000	0.000000
667.254724	13.343412	0.000000	0.000000
667.290792	13.343412	0.000000	0.000000
667.336930	13.335509	0.000000	0.000000
667.381602	13.335509	0.000000	0.000000
667.418046	13.335509	0.000000	0.000000
667.486995	13.352200	0.000000	0.000000
667.525831	13.352200	0.000000	0.000000
667.565280	13.352200	0.000000	0.000000
667.611630	13.357445	0.000000	0.000000
667.649509	13.357445	0.000000	0.000000
667.693451	13.357445	0.000000	0.000000
667.735343	13.358161	0.000000	0.000000
667.798988	13.358161	0.000000	0.000000
667.837648	13.351969	0.000000	0.000000
667.884118	13.351969	0.000000	0.000000
667.923869	13.351969	0.000000	0.000000
667.965098	13.351969	0.000000	0.000000
668.005904	13.343711	0.000000	0.000000
668.081722	13.343711	0.000000	0.000000
668.128731	13.341686	0.000000	0.000000
668.171047	13.341686	0.000000	0.000000
668.213507	13.341686	0.000000	0.000000
668.253883	13.356097	0.000000	0.000000
668.300503	13.356097	0.000000	0.000000
668.337070	13.356097	0.000000	0.000000
668.379351	13.374822	0.000000	0.000000
668.420082	13.374822	0.000000	0.000000
668.488227	13.374822	0.000000	0.000000
668.533474	13.351401	0.000000	0.000000
668.572085	13.351401	0.000000	0.000000
668.614604	13.351401	0.000000	0.000000
668.653342	13.345891	0.000000	0.000000
668.703424	13.345891	0.000000	0.000000
668.738676	13.345891	0.000000	0.000000
668.777056	13.345891	0.000000	0.000000
668.821995	13.350556	0.000000	0.000000
668.860786	13.350556	0.000000	0.000000
668.933498	13.380017	0.000000	0.000000
668.971523	13.380017	0.000000	0.000000
669.013340	13.380017	0.000000	0.000000
669.054202	13.360060	0.000000	0.000000
669.093386	13.360060	0.000000	0.000000
669.133329	13.360060	0.000000	0.000000
669.170394	13.360060	0.000000	0.000000
669.218742	13.334709	0.000000	0.000000
669.254891	13.334709	0.000000	0.000000
669.293683	13.334709	0.000000	0.000000
669.370038	13.360255	0.000000	0.000000
669.409455	13.360255	0.000000	0.000000
669.457272	13.368551	0.000000	0.000000
669.495224	13.368551	0.000000	0.000000
669.540158	13.368551	0.000000	0.000000
669.577376	13.368551	0.000000	0.000000
669.627644	13.377100	0.000000	0.000000
669.666538	13.377100	0.000000	0.000000
669.704060	13.377100	0.000000	0.000000
669.750701	13.379080	0.000000	0.000000
669.788755	13.379080	0.000000	0.000000
669.827977	13.379080	0.000000	0.000000
669.872059	13.366166	0.000000	0.000000
669.911213	13.366166	0.000000	0.000000
669.976415	13.366166	0.000000	0.000000
670.017396	13.352210	0.000000	0.000000
670.059141	13.352210	0.000000	0.000000
670.095775	13.352210	0.000000	0.000000
670.144119	13.392489	0.000000	0.000000
670.184506	13.392489	0.000000	0.000000
670.245929	13.392914	0.000000	0.000000
670.291141	13.392914	0.000000	0.000000
670.329350	13.392914	0.000000	0.000000
670.372521	13.392914	0.000000	0.000000
670.414711	13.380733	0.000000	0.000000
670.478494	13.380733	0.000000	0.000000
670.520484	13.387227	0.000000	0.000000
670.564029	13.387227	0.000000	0.000000
670.606380	13.387227	0.000000	0.000000
670.650685	13.383174	0.000000	0.000000
670.690125	13.383174	0.000000	0.000000
670.733741	13.383174	0.000000	0.000000
670.771367	13.383174	0.000000	0.000000
670.825920	13.385153	0.000000	0.000000
670.863810	13.385153	0.000000	0.000000
670.903646	13.385153	0.000000	0.000000
670.948911	13.427567	0.000000	0.000000
670.990623	13.427567	0.000000	0.000000
671.029922	13.427567	0.000000	0.000000
671.099755	13.403037	0.000000	0.000000
671.136833	13.403037	0.000000	0.000000
671.175721	13.403037	0.000000	0.000000
671.220923	13.379605	0.000000	0.000000
671.258939	13.379605	0.000000	0.000000
671.298697	13.379605	0.000000	0.000000
671.343508	13.412906	0.000000	0.000000
671.384378	13.412906	0.000000	0.000000
671.422776	13.412906	0.000000	0.000000
671.467368	13.411310	0.000000	0.000000
671.507815	13.411310	0.000000	0.000000
671.547364	13.411310	0.000000	0.000000
671.589398	13.420103	0.000000	0.000000
671.631175	13.420103	0.000000	0.000000
671.669472	13.420103	0.000000	0.000000
671.709887	13.422194	0.000000	0.000000
671.750286	13.422194	0.000000	0.000000
671.789312	13.422194	0.000000	0.000000
671.826046	13.422194	0.000000	0.000000
671.871284	13.421324	0.000000	0.000000
671.912773	13.421324	0.000000	0.000000
671.951805	13.421324	0.000000	0.000000
671.992169	13.400518	0.000000	0.000000
672.031694	13.400518	0.000000	0.000000
672.084184	13.400518	0.000000	0.000000
672.126024	13.432667	0.000000	0.000000
672.167770	13.432667	0.000000	0.000000
672.207661	13.432667	0.000000	0.000000
672.245137	13.444151	0.000000	0.000000
672.321545	13.444151	0.000000	0.000000
672.360507	13.444151	0.000000	0.000000
672.404691	13.434304	0.000000	0.000000
672.448080	13.434304	0.000000	0.000000
672.484847	13.434304	0.000000	0.000000
672.529979	13.456008	0.000000	0.000000
672.571602	13.456008	0.000000	0.000000
672.636472	13.451947	0.000000	0.000000
672.679672	13.451947	0.000000	0.000000
672.718216	13.451947	0.000000	0.000000
672.760992	13.451947	0.000000	0.000000
672.801604	13.462048	0.000000	0.000000
672.840320	13.462048	0.000000	0.000000
672.904987	13.462048	0.000000	0.000000
672.952677	13.491290	0.000000	0.000000
672.990396	13.491290	0.000000	0.000000
673.031248	13.491290	0.000000	0.000000
673.076942	13.492145	0.000000	0.000000
673.116686	13.492145	0.000000	0.000000
673.187934	13.471731	0.000000	0.000000
673.231320	13.471731	0.000000	0.000000
673.268332	13.471731	0.000000	0.000000
673.309990	13.490104	0.000000	0.000000
673.356902	13.490104	0.000000	0.000000
673.395423	13.490104	0.000000	0.000000
673.434908	13.490104	0.000000	0.000000
673.479434	13.506037	0.000000	0.000000
673.521832	13.506037	0.000000	0.000000
673.560061	13.506037	0.000000	0.000000
673.601497	13.490791	0.000000	0.000000
673.643357	13.490791	0.000000	0.000000
673.680624	13.490791	0.000000	0.000000
673.722130	13.500565	0.000000	0.000000
673.763978	13.500565	0.000000	0.000000
673.801791	13.500565	0.000000	0.000000
673.841662	13.526554	0.000000	0.000000
673.882507	13.526554	0.000000	0.000000
673.925849	13.526554	0.000000	0.000000
673.963143	13.526554	0.000000	0.000000
674.010451	13.519029	0.000000	0.000000
674.048221	13.519029	0.000000	0.000000
674.111596	13.534334	0.000000	0.000000
674.154936	13.534334	0.000000	0.000000
674.192034	13.534334	0.000000	0.000000
674.230970	13.534334	0.000000	0.000000
674.275111	13.519679	0.000000	0.000000
674.313272	13.519679	0.000000	0.000000
674.350957	13.519679	0.000000	0.000000
674.393350	13.502253	0.000000	0.000000
674.431234	13.502253	0.000000	0.000000
674.468998	13.502253	0.000000	0.000000
674.509305	13.535846	0.000000	0.000000
674.550345	13.535846	0.000000	0.000000
674.591799	13.535846	0.000000	0.000000
674.632720	13.535846	0.000000	0.000000
674.672298	13.521065	0.000000	0.000000
674.715034	13.521065	0.000000	0.000000
674.754096	13.521065	0.000000	0.000000
674.818690	13.544790	0.000000	0.000000
674.862732	13.544790	0.000000	0.000000
674.899550	13.544790	0.000000	0.000000
674.945376	13.550002	0.000000	0.000000
674.985213	13.550002	0.000000	0.000000
675.052185	13.526331	0.000000	0.000000
675.095478	13.526331	0.000000	0.000000
675.131957	13.526331	0.000000	0.000000
675.173564	13.526331	0.000000	0.000000
675.217414	13.529134	0.000000	0.000000
675.282459	13.529134	0.000000	0.000000
675.330118	13.555646	0.000000	0.000000
675.367834	13.555646	0.000000	0.000000
675.412051	13.555646	0.000000	0.000000
675.451624	13.565335	0.000000	0.000000
675.502888	13.565335	0.000000	0.000000
675.540526	13.565335	0.000000	0.000000
675.580531	13.553875	0.000000	0.000000
675.624887	13.553875	0.000000	0.000000
675.665824	13.553875	0.000000	0.000000
675.738954	13.558794	0.000000	0.000000
675.781184	13.558794	0.000000	0.000000
675.820162	13.558794	0.000000	0.000000
675.865325	13.562315	0.000000	0.000000
675.903854	13.562315	0.000000	0.000000
675.946408	13.562315	0.000000	0.000000
675.985384	13.564155	0.000000	0.000000
676.030400	13.564155	0.000000	0.000000
676.070632	13.564155	0.000000	0.000000
676.145475	13.570998	0.000000	0.000000
676.187396	13.570998	0.000000	0.000000
676.224032	13.570998	0.000000	0.000000
676.269064	13.552531	0.000000	0.000000
676.310834	13.552531	0.000000	0.000000
676.346774	13.552531	0.000000	0.000000
676.388943	13.543966	0.000000	0.000000
676.430639	13.543966	0.000000	0.000000
676.471547	13.543966	0.000000	0.000000
676.509703	13.558093	0.000000	0.000000
676.555690	13.558093	0.000000	0.000000
676.594415	13.558093	0.000000	0.000000
676.662623	13.580034	0.000000	0.000000
676.704827	13.580034	0.000000	0.000000
676.741618	13.580034	0.000000	0.000000
676.785564	13.564676	0.000000	0.000000
676.828366	13.564676	0.000000	0.000000
676.894776	13.564676	0.000000	0.000000
676.941366	13.556921	0.000000	0.000000
676.979503	13.556921	0.000000	0.000000
677.015316	13.556921	0.000000	0.000000
677.061115	13.547017	0.000000	0.000000
677.101511	13.547017	0.000000	0.000000
677.161542	13.547017	0.000000	0.000000
677.205441	13.561556	0.000000	0.000000
677.243682	13.561556	0.000000	0.000000
677.285485	13.561556	0.000000	0.000000
677.329088	13.591928	0.000000	0.000000
677.394427	13.591928	0.000000	0.000000
677.437223	13.571791	0.000000	0.000000
677.476154	13.571791	0.000000	0.000000
677.519521	13.571791	0.000000	0.000000
677.557744	13.571791	0.000000	0.000000
677.631819	13.547539	0.000000	0.000000
677.672167	13.547539	0.000000	0.000000
677.709774	13.455967	0.000000	0.000000
677.755678	13.455967	0.000000	0.000000
677.793955	13.455967	0.000000	0.000000
677.870270	13.461747	0.000000	0.000000
677.912517	13.461747	0.000000	0.000000
677.950339	13.461747	0.000000	0.000000
677.997392	13.440103	0.000000	0.000000
678.037210	13.440103	0.000000	0.000000
678.105922	13.441499	0.000000	0.000000
678.150581	13.441499	0.000000	0.000000
678.191670	13.441499	0.000000	0.000000
678.234128	13.441499	0.000000	0.000000
678.275335	13.411658	0.000000	0.000000
678.339250	13.411658	0.000000	0.000000
678.378361	13.411658	0.000000	0.000000
678.417331	13.409262	0.000000	0.000000
678.456867	13.409262	0.000000	0.000000
678.498228	13.409262	0.000000	0.000000
678.540011	13.421280	0.000000	0.000000
678.583962	13.421280	0.000000	0.000000
678.623692	13.421280	0.000000	0.000000
678.700296	13.441711	0.000000	0.000000
678.740987	13.441711	0.000000	0.000000
678.782987	13.406519	0.000000	0.000000
678.825310	13.406519	0.000000	0.000000
678.863941	13.406519	0.000000	0.000000
678.936095	13.398129	0.000000	0.000000
678.979181	13.398129	0.000000	0.000000
679.015799	13.398129	0.000000	0.000000
679.061337	13.397005	0.000000	0.000000
679.103244	13.397005	0.000000	0.000000
679.171896	13.365662	0.000000	0.000000
679.214633	13.365662	0.000000	0.000000
679.250483	13.365662	0.000000	0.000000
679.292872	13.365662	0.000000	0.000000
679.336934	13.395266	0.000000	0.000000
679.404252	13.395266	0.000000	0.000000
679.448147	13.364305	0.000000	0.000000
679.487251	13.364305	0.000000	0.000000
679.530282	13.364305	0.000000	0.000000
679.570131	13.361229	0.000000	0.000000
679.618395	13.361229	0.000000	0.000000
679.656986	13.361229	0.000000	0.000000
679.698115	13.361229	0.000000	0.000000
679.741458	13.376233	0.000000	0.000000
679.810971	13.376233	0.000000	0.000000
679.854459	13.369465	0.000000	0.000000
679.894450	13.369465	0.000000	0.000000
679.935125	13.369465	0.000000	0.000000
679.974818	13.373791	0.000000	0.000000
680.023022	13.373791	0.000000	0.000000
680.059695	13.373791	0.000000	0.000000
680.102463	13.373791	0.000000	0.000000
680.145883	13.366191	0.000000	0.000000
680.221399	13.366191	0.000000	0.000000
680.267459	13.355030	0.000000	0.000000
680.305815	13.355030	0.000000	0.000000
680.343078	13.355030	0.000000	0.000000
680.392113	13.348078	0.000000	0.000000
680.432551	13.348078	0.000000	0.000000
680.502142	13.348078	0.000000	0.000000
680.546736	13.381243	0.000000	0.000000
680.584602	13.381243	0.000000	0.000000
680.622739	13.381243	0.000000	0.000000
680.666282	13.373083	0.000000	0.000000
680.705748	13.373083	0.000000	0.000000
680.747139	13.373083	0.000000	0.000000
680.789141	13.350274	0.000000	0.000000
680.831964	13.350274	0.000000	0.000000
680.869830	13.350274	0.000000	0.000000
680.910254	13.372043	0.000000	0.000000
680.954636	13.372043	0.000000	0.000000
680.993063	13.372043	0.000000	0.000000
681.031877	13.372043	0.000000	0.000000
681.073390	13.373553	0.000000	0.000000
681.115633	13.373553	0.000000	0.000000
681.154636	13.373553	0.000000	0.000000
681.198577	13.374433	0.000000	0.000000
681.238818	13.374433	0.000000	0.000000
681.298755	13.374433	0.000000	0.000000
681.343266	13.391393	0.000000	0.000000
681.386870	13.391393	0.000000	0.000000
681.424693	13.391393	0.000000	0.000000
681.475782	13.360764	0.000000	0.000000
681.513220	13.360764	0.000000	0.000000
681.553834	13.360764	0.000000	0.000000
681.615914	13.364522	0.000000	0.000000
681.656349	13.364522	0.000000	0.000000
681.694497	13.364522	0.000000	0.000000
681.741110	13.383640	0.000000	0.000000
681.813098	13.383640	0.000000	0.000000
681.854269	13.380952	0.000000	0.000000
681.897051	13.380952	0.000000	0.000000
681.934140	13.380952	0.000000	0.000000
681.978192	13.381545	0.000000	0.000000
682.019197	13.381545	0.000000	0.000000
682.056764	13.381545	0.000000	0.000000
682.096075	13.381545	0.000000	0.000000
682.141569	13.392447	0.000000	0.000000
682.182358	13.392447	0.000000	0.000000
682.220728	13.392447	0.000000	0.000000
682.269347	13.390469	0.000000	0.000000
682.310128	13.390469	0.000000	0.000000
682.353027	13.390469	0.000000	0.000000
682.395780	13.364956	0.000000	0.000000
682.454512	13.364956	0.000000	0.000000
682.494612	13.364956	0.000000	0.000000
682.534841	13.408464	0.000000	0.000000
682.578777	13.408464	0.000000	0.000000
682.618004	13.408464	0.000000	0.000000
682.691407	13.403840	0.000000	0.000000
682.732959	13.403840	0.000000	0.000000
682.773331	13.370459	0.000000	0.000000
682.815749	13.370459	0.000000	0.000000
682.858646	13.370459	0.000000	0.000000
682.897599	13.370459	0.000000	0.000000
682.945550	13.391679	0.000000	0.000000
682.983606	13.391679	0.000000	0.000000
683.054125	13.397210	0.000000	0.000000
683.092826	13.397210	0.000000	0.000000
683.132998	13.397210	0.000000	0.000000
683.175261	13.407608	0.000000	0.000000
683.213542	13.407608	0.000000	0.000000
683.256329	13.407608	0.000000	0.000000
683.294193	13.407608	0.000000	0.000000
683.343050	13.417447	0.000000	0.000000
683.395973	13.417447	0.000000	0.000000
683.435641	13.417447	0.000000	0.000000
683.475500	13.399978	0.000000	0.000000
683.516564	13.399978	0.000000	0.000000
683.554916	13.399978	0.000000	0.000000
683.596743	13.404356	0.000000	0.000000
683.637875	13.404356	0.000000	0.000000
683.677367	13.404356	0.000000	0.000000
683.718419	13.425155	0.000000	0.000000
683.759709	13.425155	0.000000	0.000000
683.800235	13.425155	0.000000	0.000000
683.841277	13.414714	0.000000	0.000000
683.885068	13.414714	0.000000	0.000000
683.921437	13.414714	0.000000	0.000000
683.961261	13.414714	0.000000	0.000000
684.037234	13.411482	0.000000	0.000000
684.076687	13.411482	0.000000	0.000000
684.121013	13.422258	0.000000	0.000000
684.159618	13.422258	0.000000	0.000000
684.201582	13.422258	0.000000	0.000000
684.240903	13.425047	0.000000	0.000000
684.293850	13.425047	0.000000	0.000000
684.331489	13.425047	0.000000	0.000000
684.376499	13.418630	0.000000	0.000000
684.414745	13.418630	0.000000	0.000000
684.471163	13.418630	0.000000	0.000000
684.509175	13.451650	0.000000	0.000000
684.559340	13.451650	0.000000	0.000000
684.597626	13.451650	0.000000	0.000000
684.642296	13.423444	0.000000	0.000000
684.681960	13.423444	0.000000	0.000000
684.729811	13.423444	0.000000	0.000000
684.768413	13.437262	0.000000	0.000000
684.809434	13.437262	0.000000	0.000000
684.879916	13.437262	0.000000	0.000000
684.921239	13.446859	0.000000	0.000000
684.962775	13.446859	0.000000	0.000000
685.003458	13.446859	0.000000	0.000000
685.044582	13.456613	0.000000	0.000000
685.086258	13.456613	0.000000	0.000000
685.125906	13.456613	0.000000	0.000000
685.165994	13.435714	0.000000	0.000000
685.209170	13.435714	0.000000	0.000000
685.249607	13.435714	0.000000	0.000000
685.287739	13.435714	0.000000	0.000000
685.336246	13.450195	0.000000	0.000000
685.374772	13.450195	0.000000	0.000000
685.419803	13.450195	0.000000	0.000000
685.460451	13.449793	0.000000	0.000000
685.507841	13.449793	0.000000	0.000000
685.544575	13.449793	0.000000	0.000000
685.585590	13.458298	0.000000	0.000000
685.652851	13.458298	0.000000	0.000000
685.693564	13.458298	0.000000	0.000000
685.739831	13.497625	0.000000	0.000000
685.782752	13.497625	0.000000	0.000000
685.821111	13.497625	0.000000	0.000000
685.864608	13.495901	0.000000	0.000000
685.906351	13.495901	0.000000	0.000000
685.943315	13.495901	0.000000	0.000000
685.990279	13.465468	0.000000	0.000000
686.027947	13.465468	0.000000	0.000000
686.071302	13.465468	0.000000	0.000000
686.110474	13.488836	0.000000	0.000000
686.156692	13.488836	0.000000	0.000000
686.194270	13.488836	0.000000	0.000000
686.263238	13.502582	0.000000	0.000000
686.305420	13.502582	0.000000	0.000000
686.340811	13.502582	0.000000	0.000000
686.384644	13.525052	0.000000	0.000000
686.424394	13.525052	0.000000	0.000000
686.494695	13.525052	0.000000	0.000000
686.540641	13.531026	0.000000	0.000000
686.577903	13.531026	0.000000	0.000000
686.615940	13.531026	0.000000	0.000000
686.661778	13.511620	0.000000	0.000000
686.701890	13.511620	0.000000	0.000000
686.779310	13.503881	0.000000	0.000000
686.819955	13.503881	0.000000	0.000000
686.858327	13.503881	0.000000	0.000000
686.895926	13.503881	0.000000	0.000000
686.941712	13.556516	0.000000	0.000000
686.981501	13.556516	0.000000	0.000000
687.023575	13.556516	0.000000	0.000000
687.070816	13.553579	0.000000	0.000000
687.109488	13.553579	0.000000	0.000000
687.150740	13.553579	0.000000	0.000000
687.192120	13.525685	0.000000	0.000000
687.230976	13.525685	0.000000	0.000000
687.270834	13.525685	0.000000	0.000000
687.311372	13.539388	0.000000	0.000000
687.353448	13.539388	0.000000	0.000000
687.394049	13.539388	0.000000	0.000000
687.433726	13.539388	0.000000	0.000000
687.481434	13.544495	0.000000	0.000000
687.520824	13.544495	0.000000	0.000000
687.560612	13.544495	0.000000	0.000000
687.606532	13.549874	0.000000	0.000000
687.645904	13.549874	0.000000	0.000000
687.688730	13.549874	0.000000	0.000000
687.730074	13.561446	0.000000	0.000000
687.793902	13.561446	0.000000	0.000000
687.838379	13.561173	0.000000	0.000000
687.879776	13.561173	0.000000	0.000000
687.920359	13.561173	0.000000	0.000000
687.962499	13.561173	0.000000	0.000000
688.009789	13.547717	0.000000	0.000000
688.072803	13.547717	0.000000	0.000000
688.115879	13.563424	0.000000	0.000000
688.161350	13.563424	0.000000	0.000000
688.198454	13.563424	0.000000	0.000000
688.237586	13.569188	0.000000	0.000000
688.282462	13.569188	0.000000	0.000000
688.324973	13.569188	0.000000	0.000000
688.387817	13.563903	0.000000	0.000000
688.428583	13.563903	0.000000	0.000000
688.466027	13.563903	0.000000	0.000000
688.507272	13.563903	0.000000	0.000000
688.551281	13.566575	0.000000	0.000000
688.587983	13.566575	0.000000	0.000000
688.629685	13.566575	0.000000	0.000000
688.674167	13.568902	0.000000	0.000000
688.714426	13.568902	0.000000	0.000000
688.752610	13.568902	0.000000	0.000000
688.793703	13.558448	0.000000	0.000000
688.834345	13.558448	0.000000	0.000000
688.873471	13.558448	0.000000	0.000000
688.914615	13.594990	0.000000	0.000000
688.956312	13.594990	0.000000	0.000000
688.995100	13.594990	0.000000	0.000000
689.035911	13.578910	0.000000	0.000000
689.077570	13.578910	0.000000	0.000000
689.122055	13.578910	0.000000	0.000000
689.158033	13.578910	0.000000	0.000000
689.202818	13.558256	0.000000	0.000000
689.242302	13.558256	0.000000	0.000000
689.313026	13.584851	0.000000	0.000000
689.356861	13.584851	0.000000	0.000000
689.392359	13.584851	0.000000	0.000000
689.429860	13.584851	0.000000	0.000000
689.475388	13.586401	0.000000	0.000000
689.516299	13.586401	0.000000	0.000000
689.578786	13.599792	0.000000	0.000000
689.622105	13.599792	0.000000	0.000000
689.658188	13.599792	0.000000	0.000000
689.695719	13.599792	0.000000	0.000000
689.740845	13.585779	0.000000	0.000000
689.780663	13.585779	0.000000	0.000000
689.822238	13.585779	0.000000	0.000000
689.865975	13.580605	0.000000	0.000000
689.922193	13.580605	0.000000	0.000000
689.966015	13.577825	0.000000	0.000000
690.006015	13.577825	0.000000	0.000000
690.048434	13.577825	0.000000	0.000000
690.087946	13.577825	0.000000	0.000000
690.154207	13.595474	0.000000	0.000000
690.195508	13.595474	0.000000	0.000000
690.233383	13.595474	0.000000	0.000000
690.277559	13.604840	0.000000	0.000000
690.320496	13.604840	0.000000	0.000000
690.389911	13.571428	0.000000	0.000000
690.432044	13.571428	0.000000	0.000000
690.469435	13.571428	0.000000	0.000000
690.516561	13.597999	0.000000	0.000000
690.558732	13.597999	0.000000	0.000000
690.621688	13.597999	0.000000	0.000000
690.667435	13.578572	0.000000	0.000000
690.706786	13.578572	0.000000	0.000000
690.752424	13.578572	0.000000	0.000000
690.793130	13.587367	0.000000	0.000000
690.856403	13.587367	0.000000	0.000000
690.892506	13.587367	0.000000	0.000000
690.942479	13.474453	0.000000	0.000000
690.983274	13.474453	0.000000	0.000000
691.044992	13.466740	0.000000	0.000000
691.089262	13.466740	0.000000	0.000000
691.125434	13.466740	0.000000	0.000000
691.171995	13.461491	0.000000	0.000000
691.212165	13.461491	0.000000	0.000000
691.279947	13.461491	0.000000	0.000000
691.324623	13.451335	0.000000	0.000000
691.361690	13.451335	0.000000	0.000000
691.399671	13.451335	0.000000	0.000000
691.443913	13.453384	0.000000	0.000000
691.487539	13.453384	0.000000	0.000000
691.549619	13.453384	0.000000	0.000000
691.591231	13.441643	0.000000	0.000000
691.630943	13.441643	0.000000	0.000000
691.669635	13.441643	0.000000	0.000000
691.713187	13.449881	0.000000	0.000000
691.758092	13.449881	0.000000	0.000000
691.794103	13.449881	0.000000	0.000000
691.837471	13.445023	0.000000	0.000000
691.883619	13.445023	0.000000	0.000000
691.955937	13.445023	0.000000	0.000000
691.997909	13.442398	0.000000	0.000000
692.038766	13.442398	0.000000	0.000000
692.075501	13.442398	0.000000	0.000000
692.122833	13.439924	0.000000	0.000000
692.168068	13.439924	0.000000	0.000000
692.204896	13.439924	0.000000	0.000000
692.246796	13.425664	0.000000	0.000000
692.288774	13.425664	0.000000	0.000000
692.360150	13.425664	0.000000	0.000000
692.404874	13.413721	0.000000	0.000000
692.443435	13.413721	0.000000	0.000000
692.488001	13.413721	0.000000	0.000000
692.528245	13.417390	0.000000	0.000000
692.575492	13.417390	0.000000	0.000000
692.612345	13.417390	0.000000	0.000000
692.654799	13.395738	0.000000	0.000000
692.698613	13.395738	0.000000	0.000000
692.737102	13.395738	0.000000	0.000000
692.781910	13.406364	0.000000	0.000000
692.828826	13.406364	0.000000	0.000000
692.866301	13.406364	0.000000	0.000000
692.908256	13.399222	0.000000	0.000000
692.950986	13.399222	0.000000	0.000000
692.989202	13.399222	0.000000	0.000000
693.028795	13.399222	0.000000	0.000000
693.076099	13.392042	0.000000	0.000000
693.116219	13.392042	0.000000	0.000000
693.154707	13.392042	0.000000	0.000000
693.199286	13.369378	0.000000	0.000000
693.239576	13.369378	0.000000	0.000000
693.279139	13.369378	0.000000	0.000000
693.324403	13.385548	0.000000	0.000000
693.366073	13.385548	0.000000	0.000000
693.407447	13.385548	0.000000	0.000000
693.447819	13.401780	0.000000	0.000000
693.490262	13.401780	0.000000	0.000000
693.529485	13.401780	0.000000	0.000000
693.599136	13.375356	0.000000	0.000000
693.642653	13.375356	0.000000	0.000000
693.680506	13.375356	0.000000	0.000000
693.726075	13.374124	0.000000	0.000000
693.766484	13.374124	0.000000	0.000000
693.831336	13.374124	0.000000	0.000000
693.876699	13.392759	0.000000	0.000000
693.914463	13.392759	0.000000	0.000000
693.957415	13.392759	0.000000	0.000000
693.998699	13.377179	0.000000	0.000000
694.048309	13.377179	0.000000	0.000000
694.084186	13.377179	0.000000	0.000000
694.124983	13.403373	0.000000	0.000000
694.168892	13.403373	0.000000	0.000000
694.207689	13.403373	0.000000	0.000000
694.273306	13.393657	0.000000	0.000000
694.314737	13.393657	0.000000	0.000000
694.351528	13.393657	0.000000	0.000000
694.397005	13.382677	0.000000	0.000000
694.437285	13.382677	0.000000	0.000000
694.475099	13.382677	0.000000	0.000000
694.522761	13.387909	0.000000	0.000000
694.560180	13.387909	0.000000	0.000000
694.602722	13.387909	0.000000	0.000000
694.642024	13.394161	0.000000	0.000000
694.687531	13.394161	0.000000	0.000000
694.725238	13.394161	0.000000	0.000000
694.791197	13.400155	0.000000	0.000000
694.834431	13.400155	0.000000	0.000000
694.871290	13.400155	0.000000	0.000000
694.917148	13.390928	0.000000	0.000000
694.956491	13.390928	0.000000	0.000000
695.024548	13.390928	0.000000	0.000000
695.069149	13.388694	0.000000	0.000000
695.106028	13.388694	0.000000	0.000000
695.145790	13.388694	0.000000	0.000000
695.194274	13.393024	0.000000	0.000000
695.233762	13.393024	0.000000	0.000000
695.307435	13.397084	0.000000	0.000000
695.350439	13.397084	0.000000	0.000000
695.389172	13.397084	0.000000	0.000000
695.428089	13.397084	0.000000	0.000000
695.472935	13.414127	0.000000	0.000000
695.512789	13.414127	0.000000	0.000000
695.552630	13.414127	0.000000	0.000000
695.594560	13.396643	0.000000	0.000000
695.637621	13.396643	0.000000	0.000000
695.674240	13.396643	0.000000	0.000000
695.718498	13.409766	0.000000	0.000000
695.760887	13.409766	0.000000	0.000000
695.800131	13.409766	0.000000	0.000000
695.840437	13.416044	0.000000	0.000000
695.881092	13.416044	0.000000	0.000000
695.920648	13.416044	0.000000	0.000000
695.960603	13.416044	0.000000	0.000000
696.003431	13.412187	0.000000	0.000000
696.045942	13.412187	0.000000	0.000000
696.082544	13.412187	0.000000	0.000000
696.129104	13.430895	0.000000	0.000000
696.168849	13.430895	0.000000	0.000000
696.229833	13.430895	0.000000	0.000000
696.274131	13.408146	0.000000	0.000000
696.311580	13.408146	0.000000	0.000000
696.356567	13.408146	0.000000	0.000000
696.399267	13.431326	0.000000	0.000000
696.447177	13.431326	0.000000	0.000000
696.484013	13.431326	0.000000	0.000000
696.526519	13.418823	0.000000	0.000000
696.569712	13.418823	0.000000	0.000000
696.609676	13.418823	0.000000	0.000000
696.672528	13.441364	0.000000	0.000000
696.711559	13.441364	0.000000	0.000000
696.749798	13.441364	0.000000	0.000000
696.792798	13.425596	0.000000	0.000000
696.831939	13.425596	0.000000	0.000000
696.874207	13.425596	0.000000	0.000000
696.920179	13.412085	0.000000	0.000000
696.957887	13.412085	0.000000	0.000000
697.001097	13.412085	0.000000	0.000000
697.039886	13.435068	0.000000	0.000000
697.088338	13.435068	0.000000	0.000000
697.124931	13.435068	0.000000	0.000000
697.172389	13.421934	0.000000	0.000000
697.214152	13.421934	0.000000	0.000000
697.254497	13.421934	0.000000	0.000000
697.298099	13.463478	0.000000	0.000000
697.339557	13.463478	0.000000	0.000000
697.402209	13.463478	0.000000	0.000000
697.444479	13.454706	0.000000	0.000000
697.488733	13.454706	0.000000	0.000000
697.526213	13.454706	0.000000	0.000000
697.567317	13.442301	0.000000	0.000000
697.612734	13.442301	0.000000	0.000000
697.652977	13.442301	0.000000	0.000000
697.718598	13.426888	0.000000	0.000000
697.759886	13.426888	0.000000	0.000000
697.795398	13.426888	0.000000	0.000000
697.834007	13.426888	0.000000	0.000000
697.883835	13.457967	0.000000	0.000000
697.922515	13.457967	0.000000	0.000000
697.961400	13.457967	0.000000	0.000000
698.005968	13.462377	0.000000	0.000000
698.045536	13.462377	0.000000	0.000000
698.084556	13.462377	0.000000	0.000000
698.129697	13.459760	0.000000	0.000000
698.171181	13.459760	0.000000	0.000000
698.210995	13.459760	0.000000	0.000000
698.251676	13.449384	0.000000	0.000000
698.292298	13.449384	0.000000	0.000000
698.333259	13.449384	0.000000	0.000000
698.373459	13.448071	0.000000	0.000000
698.412788	13.448071	0.000000	0.000000
698.453347	13.448071	0.000000	0.000000
698.491746	13.448071	0.000000	0.000000
698.532995	13.478563	0.000000	0.000000
698.572250	13.478563	0.000000	0.000000
698.609899	13.478563	0.000000	0.000000
698.651778	13.476248	0.000000	0.000000
698.692073	13.476248	0.000000	0.000000
698.732416	13.476248	0.000000	0.000000
698.772131	13.460521	0.000000	0.000000
698.813125	13.460521	0.000000	0.000000
698.853611	13.460521	0.000000	0.000000
698.889696	13.460521	0.000000	0.000000
698.954664	13.473990	0.000000	0.000000
698.993705	13.473990	0.000000	0.000000
699.033235	13.473990	0.000000	0.000000
699.073926	13.489326	0.000000	0.000000
699.115349	13.489326	0.000000	0.000000
699.159212	13.489326	0.000000	0.000000
699.205291	13.487443	0.000000	0.000000
699.242495	13.487443	0.000000	0.000000
699.286847	13.487443	0.000000	0.000000
699.329803	13.519792	0.000000	0.000000
699.375331	13.519792	0.000000	0.000000
699.411226	13.519792	0.000000	0.000000
699.451350	13.520259	0.000000	0.000000
699.527699	13.520259	0.000000	0.000000
699.567093	13.496591	0.000000	0.000000
699.610431	13.496591	0.000000	0.000000
699.652935	13.496591	0.000000	0.000000
699.691926	13.506477	0.000000	0.000000
699.735075	13.506477	0.000000	0.000000
699.775370	13.506477	0.000000	0.000000
699.812366	13.506477	0.000000	0.000000
699.855935	13.538220	0.000000	0.000000
699.893792	13.538220	0.000000	0.000000
699.934839	13.538220	0.000000	0.000000
699.977877	13.535364	0.000000	0.000000
700.018328	13.535364	0.000000	0.000000
700.061190	13.535364	0.000000	0.000000
700.101909	13.548805	0.000000	0.000000
700.154528	13.548805	0.000000	0.000000
700.191139	13.548805	0.000000	0.000000
700.233103	13.548805	0.000000	0.000000
700.282568	13.552455	0.000000	0.000000
700.354575	13.552455	0.000000	0.000000
700.402407	13.537164	0.000000	0.000000
700.440805	13.537164	0.000000	0.000000
700.480295	13.537164	0.000000	0.000000
700.526650	13.572894	0.000000	0.000000
700.567188	13.572894	0.000000	0.000000
700.639395	13.569362	0.000000	0.000000
700.681065	13.569362	0.000000	0.000000
700.722051	13.569362	0.000000	0.000000
700.760569	13.569362	0.000000	0.000000
700.804072	13.547942	0.000000	0.000000
700.842869	13.547942	0.000000	0.000000
700.881008	13.547942	0.000000	0.000000
700.928629	13.569844	0.000000	0.000000
700.967090	13.569844	0.000000	0.000000
701.004872	13.569844	0.000000	0.000000
701.074247	13.582055	0.000000	0.000000
701.115672	13.582055	0.000000	0.000000
701.152417	13.582055	0.000000	0.000000
701.196327	13.581091	0.000000	0.000000
701.237695	13.581091	0.000000	0.000000
701.276583	13.581091	0.000000	0.000000
701.323317	13.584927	0.000000	0.000000
701.361176	13.584927	0.000000	0.000000
701.399778	13.584927	0.000000	0.000000
701.465416	13.577609	0.000000	0.000000
701.501845	13.577609	0.000000	0.000000
701.542338	13.577609	0.000000	0.000000
701.587130	13.560380	0.000000	0.000000
701.624656	13.560380	0.000000	0.000000
701.666917	13.560380	0.000000	0.000000
701.709350	13.564752	0.000000	0.000000
701.776981	13.564752	0.000000	0.000000
701.817876	13.564752	0.000000	0.000000
701.858056	13.606489	0.000000	0.000000
701.900315	13.606489	0.000000	0.000000
701.940320	13.606489	0.000000	0.000000
702.007210	13.579876	0.000000	0.000000
702.049635	13.579876	0.000000	0.000000
702.088075	13.579876	0.000000	0.000000
702.130201	13.587310	0.000000	0.000000
702.170925	13.587310	0.000000	0.000000
702.239072	13.592876	0.000000	0.000000
702.283026	13.592876	0.000000	0.000000
702.321484	13.592876	0.000000	0.000000
702.360775	13.592876	0.000000	0.000000
702.406973	13.587049	0.000000	0.000000
702.446546	13.587049	0.000000	0.000000
702.512126	13.630245	0.000000	0.000000
702.554500	13.630245	0.000000	0.000000
702.591053	13.630245	0.000000	0.000000
702.628135	13.630245	0.000000	0.000000
702.672505	13.601499	0.000000	0.000000
702.715693	13.601499	0.000000	0.000000
702.754438	13.601499	0.000000	0.000000
702.813315	13.580756	0.000000	0.000000
702.853137	13.580756	0.000000	0.000000
702.920422	13.587671	0.000000	0.000000
702.962947	13.587671	0.000000	0.000000
703.001750	13.587671	0.000000	0.000000
703.042395	13.611800	0.000000	0.000000
703.086396	13.611800	0.000000	0.000000
703.123621	13.611800	0.000000	0.000000
703.161602	13.611800	0.000000	0.000000
703.204761	13.598157	0.000000	0.000000
703.243819	13.598157	0.000000	0.000000
703.280472	13.598157	0.000000	0.000000
703.324887	13.597051	0.000000	0.000000
703.367338	13.597051	0.000000	0.000000
703.405797	13.597051	0.000000	0.000000
703.447547	13.592174	0.000000	0.000000
703.488597	13.592174	0.000000	0.000000
703.527037	13.592174	0.000000	0.000000
703.568574	13.595309	0.000000	0.000000
703.610699	13.595309	0.000000	0.000000
703.650047	13.595309	0.000000	0.000000
703.688906	13.595309	0.000000	0.000000
703.730356	13.607747	0.000000	0.000000
703.772546	13.607747	0.000000	0.000000
703.808884	13.607747	0.000000	0.000000
703.852133	13.621613	0.000000	0.000000
703.893928	13.621613	0.000000	0.000000
703.932339	13.621613	0.000000	0.000000
703.973927	13.583003	0.000000	0.000000
704.015306	13.583003	0.000000	0.000000
704.054512	13.583003	0.000000	0.000000
704.093725	13.601233	0.000000	0.000000
704.170544	13.601233	0.000000	0.000000
704.209872	13.601233	0.000000	0.000000
704.254502	13.607019	0.000000	0.000000
704.292773	13.607019	0.000000	0.000000
704.335441	13.607019	0.000000	0.000000
704.375573	13.589183	0.000000	0.000000
704.449596	13.589183	0.000000	0.000000
704.488253	13.589183	0.000000	0.000000
704.541800	13.476794	0.000000	0.000000
704.578362	13.476794	0.000000	0.000000
704.623442	13.468469	0.000000	0.000000
704.663128	13.468469	0.000000	0.000000
704.729171	13.468469	0.000000	0.000000
704.774627	13.475898	0.000000	0.000000
704.815232	13.475898	0.000000	0.000000
704.857782	13.475898	0.000000	0.000000
704.895649	13.472155	0.000000	0.000000
704.943787	13.472155	0.000000	0.000000
704.981692	13.472155	0.000000	0.000000
705.026787	13.486322	0.000000	0.000000
705.067761	13.486322	0.000000	0.000000
705.137595	13.486322	0.000000	0.000000
705.182090	13.456207	0.000000	0.000000
705.221958	13.456207	0.000000	0.000000
705.263728	13.456207	0.000000	0.000000
705.304475	13.449830	0.000000	0.000000
705.360254	13.449830	0.000000	0.000000
705.398705	13.449830	0.000000	0.000000
705.445116	13.435437	0.000000	0.000000
705.485061	13.435437	0.000000	0.000000
705.544196	13.435437	0.000000	0.000000
705.588374	13.429373	0.000000	0.000000
705.627914	13.429373	0.000000	0.000000
705.671534	13.429373	0.000000	0.000000
705.714756	13.452796	0.000000	0.000000
705.765073	13.452796	0.000000	0.000000
705.801204	13.452796	0.000000	0.000000
705.843883	13.426385	0.000000	0.000000
705.889417	13.426385	0.000000	0.000000
705.928423	13.426385	0.000000	0.000000
705.994977	13.421732	0.000000	0.000000
706.036269	13.421732	0.000000	0.000000
706.074174	13.421732	0.000000	0.000000
706.117570	13.422578	0.000000	0.000000
706.159446	13.422578	0.000000	0.000000
706.197007	13.422578	0.000000	0.000000
706.238088	13.414255	0.000000	0.000000
706.277924	13.414255	0.000000	0.000000
706.317920	13.414255	0.000000	0.000000
706.360007	13.414255	0.000000	0.000000
706.402596	13.417949	0.000000	0.000000
706.441418	13.417949	0.000000	0.000000
706.480765	13.417949	0.000000	0.000000
706.519970	13.398238	0.000000	0.000000
706.563403	13.398238	0.000000	0.000000
706.602644	13.398238	0.000000	0.000000
706.665261	13.397257	0.000000	0.000000
706.704957	13.397257	0.000000	0.000000
706.742151	13.397257	0.000000	0.000000
706.786297	13.390328	0.000000	0.000000
706.829437	13.390328	0.000000	0.000000
706.866773	13.390328	0.000000	0.000000
706.908813	13.396562	0.000000	0.000000
706.947830	13.396562	0.000000	0.000000
706.986962	13.396562	0.000000	0.000000
707.031520	13.393265	0.000000	0.000000
707.072851	13.393265	0.000000	0.000000
707.115622	13.393265	0.000000	0.000000
707.153559	13.393265	0.000000	0.000000
707.204350	13.381342	0.000000	0.000000
707.243000	13.381342	0.000000	0.000000
707.286308	13.381342	0.000000	0.000000
707.331029	13.385261	0.000000	0.000000
707.370252	13.385261	0.000000	0.000000
707.409696	13.385261	0.000000	0.000000
707.476885	13.402474	0.000000	0.000000
707.517719	13.402474	0.000000	0.000000
707.555519	13.402474	0.000000	0.000000
707.601381	13.417684	0.000000	0.000000
707.640421	13.417684	0.000000	0.000000
707.709806	13.403509	0.000000	0.000000
707.754578	13.403509	0.000000	0.000000
707.791413	13.403509	0.000000	0.000000
707.837128	13.386590	0.000000	0.000000
707.878323	13.386590	0.000000	0.000000
707.942781	13.386590	0.000000	0.000000
707.989684	13.407144	0.000000	0.000000
708.027439	13.407144	0.000000	0.000000
708.071659	13.407144	0.000000	0.000000
708.111176	13.403460	0.000000	0.000000
708.161747	13.403460	0.000000	0.000000
708.201384	13.403460	0.000000	0.000000
708.242794	13.414185	0.000000	0.000000
708.286704	13.414185	0.000000	0.000000
708.327854	13.414185	0.000000	0.000000
708.398809	13.406333	0.000000	0.000000
708.442417	13.406333	0.000000	0.000000
708.482600	13.406333	0.000000	0.000000
708.525187	13.389775	0.000000	0.000000
708.564747	13.389775	0.000000	0.000000
708.606632	13.389775	0.000000	0.000000
708.657160	13.390873	0.000000	0.000000
708.695287	13.390873	0.000000	0.000000
708.733492	13.390873	0.000000	0.000000
708.802628	13.397770	0.000000	0.000000
708.841603	13.397770	0.000000	0.000000
708.879687	13.397770	0.000000	0.000000
708.923075	13.414180	0.000000	0.000000
708.962336	13.414180	0.000000	0.000000
708.999701	13.414180	0.000000	0.000000
709.046801	13.406617	0.000000	0.000000
709.085077	13.406617	0.000000	0.000000
709.129915	13.406617	0.000000	0.000000
709.169509	13.412404	0.000000	0.000000
709.217350	13.412404	0.000000	0.000000
709.256342	13.412404	0.000000	0.000000
709.305314	13.405307	0.000000	0.000000
709.345725	13.405307	0.000000	0.000000
709.386077	13.405307	0.000000	0.000000
709.430541	13.403234	0.000000	0.000000
709.472116	13.403234	0.000000	0.000000
709.537810	13.403234	0.000000	0.000000
709.580748	13.439162	0.000000	0.000000
709.620127	13.439162	0.000000	0.000000
709.660067	13.439162	0.000000	0.000000
709.702332	13.422238	0.000000	0.000000
709.746227	13.422238	0.000000	0.000000
709.782397	13.422238	0.000000	0.000000
709.826599	13.405745	0.000000	0.000000
709.869467	13.405745	0.000000	0.000000
709.928431	13.405745	0.000000	0.000000
709.967279	13.417273	0.000000	0.000000
710.012980	13.417273	0.000000	0.000000
710.054189	13.417273	0.000000	0.000000
710.093598	13.417273	0.000000	0.000000
710.135066	13.412810	0.000000	0.000000
710.175202	13.412810	0.000000	0.000000
710.218320	13.412810	0.000000	0.000000
710.264640	13.446371	0.000000	0.000000
710.303599	13.446371	0.000000	0.000000
710.346720	13.446371	0.000000	0.000000
710.387639	13.425611	0.000000	0.000000
710.437490	13.425611	0.000000	0.000000
710.473970	13.425611	0.000000	0.000000
710.514708	13.426451	0.000000	0.000000
710.587274	13.426451	0.000000	0.000000
710.630207	13.417470	0.000000	0.000000
710.673389	13.417470	0.000000	0.000000
710.713978	13.417470	0.000000	0.000000
710.751061	13.417470	0.000000	0.000000
710.792434	13.445337	0.000000	0.000000
710.834330	13.445337	0.000000	0.000000
710.872853	13.445337	0.000000	0.000000
710.916257	13.459678	0.000000	0.000000
710.956341	13.459678	0.000000	0.000000
710.994076	13.459678	0.000000	0.000000
711.037490	13.437314	0.000000	0.000000
711.078107	13.437314	0.000000	0.000000
711.116830	13.437314	0.000000	0.000000
711.155695	13.437314	0.000000	0.000000
711.197583	13.469143	0.000000	0.000000
711.236707	13.469143	0.000000	0.000000
711.276911	13.469143	0.000000	0.000000
711.318638	13.460420	0.000000	0.000000
711.361119	13.460420	0.000000	0.000000
711.399527	13.460420	0.000000	0.000000
711.462680	13.461317	0.000000	0.000000
711.504754	13.461317	0.000000	0.000000
711.541312	13.461317	0.000000	0.000000
711.588947	13.482458	0.000000	0.000000
711.628836	13.482458	0.000000	0.000000
711.696008	13.442383	0.000000	0.000000
711.742472	13.442383	0.000000	0.000000
711.778775	13.442383	0.000000	0.000000
711.818470	13.442383	0.000000	0.000000
711.862638	13.452866	0.000000	0.000000
711.904178	13.452866	0.000000	0.000000
711.977071	13.453216	0.000000	0.000000
712.020325	13.453216	0.000000	0.000000
712.058046	13.453216	0.000000	0.000000
712.099114	13.472441	0.000000	0.000000
712.141404	13.472441	0.000000	0.000000
712.178318	13.472441	0.000000	0.000000
712.217935	13.472441	0.000000	0.000000
712.260412	13.454826	0.000000	0.000000
712.301240	13.454826	0.000000	0.000000
712.339522	13.454826	0.000000	0.000000
712.383043	13.475668	0.000000	0.000000
712.423442	13.475668	0.000000	0.000000
712.462103	13.475668	0.000000	0.000000
712.503648	13.456932	0.000000	0.000000
712.545486	13.456932	0.000000	0.000000
712.583441	13.456932	0.000000	0.000000
712.627283	13.465505	0.000000	0.000000
712.670385	13.465505	0.000000	0.000000
712.711802	13.465505	0.000000	0.000000
712.749335	13.465505	0.000000	0.000000
712.795204	13.509653	0.000000	0.000000
712.837190	13.509653	0.000000	0.000000
712.900714	13.501165	0.000000	0.000000
712.944096	13.501165	0.000000	0.000000
712.983092	13.501165	0.000000	0.000000
713.026264	13.489198	0.000000	0.000000
713.070258	13.489198	0.000000	0.000000
713.130714	13.489198	0.000000	0.000000
713.175251	13.502666	0.000000	0.000000
713.214461	13.502666	0.000000	0.000000
713.257874	13.502666	0.000000	0.000000
713.296564	13.521497	0.000000	0.000000
713.346990	13.521497	0.000000	0.000000
713.385447	13.521497	0.000000	0.000000
713.431455	13.533392	0.000000	0.000000
713.471264	13.533392	0.000000	0.000000
713.523301	13.533392	0.000000	0.000000
713.560465	13.533392	0.000000	0.000000
713.606684	13.524127	0.000000	0.000000
713.645421	13.524127	0.000000	0.000000
713.689440	13.524906	0.000000	0.000000
713.730898	13.524906	0.000000	0.000000
713.777787	13.524906	0.000000	0.000000
713.814655	13.524906	0.000000	0.000000
713.855776	13.516560	0.000000	0.000000
713.928166	13.516560	0.000000	0.000000
713.968095	13.560070	0.000000	0.000000
714.010654	13.560070	0.000000	0.000000
714.051228	13.560070	0.000000	0.000000
714.089124	13.560070	0.000000	0.000000
714.133689	13.564927	0.000000	0.000000
714.175257	13.564927	0.000000	0.000000
714.213197	13.564927	0.000000	0.000000
714.260190	13.549199	0.000000	0.000000
714.295602	13.549199	0.000000	0.000000
714.334951	13.549199	0.000000	0.000000
714.402393	13.559181	0.000000	0.000000
714.442473	13.559181	0.000000	0.000000
714.482435	13.559181	0.000000	0.000000
714.533663	13.563048	0.000000	0.000000
714.574904	13.563048	0.000000	0.000000
714.615306	13.563048	0.000000	0.000000
714.659756	13.573381	0.000000	0.000000
714.698639	13.573381	0.000000	0.000000
714.739973	13.573381	0.000000	0.000000
714.780723	13.589270	0.000000	0.000000
714.832522	13.589270	0.000000	0.000000
714.868990	13.589270	0.000000	0.000000
714.910951	13.561774	0.000000	0.000000
714.955168	13.561774	0.000000	0.000000
714.995370	13.561774	0.000000	0.000000
715.060733	13.567680	0.000000	0.000000
715.103406	13.567680	0.000000	0.000000
715.141716	13.567680	0.000000	0.000000
715.186244	13.586719	0.000000	0.000000
715.228574	13.586719	0.000000	0.000000
715.266687	13.586719	0.000000	0.000000
715.310250	13.586999	0.000000	0.000000
715.349434	13.586999	0.000000	0.000000
715.388464	13.586999	0.000000	0.000000
715.432068	13.595088	0.000000	0.000000
715.473979	13.595088	0.000000	0.000000
715.516619	13.595088	0.000000	0.000000
715.554219	13.595088	0.000000	0.000000
715.605183	13.598982	0.000000	0.000000
715.640595	13.598982	0.000000	0.000000
715.682154	13.598982	0.000000	0.000000
715.725907	13.587151	0.000000	0.000000
715.765788	13.587151	0.000000	0.000000
715.821047	13.583900	0.000000	0.000000
715.860827	13.583900	0.000000	0.000000
715.903432	13.583900	0.000000	0.000000
715.943733	13.583900	0.000000	0.000000
716.007303	13.600138	0.000000	0.000000
716.048592	13.600138	0.000000	0.000000
716.086981	13.600138	0.000000	0.000000
716.129044	13.600048	0.000000	0.000000
716.170475	13.600048	0.000000	0.000000
716.209690	13.600048	0.000000	0.000000
716.258565	13.573950	0.000000	0.000000
716.294823	13.573950	0.000000	0.000000
716.333388	13.573950	0.000000	0.000000
716.416316	13.601113	0.000000	0.000000
716.455581	13.601113	0.000000	0.000000
716.499171	13.581797	0.000000	0.000000
716.541489	13.581797	0.000000	0.000000
716.580467	13.581797	0.000000	0.000000
716.621434	13.609434	0.000000	0.000000
716.663692	13.609434	0.000000	0.000000
716.704563	13.609434	0.000000	0.000000
716.741828	13.609434	0.000000	0.000000
716.784715	13.609555	0.000000	0.000000
716.824254	13.609555	0.000000	0.000000
716.863757	13.609555	0.000000	0.000000
716.904698	13.592853	0.000000	0.000000
716.944970	13.592853	0.000000	0.000000
716.986315	13.592853	0.000000	0.000000
717.026198	13.581803	0.000000	0.000000
717.067591	13.581803	0.000000	0.000000
717.106958	13.581803	0.000000	0.000000
717.147466	13.581803	0.000000	0.000000
717.188207	13.609655	0.000000	0.000000
717.229161	13.609655	0.000000	0.000000
717.267970	13.609655	0.000000	0.000000
717.309367	13.613229	0.000000	0.000000
717.349613	13.613229	0.000000	0.000000
717.390512	13.613229	0.000000	0.000000
717.429611	13.582832	0.000000	0.000000
717.498838	13.582832	0.000000	0.000000
717.537747	13.582832	0.000000	0.000000
717.584398	13.606768	0.000000	0.000000
717.621795	13.606768	0.000000	0.000000
717.659100	13.606768	0.000000	0.000000
717.705494	13.595253	0.000000	0.000000
717.746864	13.595253	0.000000	0.000000
717.809440	13.595253	0.000000	0.000000
717.855419	13.595113	0.000000	0.000000
717.894549	13.595113	0.000000	0.000000
717.937399	13.595113	0.000000	0.000000
717.978860	13.620697	0.000000	0.000000
718.045999	13.620697	0.000000	0.000000
718.086821	13.620697	0.000000	0.000000
718.127900	13.598813	0.000000	0.000000
718.172501	13.598813	0.000000	0.000000
718.208144	13.598813	0.000000	0.000000
718.282921	13.608119	0.000000	0.000000
718.323640	13.608119	0.000000	0.000000
718.364189	13.475585	0.000000	0.000000
718.405458	13.475585	0.000000	0.000000
718.445399	13.475585	0.000000	0.000000
718.485306	13.475585	0.000000	0.000000
718.533163	13.487194	0.000000	0.000000
718.570713	13.487194	0.000000	0.000000
718.609819	13.487194	0.000000	0.000000
718.676002	13.484956	0.000000	0.000000
718.714267	13.484956	0.000000	0.000000
718.758022	13.463427	0.000000	0.000000
718.799679	13.463427	0.000000	0.000000
718.837926	13.463427	0.000000	0.000000
718.875856	13.463427	0.000000	0.000000
718.919453	13.468991	0.000000	0.000000
718.960005	13.468991	0.000000	0.000000
718.998538	13.468991	0.000000	0.000000
719.042079	13.438697	0.000000	0.000000
719.082847	13.438697	0.000000	0.000000
719.120038	13.438697	0.000000	0.000000
719.161520	13.474701	0.000000	0.000000
719.202665	13.474701	0.000000	0.000000
719.240639	13.474701	0.000000	0.000000
719.279912	13.474701	0.000000	0.000000
719.323173	13.471200	0.000000	0.000000
719.366790	13.471200	0.000000	0.000000
719.402831	13.471200	0.000000	0.000000
719.451211	13.450439	0.000000	0.000000
719.488520	13.450439	0.000000	0.000000
719.550456	13.458873	0.000000	0.000000
719.591688	13.458873	0.000000	0.000000
719.629557	13.458873	0.000000	0.000000
719.668301	13.458873	0.000000	0.000000
719.710662	13.450832	0.000000	0.000000
719.751158	13.450832	0.000000	0.000000
719.790345	13.450832	0.000000	0.000000
719.833415	13.441614	0.000000	0.000000
719.874658	13.441614	0.000000	0.000000
719.911662	13.441614	0.000000	0.000000
719.953706	13.439919	0.000000	0.000000
719.995018	13.439919	0.000000	0.000000
720.036137	13.439919	0.000000	0.000000
720.075344	13.439919	0.000000	0.000000
720.120135	13.437736	0.000000	0.000000
720.160162	13.437736	0.000000	0.000000
720.200151	13.437736	0.000000	0.000000
720.242754	13.407824	0.000000	0.000000
720.290082	13.407824	0.000000	0.000000
720.328342	13.407824	0.000000	0.000000
720.374119	13.420402	0.000000	0.000000
720.415688	13.420402	0.000000	0.000000
720.486780	13.420402	0.000000	0.000000
720.533918	13.432073	0.000000	0.000000
720.570982	13.432073	0.000000	0.000000
720.614731	13.432073	0.000000	0.000000
720.656412	13.418341	0.000000	0.000000
720.696490	13.418341	0.000000	0.000000
720.773814	13.403464	0.000000	0.000000
720.817302	13.403464	0.000000	0.000000
720.854282	13.403464	0.000000	0.000000
720.898587	13.399395	0.000000	0.000000
720.942920	13.399395	0.000000	0.000000
721.003574	13.399395	0.000000	0.000000
721.047987	13.413131	0.000000	0.000000
721.086339	13.413131	0.000000	0.000000
721.124074	13.413131	0.000000	0.000000
721.170119	13.414950	0.000000	0.000000
721.209732	13.414950	0.000000	0.000000
721.271638	13.414950	0.000000	0.000000
721.317688	13.410205	0.000000	0.000000
721.357838	13.410205	0.000000	0.000000
721.399055	13.410205	0.000000	0.000000
721.442762	13.400610	0.000000	0.000000
721.506585	13.400610	0.000000	0.000000
721.549570	13.406926	0.000000	0.000000
721.594439	13.406926	0.000000	0.000000
721.637189	13.406926	0.000000	0.000000
721.676185	13.406926	0.000000	0.000000
721.743919	13.402307	0.000000	0.000000
721.786564	13.402307	0.000000	0.000000
721.824919	13.414785	0.000000	0.000000
721.870018	13.414785	0.000000	0.000000
721.910245	13.414785	0.000000	0.000000
721.982922	13.413253	0.000000	0.000000
722.027749	13.413253	0.000000	0.000000
722.064269	13.413253	0.000000	0.000000
722.109814	13.390814	0.000000	0.000000
722.151053	13.390814	0.000000	0.000000
722.214372	13.390814	0.000000	0.000000
722.259902	13.396985	0.000000	0.000000
722.298178	13.396985	0.000000	0.000000
722.340307	13.396985	0.000000	0.000000
722.383595	13.405905	0.000000	0.000000
722.451068	13.405905	0.000000	0.000000
722.488916	13.405905	0.000000	0.000000
722.528776	13.407905	0.000000	0.000000
722.567977	13.407905	0.000000	0.000000
722.608167	13.407905	0.000000	0.000000
722.647527	13.412287	0.000000	0.000000
722.689096	13.412287	0.000000	0.000000
722.730184	13.412287	0.000000	0.000000
722.774960	13.416575	0.000000	0.000000
722.814291	13.416575	0.000000	0.000000
722.858669	13.416575	0.000000	0.000000
722.899408	13.400711	0.000000	0.000000
722.951148	13.400711	0.000000	0.000000
722.988971	13.400711	0.000000	0.000000
723.029542	13.413131	0.000000	0.000000
723.073653	13.413131	0.000000	0.000000
723.113183	13.413131	0.000000	0.000000
723.155101	13.418288	0.000000	0.000000
723.199552	13.418288	0.000000	0.000000
723.237107	13.418288	0.000000	0.000000
723.313371	13.418824	0.000000	0.000000
723.354527	13.418824	0.000000	0.000000
723.393335	13.418824	0.000000	0.000000
723.437442	13.429087	0.000000	0.000000
723.478146	13.429087	0.000000	0.000000
723.519885	13.429087	0.000000	0.000000
723.563711	13.419218	0.000000	0.000000
723.627527	13.419218	0.000000	0.000000
723.667759	13.419218	0.000000	0.000000
723.708335	13.432763	0.000000	0.000000
723.752393	13.432763	0.000000	0.000000
723.792246	13.432763	0.000000	0.000000
723.859791	13.439241	0.000000	0.000000
723.903471	13.439241	0.000000	0.000000
723.941500	13.439241	0.000000	0.000000
723.995180	13.413705	0.000000	0.000000
724.037131	13.413705	0.000000	0.000000
724.110753	13.415013	0.000000	0.000000
724.152544	13.415013	0.000000	0.000000
724.189908	13.415013	0.000000	0.000000
724.235570	13.457690	0.000000	0.000000
724.275750	13.457690	0.000000	0.000000
724.342250	13.457690	0.000000	0.000000
724.388448	13.460079	0.000000	0.000000
724.425214	13.460079	0.000000	0.000000
724.468811	13.460079	0.000000	0.000000
724.508614	13.436127	0.000000	0.000000
724.559875	13.436127	0.000000	0.000000
724.595547	13.436127	0.000000	0.000000
724.638603	13.450901	0.000000	0.000000
724.682944	13.450901	0.000000	0.000000
724.720429	13.450901	0.000000	0.000000
724.782889	13.436028	0.000000	0.000000
724.824383	13.436028	0.000000	0.000000
724.861281	13.436028	0.000000	0.000000
724.904395	13.436435	0.000000	0.000000
724.946074	13.436435	0.000000	0.000000
724.982955	13.436435	0.000000	0.000000
725.023341	13.483644	0.000000	0.000000
725.068367	13.483644	0.000000	0.000000
725.108446	13.483644	0.000000	0.000000
725.146471	13.483644	0.000000	0.000000
725.188509	13.454336	0.000000	0.000000
725.231361	13.454336	0.000000	0.000000
725.268867	13.454336	0.000000	0.000000
725.311606	13.443760	0.000000	0.000000
725.353648	13.443760	0.000000	0.000000
725.391921	13.443760	0.000000	0.000000
725.433873	13.470440	0.000000	0.000000
725.477165	13.470440	0.000000	0.000000
725.518764	13.470440	0.000000	0.000000
725.559725	13.482677	0.000000	0.000000
725.602686	13.482677	0.000000	0.000000
725.641232	13.482677	0.000000	0.000000
725.702359	13.475672	0.000000	0.000000
725.746592	13.475672	0.000000	0.000000
725.783026	13.475672	0.000000	0.000000
725.826353	13.463431	0.000000	0.000000
725.869227	13.463431	0.000000	0.000000
725.937575	13.463431	0.000000	0.000000
725.982127	13.462597	0.000000	0.000000
726.019926	13.462597	0.000000	0.000000
726.059211	13.462597	0.000000	0.000000
726.105105	13.458617	0.000000	0.000000
726.144686	13.458617	0.000000	0.000000
726.205171	13.458617	0.000000	0.000000
726.249938	13.486391	0.000000	0.000000
726.289290	13.486391	0.000000	0.000000
726.332210	13.486391	0.000000	0.000000
726.375330	13.490293	0.000000	0.000000
726.440474	13.490293	0.000000	0.000000
726.481780	13.490293	0.000000	0.000000
726.522266	13.484687	0.000000	0.000000
726.565793	13.484687	0.000000	0.000000
726.605083	13.484687	0.000000	0.000000
726.675826	13.491219	0.000000	0.000000
726.716774	13.491219	0.000000	0.000000
726.754551	13.483721	0.000000	0.000000
726.798834	13.483721	0.000000	0.000000
726.838107	13.483721	0.000000	0.000000
726.911267	13.486160	0.000000	0.000000
726.954035	13.486160	0.000000	0.000000
726.990771	13.486160	0.000000	0.000000
727.035972	13.511080	0.000000	0.000000
727.076102	13.511080	0.000000	0.000000
727.142868	13.511080	0.000000	0.000000
727.188379	13.500955	0.000000	0.000000
727.225629	13.500955	0.000000	0.000000
727.267456	13.500955	0.000000	0.000000
727.311242	13.517585	0.000000	0.000000
727.377255	13.517585	0.000000	0.000000
727.417888	13.517585	0.000000	0.000000
727.456560	13.519638	0.000000	0.000000
727.495236	13.519638	0.000000	0.000000
727.533883	13.519638	0.000000	0.000000
727.578113	13.532713	0.000000	0.000000
727.619339	13.532713	0.000000	0.000000
727.660525	13.532713	0.000000	0.000000
727.701973	13.519401	0.000000	0.000000
727.745213	13.519401	0.000000	0.000000
727.787192	13.519401	0.000000	0.000000
727.833605	13.520480	0.000000	0.000000
727.872162	13.520480	0.000000	0.000000
727.910313	13.520480	0.000000	0.000000
727.978918	13.553504	0.000000	0.000000
728.019296	13.553504	0.000000	0.000000
728.059744	13.553504	0.000000	0.000000
728.103575	13.545875	0.000000	0.000000
728.143305	13.545875	0.000000	0.000000
728.182302	13.545875	0.000000	0.000000
728.222232	13.551928	0.000000	0.000000
728.266679	13.551928	0.000000	0.000000
728.303997	13.551928	0.000000	0.000000
728.341521	13.551928	0.000000	0.000000
728.388893	13.573606	0.000000	0.000000
728.432276	13.573606	0.000000	0.000000
728.469788	13.573606	0.000000	0.000000
728.516119	13.552400	0.000000	0.000000
728.556948	13.552400	0.000000	0.000000
728.616573	13.552400	0.000000	0.000000
728.661441	13.561742	0.000000	0.000000
728.698118	13.561742	0.000000	0.000000
728.740862	13.561742	0.000000	0.000000
728.782197	13.576254	0.000000	0.000000
728.831448	13.576254	0.000000	0.000000
728.867847	13.576254	0.000000	0.000000
728.911409	13.580117	0.000000	0.000000
728.955283	13.580117	0.000000	0.000000
728.993279	13.580117	0.000000	0.000000
729.053408	13.570860	0.000000	0.000000
729.094460	13.570860	0.000000	0.000000
729.132378	13.570860	0.000000	0.000000
729.177457	13.579075	0.000000	0.000000
729.217278	13.579075	0.000000	0.000000
729.255787	13.579075	0.000000	0.000000
729.305726	13.563793	0.000000	0.000000
729.344486	13.563793	0.000000	0.000000
729.420421	13.591012	0.000000	0.000000
729.460551	13.591012	0.000000	0.000000
729.505384	13.591012	0.000000	0.000000
729.542495	13.591012	0.000000	0.000000
729.584057	13.603871	0.000000	0.000000
729.649517	13.603871	0.000000	0.000000
729.692317	13.575901	0.000000	0.000000
729.734024	13.575901	0.000000	0.000000
729.772047	13.575901	0.000000	0.000000
729.808747	13.575901	0.000000	0.000000
729.853266	13.600037	0.000000	0.000000
729.893554	13.600037	0.000000	0.000000
729.934601	13.600037	0.000000	0.000000
729.972949	13.575254	0.000000	0.000000
730.018374	13.575254	0.000000	0.000000
730.057277	13.575254	0.000000	0.000000
730.134379	13.605827	0.000000	0.000000
730.174835	13.605827	0.000000	0.000000
730.212416	13.605827	0.000000	0.000000
730.259110	13.603804	0.000000	0.000000
730.300783	13.603804	0.000000	0.000000
730.374057	13.604083	0.000000	0.000000
730.416323	13.604083	0.000000	0.000000
730.453319	13.604083	0.000000	0.000000
730.500545	13.600113	0.000000	0.000000
730.542845	13.600113	0.000000	0.000000
730.580854	13.600113	0.000000	0.000000
730.619030	13.600113	0.000000	0.000000
730.663471	13.606732	0.000000	0.000000
730.704755	13.606732	0.000000	0.000000
730.743872	13.606732	0.000000	0.000000
730.787692	13.606620	0.000000	0.000000
730.827955	13.606620	0.000000	0.000000
730.864984	13.606620	0.000000	0.000000
730.909571	13.604228	0.000000	0.000000
730.950058	13.604228	0.000000	0.000000
730.988196	13.604228	0.000000	0.000000
731.029798	13.606711	0.000000	0.000000
731.071295	13.606711	0.000000	0.000000
731.110876	13.606711	0.000000	0.000000
731.149837	13.606341	0.000000	0.000000
731.191330	13.606341	0.000000	0.000000
731.232450	13.606341	0.000000	0.000000
731.272485	13.606341	0.000000	0.000000
731.315627	13.593118	0.000000	0.000000
731.354632	13.593118	0.000000	0.000000
731.392051	13.593118	0.000000	0.000000
731.434395	13.623115	0.000000	0.000000
731.474612	13.623115	0.000000	0.000000
731.517085	13.623115	0.000000	0.000000
731.557453	13.618879	0.000000	0.000000
731.636420	13.618879	0.000000	0.000000
731.677394	13.603875	0.000000	0.000000
731.725532	13.603875	0.000000	0.000000
731.766808	13.603875	0.000000	0.000000
731.801811	13.603875	0.000000	0.000000
731.847514	13.620233	0.000000	0.000000
731.889107	13.620233	0.000000	0.000000
731.951701	13.608953	0.000000	0.000000
731.995137	13.608953	0.000000	0.000000
732.031932	13.608953	0.000000	0.000000
732.073483	13.608953	0.000000	0.000000
732.117116	13.594319	0.000000	0.000000
732.184382	13.594319	0.000000	0.000000
732.224258	13.627278	0.000000	0.000000
732.263177	13.627278	0.000000	0.000000
732.303800	13.627278	0.000000	0.000000
732.342744	13.627278	0.000000	0.000000
732.382482	13.599921	0.000000	0.000000
732.422353	13.599921	0.000000	0.000000
732.462325	13.599921	0.000000	0.000000
732.506303	13.595929	0.000000	0.000000
732.545255	13.595929	0.000000	0.000000
732.588175	13.595929	0.000000	0.000000
732.629662	13.482506	0.000000	0.000000
732.682366	13.482506	0.000000	0.000000
732.719717	13.482506	0.000000	0.000000
732.763463	13.495710	0.000000	0.000000
732.806132	13.495710	0.000000	0.000000
732.846047	13.495710	0.000000	0.000000
732.887605	13.455992	0.000000	0.000000
732.929401	13.455992	0.000000	0.000000
732.967672	13.455992	0.000000	0.000000
733.031535	13.493797	0.000000	0.000000
733.071517	13.493797	0.000000	0.000000
733.109739	13.493797	0.000000	0.000000
733.149802	13.459208	0.000000	0.000000
733.193440	13.459208	0.000000	0.000000
733.232822	13.459208	0.000000	0.000000
733.272250	13.459208	0.000000	0.000000
733.322816	13.449940	0.000000	0.000000
733.361645	13.449940	0.000000	0.000000
733.399235	13.449940	0.000000	0.000000
733.440366	13.492055	0.000000	0.000000
733.481913	13.492055	0.000000	0.000000
733.523831	13.492055	0.000000	0.000000
733.563414	13.449636	0.000000	0.000000
733.606732	13.449636	0.000000	0.000000
733.646349	13.449636	0.000000	0.000000
733.718225	13.443785	0.000000	0.000000
733.758484	13.443785	0.000000	0.000000
733.794926	13.443785	0.000000	0.000000
733.841471	13.467839	0.000000	0.000000
733.882834	13.467839	0.000000	0.000000
733.948191	13.451241	0.000000	0.000000
733.991366	13.451241	0.000000	0.000000
734.029751	13.451241	0.000000	0.000000
734.074358	13.451241	0.000000	0.000000
734.114872	13.430665	0.000000	0.000000
734.155499	13.430665	0.000000	0.000000
734.231200	13.452560	0.000000	0.000000
734.275950	13.452560	0.000000	0.000000
734.312180	13.452560	0.000000	0.000000
734.355479	13.435395	0.000000	0.000000
734.396709	13.435395	0.000000	0.000000
734.461180	13.435395	0.000000	0.000000
734.506898	13.403064	0.000000	0.000000
734.545002	13.403064	0.000000	0.000000
734.589436	13.403064	0.000000	0.000000
734.629884	13.422654	0.000000	0.000000
734.681430	13.422654	0.000000	0.000000
734.717511	13.422654	0.000000	0.000000
734.759567	13.437661	0.000000	0.000000
734.803060	13.437661	0.000000	0.000000
734.841504	13.437661	0.000000	0.000000
734.882847	13.390848	0.000000	0.000000
734.956767	13.390848	0.000000	0.000000
734.994991	13.390848	0.000000	0.000000
735.042044	13.413356	0.000000	0.000000
735.083242	13.413356	0.000000	0.000000
735.145273	13.413356	0.000000	0.000000
735.194222	13.408607	0.000000	0.000000
735.233844	13.408607	0.000000	0.000000
735.272943	13.408607	0.000000	0.000000
735.316312	13.398973	0.000000	0.000000
735.357324	13.398973	0.000000	0.000000
735.399083	13.398973	0.000000	0.000000
735.443354	13.397814	0.000000	0.000000
735.486034	13.397814	0.000000	0.000000
735.524931	13.397814	0.000000	0.000000
735.570472	13.389064	0.000000	0.000000
735.611637	13.389064	0.000000	0.000000
735.650648	13.389064	0.000000	0.000000
735.693235	13.385763	0.000000	0.000000
735.733047	13.385763	0.000000	0.000000
735.771499	13.385763	0.000000	0.000000
735.810605	13.385763	0.000000	0.000000
735.856282	13.397995	0.000000	0.000000
735.894770	13.397995	0.000000	0.000000
735.932146	13.397995	0.000000	0.000000
735.975512	13.439641	0.000000	0.000000
736.016264	13.439641	0.000000	0.000000
736.057822	13.439641	0.000000	0.000000
736.102503	13.410978	0.000000	0.000000
736.140363	13.410978	0.000000	0.000000
736.185919	13.410978	0.000000	0.000000
736.226038	13.398048	0.000000	0.000000
736.276454	13.398048	0.000000	0.000000
736.313938	13.398048	0.000000	0.000000
736.354327	13.393321	0.000000	0.000000
736.416391	13.393321	0.000000	0.000000
736.457614	13.393321	0.000000	0.000000
736.502696	13.393557	0.000000	0.000000
736.545939	13.393557	0.000000	0.000000
736.583496	13.393557	0.000000	0.000000
736.626194	13.415719	0.000000	0.000000
736.670061	13.415719	0.000000	0.000000
736.707263	13.415719	0.000000	0.000000
736.746027	13.415719	0.000000	0.000000
736.788118	13.413965	0.000000	0.000000
736.828854	13.413965	0.000000	0.000000
736.867344	13.413965	0.000000	0.000000
736.911074	13.404887	0.000000	0.000000
736.952167	13.404887	0.000000	0.000000
736.991108	13.404887	0.000000	0.000000
737.031934	13.406612	0.000000	0.000000
737.072986	13.406612	0.000000	0.000000
737.112315	13.406612	0.000000	0.000000
737.153997	13.412672	0.000000	0.000000
737.195919	13.412672	0.000000	0.000000
737.238390	13.412672	0.000000	0.000000
737.278102	13.430699	0.000000	0.000000
737.323184	13.430699	0.000000	0.000000
737.359714	13.430699	0.000000	0.000000
737.436028	13.407930	0.000000	0.000000
737.480895	13.407930	0.000000	0.000000
737.519014	13.407930	0.000000	0.000000
737.562772	13.426032	0.000000	0.000000
737.604787	13.426032	0.000000	0.000000
737.642292	13.426032	0.000000	0.000000
737.684981	13.407099	0.000000	0.000000
737.725702	13.407099	0.000000	0.000000
737.765632	13.407099	0.000000	0.000000
737.804809	13.407099	0.000000	0.000000
737.851123	13.411459	0.000000	0.000000
737.887528	13.411459	0.000000	0.000000
737.927316	13.411459	0.000000	0.000000
738.006355	13.456582	0.000000	0.000000
738.043773	13.456582	0.000000	0.000000
738.093368	13.405660	0.000000	0.000000
738.135598	13.405660	0.000000	0.000000
738.174677	13.405660	0.000000	0.000000
738.214552	13.405660	0.000000	0.000000
738.259175	13.421138	0.000000	0.000000
738.299776	13.421138	0.000000	0.000000
738.337233	13.421138	0.000000	0.000000
738.381227	13.435354	0.000000	0.000000
738.422024	13.435354	0.000000	0.000000
738.460140	13.435354	0.000000	0.000000
738.502145	13.433879	0.000000	0.000000
738.542319	13.433879	0.000000	0.000000
738.583320	13.433879	0.000000	0.000000
738.623183	13.441167	0.000000	0.000000
738.663883	13.441167	0.000000	0.000000
738.705857	13.441167	0.000000	0.000000
738.743602	13.441167	0.000000	0.000000
738.786835	13.441760	0.000000	0.000000
738.827935	13.441760	0.000000	0.000000
738.866187	13.441760	0.000000	0.000000
738.908074	13.437026	0.000000	0.000000
738.946595	13.437026	0.000000	0.000000
738.987861	13.437026	0.000000	0.000000
739.027654	13.430935	0.000000	0.000000
739.069373	13.430935	0.000000	0.000000
739.109534	13.430935	0.000000	0.000000
739.148781	13.459853	0.000000	0.000000
739.214691	13.459853	0.000000	0.000000
739.254732	13.459853	0.000000	0.000000
739.299110	13.447598	0.000000	0.000000
739.338358	13.447598	0.000000	0.000000
739.380998	13.447598	0.000000	0.000000
739.422505	13.452003	0.000000	0.000000
739.495987	13.452003	0.000000	0.000000
739.533527	13.452003	0.000000	0.000000
739.576190	13.452201	0.000000	0.000000
739.615719	13.452201	0.000000	0.000000
739.654855	13.452201	0.000000	0.000000
739.699797	13.451812	0.000000	0.000000
739.738101	13.451812	0.000000	0.000000
739.780524	13.451812	0.000000	0.000000
739.817344	13.451812	0.000000	0.000000
739.868995	13.472410	0.000000	0.000000
739.906574	13.472410	0.000000	0.000000
739.943475	13.472410	0.000000	0.000000
739.987494	13.464880	0.000000	0.000000
740.027906	13.464880	0.000000	0.000000
740.067950	13.464880	0.000000	0.000000
740.111224	13.450699	0.000000	0.000000
740.151076	13.450699	0.000000	0.000000
740.189478	13.450699	0.000000	0.000000
740.263990	13.480179	0.000000	0.000000
740.304687	13.480179	0.000000	0.000000
740.346093	13.480179	0.000000	0.000000
740.396299	13.467920	0.000000	0.000000
740.435183	13.467920	0.000000	0.000000
740.477743	13.489026	0.000000	0.000000
740.525181	13.489026	0.000000	0.000000
740.563529	13.489026	0.000000	0.000000
740.610423	13.472715	0.000000	0.000000
740.649300	13.472715	0.000000	0.000000
740.696271	13.472715	0.000000	0.000000
740.733023	13.472715	0.000000	0.000000
740.776688	13.474617	0.000000	0.000000
740.846096	13.474617	0.000000	0.000000
740.892669	13.471087	0.000000	0.000000
740.934911	13.471087	0.000000	0.000000
740.976062	13.471087	0.000000	0.000000
741.018703	13.476392	0.000000	0.000000
741.060683	13.476392	0.000000	0.000000
741.100720	13.476392	0.000000	0.000000
741.137830	13.476392	0.000000	0.000000
741.185418	13.482313	0.000000	0.000000
741.222662	13.482313	0.000000	0.000000
741.260021	13.482313	0.000000	0.000000
741.333432	13.501931	0.000000	0.000000
741.370087	13.501931	0.000000	0.000000
741.411842	13.503111	0.000000	0.000000
741.451704	13.503111	0.000000	0.000000
741.496095	13.503111	0.000000	0.000000
741.532534	13.503111	0.000000	0.000000
741.579401	13.478214	0.000000	0.000000
741.620759	13.478214	0.000000	0.000000
741.693799	13.498418	0.000000	0.000000
741.735986	13.498418	0.000000	0.000000
741.772505	13.498418	0.000000	0.000000
741.815599	13.532817	0.000000	0.000000
741.857875	13.532817	0.000000	0.000000
741.894501	13.532817	0.000000	0.000000
741.932325	13.532817	0.000000	0.000000
741.977833	13.505450	0.000000	0.000000
742.021435	13.505450	0.000000	0.000000
742.059075	13.505450	0.000000	0.000000
742.107894	13.526159	0.000000	0.000000
742.146512	13.526159	0.000000	0.000000
742.190883	13.526159	0.000000	0.000000
742.230727	13.539382	0.000000	0.000000
742.271563	13.539382	0.000000	0.000000
742.333446	13.539382	0.000000	0.000000
742.381400	13.530305	0.000000	0.000000
742.418976	13.530305	0.000000	0.000000
742.464109	13.530305	0.000000	0.000000
742.504725	13.569786	0.000000	0.000000
742.547435	13.569786	0.000000	0.000000
742.619556	13.552932	0.000000	0.000000
742.663853	13.552932	0.000000	0.000000
742.701135	13.552932	0.000000	0.000000
742.744954	13.552932	0.000000	0.000000
742.788727	13.530325	0.000000	0.000000
742.850185	13.530325	0.000000	0.000000
742.894814	13.548205	0.000000	0.000000
742.933993	13.548205	0.000000	0.000000
742.976647	13.548205	0.000000	0.000000
743.018889	13.559948	0.000000	0.000000
743.070655	13.559948	0.000000	0.000000
743.106870	13.559948	0.000000	0.000000
743.145487	13.559948	0.000000	0.000000
743.191259	13.562943	0.000000	0.000000
743.230668	13.562943	0.000000	0.000000
743.306750	13.575313	0.000000	0.000000
743.349165	13.575313	0.000000	0.000000
743.387290	13.575313	0.000000	0.000000
743.431701	13.556924	0.000000	0.000000
743.473316	13.556924	0.000000	0.000000
743.511805	13.556924	0.000000	0.000000
743.551062	13.563243	0.000000	0.000000
743.592322	13.563243	0.000000	0.000000
743.633462	13.563243	0.000000	0.000000
743.672611	13.563243	0.000000	0.000000
743.716144	13.577869	0.000000	0.000000
743.757590	13.577869	0.000000	0.000000
743.795403	13.577869	0.000000	0.000000
743.839061	13.579928	0.000000	0.000000
743.879357	13.579928	0.000000	0.000000
743.918242	13.579928	0.000000	0.000000
743.960443	13.582055	0.000000	0.000000
744.001485	13.582055	0.000000	0.000000
744.042513	13.582055	0.000000	0.000000
744.083404	13.591666	0.000000	0.000000
744.126153	13.591666	0.000000	0.000000
744.167770	13.591666	0.000000	0.000000
744.207202	13.592555	0.000000	0.000000
744.246014	13.592555	0.000000	0.000000
744.288759	13.592555	0.000000	0.000000
744.324772	13.592555	0.000000	0.000000
744.367154	13.617576	0.000000	0.000000
744.407743	13.617576	0.000000	0.000000
744.450565	13.617576	0.000000	0.000000
744.490320	13.584811	0.000000	0.000000
744.558539	13.584811	0.000000	0.000000
744.598259	13.584811	0.000000	0.000000
744.642124	13.589332	0.000000	0.000000
744.685580	13.589332	0.000000	0.000000
744.722649	13.589332	0.000000	0.000000
744.769439	13.582567	0.000000	0.000000
744.809049	13.582567	0.000000	0.000000
744.870802	13.582567	0.000000	0.000000
744.914979	13.585898	0.000000	0.000000
744.955451	13.585898	0.000000	0.000000
745.000039	13.585898	0.000000	0.000000
745.039676	13.615249	0.000000	0.000000
745.079743	13.615249	0.000000	0.000000
745.156020	13.597139	0.000000	0.000000
745.200927	13.597139	0.000000	0.000000
745.239279	13.597139	0.000000	0.000000
745.285419	13.589712	0.000000	0.000000
745.326523	13.589712	0.000000	0.000000
745.386993	13.589712	0.000000	0.000000
745.431305	13.611642	0.000000	0.000000
745.470033	13.611642	0.000000	0.000000
745.512727	13.611642	0.000000	0.000000
745.552013	13.600911	0.000000	0.000000
745.604375	13.600911	0.000000	0.000000
745.643386	13.600911	0.000000	0.000000
745.688046	13.613185	0.000000	0.000000
745.727536	13.613185	0.000000	0.000000
745.780619	13.613185	0.000000	0.000000
745.821700	13.600080	0.000000	0.000000
745.867866	13.600080	0.000000	0.000000
745.905096	13.600080	0.000000	0.000000
745.943991	13.600080	0.000000	0.000000
746.017798	13.605884	0.000000	0.000000
746.055426	13.605884	0.000000	0.000000
746.102077	13.611845	0.000000	0.000000
746.142314	13.611845	0.000000	0.000000
746.179307	13.611845	0.000000	0.000000
746.221175	13.609737	0.000000	0.000000
746.259495	13.609737	0.000000	0.000000
746.296781	13.609737	0.000000	0.000000
746.335124	13.609737	0.000000	0.000000
746.376933	13.613977	0.000000	0.000000
746.416442	13.613977	0.000000	0.000000
746.459134	13.613977	0.000000	0.000000
746.501105	13.590930	0.000000	0.000000
746.544071	13.590930	0.000000	0.000000
746.582908	13.590930	0.000000	0.000000
746.644387	13.625096	0.000000	0.000000
746.687108	13.625096	0.000000	0.000000
746.725735	13.625096	0.000000	0.000000
746.772815	13.599060	0.000000	0.000000
746.815331	13.599060	0.000000	0.000000
746.876527	13.619180	0.000000	0.000000
746.920831	13.619180	0.000000	0.000000
746.956737	13.619180	0.000000	0.000000
746.994539	13.619180	0.000000	0.000000
747.043036	13.615794	0.000000	0.000000
747.081851	13.615794	0.000000	0.000000
747.142408	13.615794	0.000000	0.000000
747.185607	13.604453	0.000000	0.000000
747.226760	13.604453	0.000000	0.000000
747.263568	13.604453	0.000000	0.000000
747.312486	13.484785	0.000000	0.000000
747.353922	13.484785	0.000000	0.000000
747.428542	13.479744	0.000000	0.000000
747.473429	13.479744	0.000000	0.000000
747.510498	13.479744	0.000000	0.000000
747.556986	13.479503	0.000000	0.000000
747.601703	13.479503	0.000000	0.000000
747.674455	13.480835	0.000000	0.000000
747.722104	13.480835	0.000000	0.000000
747.761505	13.480835	0.000000	0.000000
747.802615	13.465814	0.000000	0.000000
747.845586	13.465814	0.000000	0.000000
747.921408	13.465814	0.000000	0.000000
747.965521	13.466595	0.000000	0.000000
748.003912	13.466595	0.000000	0.000000
748.049284	13.466595	0.000000	0.000000
748.090665	13.483658	0.000000	0.000000
748.143621	13.483658	0.000000	0.000000
748.179745	13.483658	0.000000	0.000000
748.221699	13.487292	0.000000	0.000000
748.265284	13.487292	0.000000	0.000000
748.303735	13.487292	0.000000	0.000000
748.367415	13.451992	0.000000	0.000000
748.408422	13.451992	0.000000	0.000000
748.445300	13.451992	0.000000	0.000000
748.489047	13.457992	0.000000	0.000000
748.531226	13.457992	0.000000	0.000000
748.571016	13.457992	0.000000	0.000000
748.612494	13.466518	0.000000	0.000000
748.653872	13.466518	0.000000	0.000000
748.693015	13.466518	0.000000	0.000000
748.730805	13.466518	0.000000	0.000000
748.772587	13.428236	0.000000	0.000000
748.812542	13.428236	0.000000	0.000000
748.853923	13.428236	0.000000	0.000000
748.893029	13.451434	0.000000	0.000000
748.937635	13.451434	0.000000	0.000000
748.977483	13.451434	0.000000	0.000000
749.052186	13.432784	0.000000	0.000000
749.095167	13.432784	0.000000	0.000000
749.131293	13.432784	0.000000	0.000000
749.177083	13.409837	0.000000	0.000000
749.218778	13.409837	0.000000	0.000000
749.286645	13.417338	0.000000	0.000000
749.330475	13.417338	0.000000	0.000000
749.367579	13.417338	0.000000	0.000000
749.411322	13.421710	0.000000	0.000000
749.453954	13.421710	0.000000	0.000000
749.519944	13.421710	0.000000	0.000000
749.565189	13.427152	0.000000	0.000000
749.603850	13.427152	0.000000	0.000000
749.647200	13.427152	0.000000	0.000000
749.690871	13.396754	0.000000	0.000000
749.744158	13.396754	0.000000	0.000000
749.780301	13.396754	0.000000	0.000000
749.825609	13.402444	0.000000	0.000000
749.863183	13.402444	0.000000	0.000000
749.907930	13.402444	0.000000	0.000000
749.947587	13.369308	0.000000	0.000000
749.996521	13.369308	0.000000	0.000000
750.034403	13.369308	0.000000	0.000000
750.081922	13.409933	0.000000	0.000000
750.123965	13.409933	0.000000	0.000000
750.161772	13.409933	0.000000	0.000000
750.206455	13.412378	0.000000	0.000000
750.259423	13.412378	0.000000	0.000000
750.296667	13.412378	0.000000	0.000000
750.338828	13.412378	0.000000	0.000000
750.384509	13.372737	0.000000	0.000000
750.424798	13.372737	0.000000	0.000000
750.465538	13.372737	0.000000	0.000000
750.514753	13.400620	0.000000	0.000000
750.554221	13.400620	0.000000	0.000000
750.596783	13.400620	0.000000	0.000000
750.639611	13.384125	0.000000	0.000000
750.696336	13.384125	0.000000	0.000000
750.737403	13.384125	0.000000	0.000000
750.778322	13.404591	0.000000	0.000000
750.821702	13.404591	0.000000	0.000000
750.860777	13.404591	0.000000	0.000000
750.933009	13.408101	0.000000	0.000000
750.974282	13.408101	0.000000	0.000000
751.014787	13.388070	0.000000	0.000000
751.056191	13.388070	0.000000	0.000000
751.095119	13.388070	0.000000	0.000000
751.132420	13.388070	0.000000	0.000000
751.181610	13.401207	0.000000	0.000000
751.219402	13.401207	0.000000	0.000000
751.280724	13.407322	0.000000	0.000000
751.321676	13.407322	0.000000	0.000000
751.365788	13.407322	0.000000	0.000000
751.405368	13.435195	0.000000	0.000000
751.447925	13.435195	0.000000	0.000000
751.524467	13.435195	0.000000	0.000000
751.567311	13.409797	0.000000	0.000000
751.607557	13.409797	0.000000	0.000000
751.649069	13.409797	0.000000	0.000000
751.688510	13.386194	0.000000	0.000000
751.730628	13.386194	0.000000	0.000000
751.770702	13.386194	0.000000	0.000000
751.809497	13.405596	0.000000	0.000000
751.852018	13.405596	0.000000	0.000000
751.891158	13.405596	0.000000	0.000000
751.929415	13.405596	0.000000	0.000000
751.976936	13.387373	0.000000	0.000000
752.015821	13.387373	0.000000	0.000000
752.060228	13.387373	0.000000	0.000000
752.101020	13.412654	0.000000	0.000000
752.145540	13.412654	0.000000	0.000000
752.183995	13.412654	0.000000	0.000000
752.257710	13.409036	0.000000	0.000000
752.299535	13.409036	0.000000	0.000000
752.338899	13.409036	0.000000	0.000000
752.386717	13.404017	0.000000	0.000000
752.427665	13.404017	0.000000	0.000000
752.494115	13.407635	0.000000	0.000000
752.537391	13.407635	0.000000	0.000000
752.576108	13.407635	0.000000	0.000000
752.622731	13.399044	0.000000	0.000000
752.662359	13.399044	0.000000	0.000000
752.726649	13.399044	0.000000	0.000000
752.773834	13.429446	0.000000	0.000000
752.815072	13.429446	0.000000	0.000000
752.858031	13.429446	0.000000	0.000000
752.897306	13.417430	0.000000	0.000000
752.944338	13.417430	0.000000	0.000000
752.981927	13.417430	0.000000	0.000000
753.029806	13.407269	0.000000	0.000000
753.068744	13.407269	0.000000	0.000000
753.132406	13.407193	0.000000	0.000000
753.177049	13.407193	0.000000	0.000000
753.214758	13.407193	0.000000	0.000000
753.257473	13.407193	0.000000	0.000000
753.300359	13.419926	0.000000	0.000000
753.366652	13.419926	0.000000	0.000000
753.404429	13.419926	0.000000	0.000000
753.444658	13.439446	0.000000	0.000000
753.485503	13.439446	0.000000	0.000000
753.525475	13.439446	0.000000	0.000000
753.566371	13.421017	0.000000	0.000000
753.605119	13.421017	0.000000	0.000000
753.643395	13.421017	0.000000	0.000000
753.684524	13.433682	0.000000	0.000000
753.726711	13.433682	0.000000	0.000000
753.766535	13.433682	0.000000	0.000000
753.805293	13.414724	0.000000	0.000000
753.849999	13.414724	0.000000	0.000000
753.887267	13.414724	0.000000	0.000000
753.925519	13.414724	0.000000	0.000000
753.995554	13.455373	0.000000	0.000000
754.033338	13.455373	0.000000	0.000000
754.073877	13.455373	0.000000	0.000000
754.123340	13.454925	0.000000	0.000000
754.163968	13.454925	0.000000	0.000000
754.201035	13.454925	0.000000	0.000000
754.245327	13.429230	0.000000	0.000000
754.285007	13.429230	0.000000	0.000000
754.356499	13.449805	0.000000	0.000000
754.400103	13.449805	0.000000	0.000000
754.437679	13.449805	0.000000	0.000000
754.486467	13.435700	0.000000	0.000000
754.528239	13.435700	0.000000	0.000000
754.566772	13.435700	0.000000	0.000000
754.607172	13.448538	0.000000	0.000000
754.649392	13.448538	0.000000	0.000000
754.690325	13.448538	0.000000	0.000000
754.728536	13.448538	0.000000	0.000000
754.772551	13.450271	0.000000	0.000000
754.814065	13.450271	0.000000	0.000000
754.852386	13.450271	0.000000	0.000000
754.892745	13.437015	0.000000	0.000000
754.935713	13.437015	0.000000	0.000000
754.974844	13.437015	0.000000	0.000000
755.018135	13.448357	0.000000	0.000000
755.060109	13.448357	0.000000	0.000000
755.100999	13.448357	0.000000	0.000000
755.140314	13.460766	0.000000	0.000000
755.184494	13.460766	0.000000	0.000000
755.224044	13.460766	0.000000	0.000000
755.288181	13.477228	0.000000	0.000000
755.331337	13.477228	0.000000	0.000000
755.367195	13.477228	0.000000	0.000000
755.411936	13.479920	0.000000	0.000000
755.452228	13.479920	0.000000	0.000000
755.520643	13.479920	0.000000	0.000000
755.566610	13.461784	0.000000	0.000000
755.603808	13.461784	0.000000	0.000000
755.641362	13.461784	0.000000	0.000000
755.687011	13.444861	0.000000	0.000000
755.727296	13.444861	0.000000	0.000000
755.786521	13.444861	0.000000	0.000000
755.829354	13.449847	0.000000	0.000000
755.868538	13.449847	0.000000	0.000000
755.909817	13.449847	0.000000	0.000000
755.953302	13.496604	0.000000	0.000000
756.020530	13.496604	0.000000	0.000000
756.061449	13.496604	0.000000	0.000000
756.101272	13.479656	0.000000	0.000000
756.143883	13.479656	0.000000	0.000000
756.180544	13.479656	0.000000	0.000000
756.243551	13.472835	0.000000	0.000000
756.287378	13.472835	0.000000	0.000000
756.325461	13.472835	0.000000	0.000000
756.372053	13.484419	0.000000	0.000000
756.408546	13.484419	0.000000	0.000000
756.473580	13.484419	0.000000	0.000000
756.516989	13.485860	0.000000	0.000000
756.554566	13.485860	0.000000	0.000000
756.593785	13.485860	0.000000	0.000000
756.637712	13.509066	0.000000	0.000000
756.677974	13.509066	0.000000	0.000000
756.715021	13.509066	0.000000	0.000000
756.762809	13.504189	0.000000	0.000000
756.803268	13.504189	0.000000	0.000000
756.863065	13.504189	0.000000	0.000000
756.908013	13.501121	0.000000	0.000000
756.947010	13.501121	0.000000	0.000000
756.986560	13.501121	0.000000	0.000000
757.032231	13.498935	0.000000	0.000000
757.072853	13.498935	0.000000	0.000000
757.134315	13.538186	0.000000	0.000000
757.175973	13.538186	0.000000	0.000000
757.215834	13.538186	0.000000	0.000000
757.254796	13.538186	0.000000	0.000000
757.297586	13.525627	0.000000	0.000000
757.338633	13.525627	0.000000	0.000000
757.377637	13.525627	0.000000	0.000000
757.420108	13.511707	0.000000	0.000000
757.461316	13.511707	0.000000	0.000000
757.499458	13.511707	0.000000	0.000000
757.543824	13.540134	0.000000	0.000000
757.589523	13.540134	0.000000	0.000000
757.627711	13.540134	0.000000	0.000000
757.666606	13.540134	0.000000	0.000000
757.709924	13.544700	0.000000	0.000000
757.748099	13.544700	0.000000	0.000000
757.787026	13.544700	0.000000	0.000000
757.831316	13.548662	0.000000	0.000000
757.875342	13.548662	0.000000	0.000000
757.911415	13.548662	0.000000	0.000000
757.956114	13.581839	0.000000	0.000000
757.998504	13.581839	0.000000	0.000000
758.070816	13.581839	0.000000	0.000000
758.116363	13.541035	0.000000	0.000000
758.154512	13.541035	0.000000	0.000000
758.198645	13.541035	0.000000	0.000000
758.240053	13.533180	0.000000	0.000000
758.287612	13.533180	0.000000	0.000000
758.324744	13.533180	0.000000	0.000000
758.366890	13.556954	0.000000	0.000000
758.408775	13.556954	0.000000	0.000000
758.447355	13.556954	0.000000	0.000000
758.509655	13.563532	0.000000	0.000000
758.551083	13.563532	0.000000	0.000000
758.588488	13.563532	0.000000	0.000000
758.631596	13.562962	0.000000	0.000000
758.672989	13.562962	0.000000	0.000000
758.710198	13.562962	0.000000	0.000000
758.757472	13.564681	0.000000	0.000000
758.794848	13.564681	0.000000	0.000000
758.838242	13.564681	0.000000	0.000000
758.876817	13.574021	0.000000	0.000000
758.922728	13.574021	0.000000	0.000000
758.962278	13.574021	0.000000	0.000000
759.023363	13.560683	0.000000	0.000000
759.066591	13.560683	0.000000	0.000000
759.103900	13.560683	0.000000	0.000000
759.149292	13.595764	0.000000	0.000000
759.190415	13.595764	0.000000	0.000000
759.255513	13.595764	0.000000	0.000000
759.301346	13.591881	0.000000	0.000000
759.339178	13.591881	0.000000	0.000000
759.381836	13.591881	0.000000	0.000000
759.424256	13.565333	0.000000	0.000000
759.475120	13.565333	0.000000	0.000000
759.513049	13.565333	0.000000	0.000000
759.556389	13.592002	0.000000	0.000000
759.600091	13.592002	0.000000	0.000000
759.639284	13.592002	0.000000	0.000000
759.710411	13.587744	0.000000	0.000000
759.754123	13.587744	0.000000	0.000000
759.791564	13.587744	0.000000	0.000000
759.837016	13.590350	0.000000	0.000000
759.878870	13.590350	0.000000	0.000000
759.919712	13.590350	0.000000	0.000000
759.968114	13.611089	0.000000	0.000000
760.005341	13.611089	0.000000	0.000000
760.044237	13.611089	0.000000	0.000000
760.117320	13.586705	0.000000	0.000000
760.157690	13.586705	0.000000	0.000000
760.196445	13.586705	0.000000	0.000000
760.239601	13.564999	0.000000	0.000000
760.279652	13.564999	0.000000	0.000000
760.319753	13.564999	0.000000	0.000000
760.364077	13.597423	0.000000	0.000000
760.401411	13.597423	0.000000	0.000000
760.442857	13.597423	0.000000	0.000000
760.483394	13.604575	0.000000	0.000000
760.536787	13.604575	0.000000	0.000000
760.573534	13.604575	0.000000	0.000000
760.614577	13.573393	0.000000	0.000000
760.657651	13.573393	0.000000	0.000000
760.697834	13.573393	0.000000	0.000000
760.740902	13.592131	0.000000	0.000000
760.783829	13.592131	0.000000	0.000000
760.821143	13.592131	0.000000	0.000000
760.888297	13.596339	0.000000	0.000000
760.930465	13.596339	0.000000	0.000000
760.970400	13.596339	0.000000	0.000000
761.010890	13.591044	0.000000	0.000000
761.053066	13.591044	0.000000	0.000000
761.092819	13.591044	0.000000	0.000000
761.133779	13.626602	0.000000	0.000000
761.176032	13.626602	0.000000	0.000000
761.217171	13.626602	0.000000	0.000000
761.256234	13.626602	0.000000	0.000000
761.297595	13.594403	0.000000	0.000000
761.340478	13.594403	0.000000	0.000000
761.379921	13.594403	0.000000	0.000000
761.422210	13.583952	0.000000	0.000000
761.463880	13.583952	0.000000	0.000000
761.501975	13.583952	0.000000	0.000000
761.546517	13.591422	0.000000	0.000000
761.586556	13.591422	0.000000	0.000000
761.628135	13.591422	0.000000	0.000000
761.666903	13.591422	0.000000	0.000000
761.713818	13.590411	0.000000	0.000000
761.754301	13.590411	0.000000	0.000000
761.826995	13.596232	0.000000	0.000000
761.868762	13.596232	0.000000	0.000000
761.904381	13.596232	0.000000	0.000000
761.948298	13.593327	0.000000	0.000000
761.988710	13.593327	0.000000	0.000000
762.058180	13.593327	0.000000	0.000000
762.104212	13.580484	0.000000	0.000000
762.141238	13.580484	0.000000	0.000000
762.184179	13.580484	0.000000	0.000000
762.225298	13.576407	0.000000	0.000000
762.269010	13.576407	0.000000	0.000000
762.341429	13.593742	0.000000	0.000000
762.384323	13.593742	0.000000	0.000000
762.422136	13.593742	0.000000	0.000000
762.464632	13.593742	0.000000	0.000000
762.509362	13.470536	0.000000	0.000000
762.571431	13.470536	0.000000	0.000000
762.615672	13.457109	0.000000	0.000000
762.655438	13.457109	0.000000	0.000000
762.700613	13.457109	0.000000	0.000000
762.740631	13.468615	0.000000	0.000000
762.792777	13.468615	0.000000	0.000000
762.829670	13.468615	0.000000	0.000000
762.870149	13.468615	0.000000	0.000000
762.916021	13.441816	0.000000	0.000000
762.955527	13.441816	0.000000	0.000000
763.027828	13.463240	0.000000	0.000000
763.069497	13.463240	0.000000	0.000000
763.108118	13.463240	0.000000	0.000000
763.151367	13.469724	0.000000	0.000000
763.193745	13.469724	0.000000	0.000000
763.231912	13.469724	0.000000	0.000000
763.272808	13.469724	0.000000	0.000000
763.316713	13.432379	0.000000	0.000000
763.354774	13.432379	0.000000	0.000000
763.393058	13.432379	0.000000	0.000000
763.436327	13.437358	0.000000	0.000000
763.477341	13.437358	0.000000	0.000000
763.519060	13.437358	0.000000	0.000000
763.559685	13.445365	0.000000	0.000000
763.604109	13.445365	0.000000	0.000000
763.641349	13.445365	0.000000	0.000000
763.713379	13.444898	0.000000	0.000000
763.756853	13.444898	0.000000	0.000000
763.793415	13.444898	0.000000	0.000000
763.840176	13.414823	0.000000	0.000000
763.880239	13.414823	0.000000	0.000000
763.949822	13.431966	0.000000	0.000000
763.993524	13.431966	0.000000	0.000000
764.031250	13.431966	0.000000	0.000000
764.073726	13.431966	0.000000	0.000000
764.115540	13.416160	0.000000	0.000000
764.180215	13.416160	0.000000	0.000000
764.225100	13.410993	0.000000	0.000000
764.263010	13.410993	0.000000	0.000000
764.306483	13.410993	0.000000	0.000000
764.346982	13.438841	0.000000	0.000000
764.397716	13.438841	0.000000	0.000000
764.434497	13.438841	0.000000	0.000000
764.473740	13.438841	0.000000	0.000000
764.517709	13.396800	0.000000	0.000000
764.555819	13.396800	0.000000	0.000000
764.623836	13.376120	0.000000	0.000000
764.664474	13.376120	0.000000	0.000000
764.705407	13.376120	0.000000	0.000000
764.745245	13.391172	0.000000	0.000000
764.787168	13.391172	0.000000	0.000000
764.827942	13.391172	0.000000	0.000000
764.865203	13.391172	0.000000	0.000000
764.913895	13.388147	0.000000	0.000000
764.953274	13.388147	0.000000	0.000000
765.013265	13.380404	0.000000	0.000000
765.054935	13.380404	0.000000	0.000000
765.095340	13.380404	0.000000	0.000000
765.135438	13.368490	0.000000	0.000000
765.174654	13.368490	0.000000	0.000000
765.212160	13.368490	0.000000	0.000000
765.250443	13.368490	0.000000	0.000000
765.294195	13.379532	0.000000	0.000000
765.335214	13.379532	0.000000	0.000000
765.374745	13.379532	0.000000	0.000000
765.415289	13.379040	0.000000	0.000000
765.454643	13.379040	0.000000	0.000000
765.493052	13.379040	0.000000	0.000000
765.534912	13.392202	0.000000	0.000000
765.577491	13.392202	0.000000	0.000000
765.614952	13.392202	0.000000	0.000000
765.654530	13.392202	0.000000	0.000000
765.731671	13.390689	0.000000	0.000000
765.769891	13.390689	0.000000	0.000000
765.813255	13.356242	0.000000	0.000000
765.858384	13.356242	0.000000	0.000000
765.896558	13.356242	0.000000	0.000000
765.943947	13.396167	0.000000	0.000000
765.985487	13.396167	0.000000	0.000000
766.044213	13.396167	0.000000	0.000000
766.089353	13.376307	0.000000	0.000000
766.126562	13.376307	0.000000	0.000000
766.164909	13.376307	0.000000	0.000000
766.209570	13.391255	0.000000	0.000000
766.250594	13.391255	0.000000	0.000000
766.310568	13.391255	0.000000	0.000000
766.354814	13.398890	0.000000	0.000000
766.394669	13.398890	0.000000	0.000000
766.433949	13.398890	0.000000	0.000000
766.475219	13.392992	0.000000	0.000000
766.520638	13.392992	0.000000	0.000000
766.557928	13.392992	0.000000	0.000000
766.599505	13.392992	0.000000	0.000000
766.643791	13.372887	0.000000	0.000000
766.684872	13.372887	0.000000	0.000000
766.721522	13.372887	0.000000	0.000000
766.764283	13.382110	0.000000	0.000000
766.806707	13.382110	0.000000	0.000000
766.847055	13.382110	0.000000	0.000000
766.889323	13.395938	0.000000	0.000000
766.928100	13.395938	0.000000	0.000000
766.966669	13.395938	0.000000	0.000000
767.007029	13.397512	0.000000	0.000000
767.054600	13.397512	0.000000	0.000000
767.092570	13.397512	0.000000	0.000000
767.136437	13.385075	0.000000	0.000000
767.206793	13.385075	0.000000	0.000000
767.246246	13.385075	0.000000	0.000000
767.292822	13.396328	0.000000	0.000000
767.329978	13.396328	0.000000	0.000000
767.369197	13.396328	0.000000	0.000000
767.414599	13.371666	0.000000	0.000000
767.457271	13.371666	0.000000	0.000000
767.532218	13.426034	0.000000	0.000000
767.583046	13.426034	0.000000	0.000000
767.620100	13.426034	0.000000	0.000000
767.662960	13.407056	0.000000	0.000000
767.704155	13.407056	0.000000	0.000000
767.764903	13.407056	0.000000	0.000000
767.806343	13.388307	0.000000	0.000000
767.847229	13.388307	0.000000	0.000000
767.891214	13.388307	0.000000	0.000000
767.929517	13.388307	0.000000	0.000000
767.977518	13.395025	0.000000	0.000000
768.015258	13.395025	0.000000	0.000000
768.057673	13.395025	0.000000	0.000000
768.099063	13.402225	0.000000	0.000000
768.173161	13.402225	0.000000	0.000000
768.215577	13.424533	0.000000	0.000000
768.256002	13.424533	0.000000	0.000000
768.298563	13.424533	0.000000	0.000000
768.337997	13.398621	0.000000	0.000000
768.386307	13.398621	0.000000	0.000000
768.424426	13.398621	0.000000	0.000000
768.468507	13.417230	0.000000	0.000000
768.510370	13.417230	0.000000	0.000000
768.576724	13.417230	0.000000	0.000000
768.620715	13.390334	0.000000	0.000000
768.659301	13.390334	0.000000	0.000000
768.702627	13.390334	0.000000	0.000000
768.740569	13.421255	0.000000	0.000000
768.791691	13.421255	0.000000	0.000000
768.829752	13.421255	0.000000	0.000000
768.869922	13.431429	0.000000	0.000000
768.914164	13.431429	0.000000	0.000000
768.952164	13.431429	0.000000	0.000000
769.020584	13.394422	0.000000	0.000000
769.063576	13.394422	0.000000	0.000000
769.101114	13.394422	0.000000	0.000000
769.142838	13.416740	0.000000	0.000000
769.185019	13.416740	0.000000	0.000000
769.222553	13.416740	0.000000	0.000000
769.262447	13.426596	0.000000	0.000000
769.306335	13.426596	0.000000	0.000000
769.346643	13.426596	0.000000	0.000000
769.383943	13.426596	0.000000	0.000000
769.425596	13.421244	0.000000	0.000000
769.469183	13.421244	0.000000	0.000000
769.507189	13.421244	0.000000	0.000000
769.549346	13.444853	0.000000	0.000000
769.592639	13.444853	0.000000	0.000000
769.631439	13.444853	0.000000	0.000000
769.671310	13.411090	0.000000	0.000000
769.712559	13.411090	0.000000	0.000000
769.756058	13.411090	0.000000	0.000000
769.791804	13.411090	0.000000	0.000000
769.840275	13.429237	0.000000	0.000000
769.880440	13.429237	0.000000	0.000000
769.940158	13.446802	0.000000	0.000000
769.984206	13.446802	0.000000	0.000000
770.022226	13.446802	0.000000	0.000000
770.065407	13.445671	0.000000	0.000000
770.107761	13.445671	0.000000	0.000000
770.173080	13.445671	0.000000	0.000000
770.215280	13.420542	0.000000	0.000000
770.254613	13.420542	0.000000	0.000000
770.292933	13.420542	0.000000	0.000000
770.331500	13.420542	0.000000	0.000000
770.370975	13.440536	0.000000	0.000000
770.409307	13.440536	0.000000	0.000000
770.450361	13.440536	0.000000	0.000000
770.496441	13.447952	0.000000	0.000000
770.533869	13.447952	0.000000	0.000000
770.604484	13.443244	0.000000	0.000000
770.644435	13.443244	0.000000	0.000000
770.690812	13.443244	0.000000	0.000000
770.727184	13.443244	0.000000	0.000000
770.766038	13.463051	0.000000	0.000000
770.834995	13.463051	0.000000	0.000000
770.876570	13.457920	0.000000	0.000000
770.918918	13.457920	0.000000	0.000000
770.960918	13.457920	0.000000	0.000000
770.998087	13.457920	0.000000	0.000000
771.040397	13.440110	0.000000	0.000000
771.078187	13.440110	0.000000	0.000000
771.119680	13.440110	0.000000	0.000000
771.159715	13.456734	0.000000	0.000000
771.205290	13.456734	0.000000	0.000000
771.243646	13.456734	0.000000	0.000000
771.319592	13.441935	0.000000	0.000000
771.361218	13.441935	0.000000	0.000000
771.399274	13.441935	0.000000	0.000000
771.444490	13.460219	0.000000	0.000000
771.485392	13.460219	0.000000	0.000000
771.559013	13.473344	0.000000	0.000000
771.600552	13.473344	0.000000	0.000000
771.637222	13.473344	0.000000	0.000000
771.680837	13.464832	0.000000	0.000000
771.722842	13.464832	0.000000	0.000000
771.760045	13.464832	0.000000	0.000000
771.798066	13.464832	0.000000	0.000000
771.840424	13.461109	0.000000	0.000000
771.879503	13.461109	0.000000	0.000000
771.917241	13.461109	0.000000	0.000000
771.958632	13.477919	0.000000	0.000000
771.999063	13.477919	0.000000	0.000000
772.040300	13.477919	0.000000	0.000000
772.083323	13.497401	0.000000	0.000000
772.127495	13.497401	0.000000	0.000000
772.166650	13.497401	0.000000	0.000000
772.232904	13.483980	0.000000	0.000000
772.276009	13.483980	0.000000	0.000000
772.314262	13.483980	0.000000	0.000000
772.361747	13.496499	0.000000	0.000000
772.403448	13.496499	0.000000	0.000000
772.465529	13.496589	0.000000	0.000000
772.508797	13.496589	0.000000	0.000000
772.544834	13.496589	0.000000	0.000000
772.580638	13.496589	0.000000	0.000000
772.625550	13.501779	0.000000	0.000000
772.665219	13.501779	0.000000	0.000000
772.729939	13.523855	0.000000	0.000000
772.781484	13.523855	0.000000	0.000000
772.818936	13.523855	0.000000	0.000000
772.863092	13.507731	0.000000	0.000000
772.903361	13.507731	0.000000	0.000000
772.962050	13.507731	0.000000	0.000000
773.005093	13.498359	0.000000	0.000000
773.044705	13.498359	0.000000	0.000000
773.090210	13.498359	0.000000	0.000000
773.129224	13.498359	0.000000	0.000000
773.198998	13.536019	0.000000	0.000000
773.240108	13.536019	0.000000	0.000000
773.281356	13.522565	0.000000	0.000000
773.324757	13.522565	0.000000	0.000000
773.364594	13.522565	0.000000	0.000000
773.438082	13.535830	0.000000	0.000000
773.480228	13.535830	0.000000	0.000000
773.515759	13.535830	0.000000	0.000000
773.561917	13.534691	0.000000	0.000000
773.602711	13.534691	0.000000	0.000000
773.672035	13.534330	0.000000	0.000000
773.716215	13.534330	0.000000	0.000000
773.752244	13.534330	0.000000	0.000000
773.794423	13.534330	0.000000	0.000000
773.836134	13.531298	0.000000	0.000000
773.905706	13.531298	0.000000	0.000000
773.949176	13.551151	0.000000	0.000000
773.987387	13.551151	0.000000	0.000000
774.031341	13.551151	0.000000	0.000000
774.071101	13.546815	0.000000	0.000000
774.121107	13.546815	0.000000	0.000000
774.156654	13.546815	0.000000	0.000000
774.197249	13.546815	0.000000	0.000000
774.242300	13.541917	0.000000	0.000000
774.281199	13.541917	0.000000	0.000000
774.344573	13.543214	0.000000	0.000000
774.385920	13.543214	0.000000	0.000000
774.422573	13.543214	0.000000	0.000000
774.463058	13.552781	0.000000	0.000000
774.508941	13.552781	0.000000	0.000000
774.545867	13.552781	0.000000	0.000000
774.584482	13.552781	0.000000	0.000000
774.629416	13.571079	0.000000	0.000000
774.673089	13.571079	0.000000	0.000000
774.710137	13.571079	0.000000	0.000000
774.757062	13.569192	0.000000	0.000000
774.794227	13.569192	0.000000	0.000000
774.839107	13.569192	0.000000	0.000000
774.879183	13.557815	0.000000	0.000000
774.920230	13.557815	0.000000	0.000000
774.984371	13.557815	0.000000	0.000000
775.025511	13.567985	0.000000	0.000000
775.067158	13.567985	0.000000	0.000000
775.106049	13.567985	0.000000	0.000000
775.148028	13.569388	0.000000	0.000000
775.187760	13.569388	0.000000	0.000000
775.226838	13.569388	0.000000	0.000000
775.267325	13.572051	0.000000	0.000000
775.315760	13.572051	0.000000	0.000000
775.352207	13.572051	0.000000	0.000000
775.391613	13.572051	0.000000	0.000000
775.454782	13.552986	0.000000	0.000000
775.494235	13.552986	0.000000	0.000000
775.533538	13.564626	0.000000	0.000000
775.574222	13.564626	0.000000	0.000000
775.615748	13.564626	0.000000	0.000000
775.656766	13.564626	0.000000	0.000000
775.699577	13.573160	0.000000	0.000000
775.736603	13.573160	0.000000	0.000000
775.776668	13.573160	0.000000	0.000000
775.846824	13.576505	0.000000	0.000000
775.885996	13.576505	0.000000	0.000000
775.925449	13.576505	0.000000	0.000000
775.978466	13.591768	0.000000	0.000000
776.016443	13.591768	0.000000	0.000000
776.057957	13.591768	0.000000	0.000000
776.101672	13.563382	0.000000	0.000000
776.143746	13.563382	0.000000	0.000000
776.183924	13.563382	0.000000	0.000000
776.224497	13.564935	0.000000	0.000000
776.270996	13.564935	0.000000	0.000000
776.309328	13.564935	0.000000	0.000000
776.375519	13.582033	0.000000	0.000000
776.417255	13.582033	0.000000	0.000000
776.454439	13.582033	0.000000	0.000000
776.500218	13.580977	0.000000	0.000000
776.540057	13.580977	0.000000	0.000000
776.614271	13.583761	0.000000	0.000000
776.658810	13.583761	0.000000	0.000000
776.694018	13.583761	0.000000	0.000000
776.737199	13.555404	0.000000	0.000000
776.778859	13.555404	0.000000	0.000000
776.845244	13.555404	0.000000	0.000000
776.890788	13.574320	0.000000	0.000000
776.927211	13.574320	0.000000	0.000000
776.964499	13.574320	0.000000	0.000000
777.011499	13.573697	0.000000	0.000000
777.053911	13.573697	0.000000	0.000000
777.127160	13.573697	0.000000	0.000000
777.170019	13.580716	0.000000	0.000000
777.209534	13.580716	0.000000	0.000000
777.247823	13.580716	0.000000	0.000000
777.294935	13.587460	0.000000	0.000000
777.335195	13.587460	0.000000	0.000000
777.373964	13.587460	0.000000	0.000000
777.415564	13.596339	0.000000	0.000000
777.457326	13.596339	0.000000	0.000000
777.495892	13.596339	0.000000	0.000000
777.536972	13.574986	0.000000	0.000000
777.579222	13.574986	0.000000	0.000000
777.616064	13.574986	0.000000	0.000000
777.656001	13.574986	0.000000	0.000000
777.700423	13.580018	0.000000	0.000000
777.738839	13.580018	0.000000	0.000000
777.776647	13.580018	0.000000	0.000000
777.821956	13.567970	0.000000	0.000000
777.865537	13.567970	0.000000	0.000000
777.902263	13.567970	0.000000	0.000000
777.947133	13.461351	0.000000	0.000000
777.988616	13.461351	0.000000	0.000000
778.047088	13.461351	0.000000	0.000000
778.091544	13.438576	0.000000	0.000000
778.129334	13.438576	0.000000	0.000000
778.172977	13.438576	0.000000	0.000000
778.213075	13.428630	0.000000	0.000000
778.254830	13.428630	0.000000	0.000000
778.316115	13.428630	0.000000	0.000000
778.363241	13.446009	0.000000	0.000000
778.401433	13.446009	0.000000	0.000000
778.444319	13.446009	0.000000	0.000000
778.488609	13.436295	0.000000	0.000000
778.528789	13.436295	0.000000	0.000000
778.602955	13.440786	0.000000	0.000000
778.647380	13.440786	0.000000	0.000000
778.683957	13.440786	0.000000	0.000000
778.724827	13.440786	0.000000	0.000000
778.766372	13.442587	0.000000	0.000000
778.834329	13.442587	0.000000	0.000000
778.878059	13.425650	0.000000	0.000000
778.917036	13.425650	0.000000	0.000000
778.960864	13.425650	0.000000	0.000000
779.000350	13.430146	0.000000	0.000000
779.049715	13.430146	0.000000	0.000000
779.086709	13.430146	0.000000	0.000000
779.125731	13.430146	0.000000	0.000000
779.170610	13.443722	0.000000	0.000000
779.209883	13.443722	0.000000	0.000000
779.280222	13.437449	0.000000	0.000000
779.320647	13.437449	0.000000	0.000000
779.358746	13.437449	0.000000	0.000000
779.399043	13.408913	0.000000	0.000000
779.442060	13.408913	0.000000	0.000000
779.479466	13.408913	0.000000	0.000000
779.517364	13.408913	0.000000	0.000000
779.563967	13.411709	0.000000	0.000000
779.608066	13.411709	0.000000	0.000000
779.644954	13.411709	0.000000	0.000000
779.691389	13.392722	0.000000	0.000000
779.729859	13.392722	0.000000	0.000000
779.771973	13.392722	0.000000	0.000000
779.811740	13.404319	0.000000	0.000000
779.853994	13.404319	0.000000	0.000000
779.917408	13.404319	0.000000	0.000000
779.960747	13.394935	0.000000	0.000000
780.001638	13.394935	0.000000	0.000000
780.039699	13.394935	0.000000	0.000000
780.083760	13.379795	0.000000	0.000000
780.125608	13.379795	0.000000	0.000000
780.164711	13.379795	0.000000	0.000000
780.206586	13.359853	0.000000	0.000000
780.246615	13.359853	0.000000	0.000000
780.287838	13.359853	0.000000	0.000000
780.329372	13.359853	0.000000	0.000000
780.373098	13.371733	0.000000	0.000000
780.411887	13.371733	0.000000	0.000000
780.454099	13.371733	0.000000	0.000000
780.496117	13.391700	0.000000	0.000000
780.538795	13.391700	0.000000	0.000000
780.578881	13.391700	0.000000	0.000000
780.651865	13.353423	0.000000	0.000000
780.692046	13.353423	0.000000	0.000000
780.729576	13.353423	0.000000	0.000000
780.775163	13.365810	0.000000	0.000000
780.814446	13.365810	0.000000	0.000000
780.889782	13.346793	0.000000	0.000000
780.932882	13.346793	0.000000	0.000000
780.971176	13.346793	0.000000	0.000000
781.019300	13.360167	0.000000	0.000000
781.060226	13.360167	0.000000	0.000000
781.124940	13.360167	0.000000	0.000000
781.169558	13.384567	0.000000	0.000000
781.205667	13.384567	0.000000	0.000000
781.244686	13.384567	0.000000	0.000000
781.292969	13.345832	0.000000	0.000000
781.334584	13.345832	0.000000	0.000000
781.408229	13.347234	0.000000	0.000000
781.449547	13.347234	0.000000	0.000000
781.487631	13.347234	0.000000	0.000000
781.526787	13.347234	0.000000	0.000000
781.572004	13.365240	0.000000	0.000000
781.610991	13.365240	0.000000	0.000000
781.649170	13.365240	0.000000	0.000000
781.695644	13.373673	0.000000	0.000000
781.731763	13.373673	0.000000	0.000000
781.801345	13.372091	0.000000	0.000000
781.842849	13.372091	0.000000	0.000000
781.879587	13.372091	0.000000	0.000000
781.916813	13.372091	0.000000	0.000000
781.961379	13.360795	0.000000	0.000000
782.002542	13.360795	0.000000	0.000000
782.045218	13.360795	0.000000	0.000000
782.090287	13.353212	0.000000	0.000000
782.146214	13.353212	0.000000	0.000000
782.190400	13.354253	0.000000	0.000000
782.232877	13.354253	0.000000	0.000000
782.277312	13.354253	0.000000	0.000000
782.316683	13.354253	0.000000	0.000000
782.396616	13.378637	0.000000	0.000000
782.437713	13.378637	0.000000	0.000000
782.476455	13.374814	0.000000	0.000000
782.521611	13.374814	0.000000	0.000000
782.560688	13.374814	0.000000	0.000000
782.629875	13.363301	0.000000	0.000000
782.671398	13.363301	0.000000	0.000000
782.707976	13.363301	0.000000	0.000000
782.753749	13.370909	0.000000	0.000000
782.793506	13.370909	0.000000	0.000000
782.864010	13.364329	0.000000	0.000000
782.909025	13.364329	0.000000	0.000000
782.946216	13.364329	0.000000	0.000000
782.988596	13.373801	0.000000	0.000000
783.029366	13.373801	0.000000	0.000000
783.096989	13.373801	0.000000	0.000000
783.139532	13.386593	0.000000	0.000000
783.177759	13.386593	0.000000	0.000000
783.223444	13.386593	0.000000	0.000000
783.262067	13.368282	0.000000	0.000000
783.311609	13.368282	0.000000	0.000000
783.348502	13.368282	0.000000	0.000000
783.387486	13.368282	0.000000	0.000000
783.427299	13.365414	0.000000	0.000000
783.467887	13.365414	0.000000	0.000000
783.506496	13.365414	0.000000	0.000000
783.566952	13.379141	0.000000	0.000000
783.606462	13.379141	0.000000	0.000000
783.647601	13.379141	0.000000	0.000000
783.690200	13.390937	0.000000	0.000000
783.735012	13.390937	0.000000	0.000000
783.772094	13.390937	0.000000	0.000000
783.819666	13.380365	0.000000	0.000000
783.858059	13.380365	0.000000	0.000000
783.922454	13.380365	0.000000	0.000000
783.967465	13.390427	0.000000	0.000000
784.003790	13.390427	0.000000	0.000000
784.044471	13.390427	0.000000	0.000000
784.088444	13.383728	0.000000	0.000000
784.155469	13.383728	0.000000	0.000000
784.198784	13.383158	0.000000	0.000000
784.239500	13.383158	0.000000	0.000000
784.281062	13.383158	0.000000	0.000000
784.319603	13.383158	0.000000	0.000000
784.369511	13.419165	0.000000	0.000000
784.407474	13.419165	0.000000	0.000000
784.451843	13.419165	0.000000	0.000000
784.493878	13.399780	0.000000	0.000000
784.534654	13.399780	0.000000	0.000000
784.600774	13.366819	0.000000	0.000000
784.642062	13.366819	0.000000	0.000000
784.681907	13.366819	0.000000	0.000000
784.723703	13.366819	0.000000	0.000000
784.764133	13.398900	0.000000	0.000000
784.804894	13.398900	0.000000	0.000000
784.844231	13.398900	0.000000	0.000000
784.889219	13.395795	0.000000	0.000000
784.927325	13.395795	0.000000	0.000000
784.971417	13.395795	0.000000	0.000000
785.010544	13.410523	0.000000	0.000000
785.059645	13.410523	0.000000	0.000000
785.097274	13.410523	0.000000	0.000000
785.137562	13.401678	0.000000	0.000000
785.182516	13.401678	0.000000	0.000000
785.222336	13.401678	0.000000	0.000000
785.291905	13.397969	0.000000	0.000000
785.332540	13.397969	0.000000	0.000000
785.370485	13.397969	0.000000	0.000000
785.413694	13.401195	0.000000	0.000000
785.455938	13.401195	0.000000	0.000000
785.493189	13.401195	0.000000	0.000000
785.535624	13.432380	0.000000	0.000000
785.577610	13.432380	0.000000	0.000000
785.618975	13.432380	0.000000	0.000000
785.656700	13.432380	0.000000	0.000000
785.698559	13.415749	0.000000	0.000000
785.738496	13.415749	0.000000	0.000000
785.776656	13.415749	0.000000	0.000000
785.818027	13.405345	0.000000	0.000000
785.857656	13.405345	0.000000	0.000000
785.895879	13.405345	0.000000	0.000000
785.936199	13.415078	0.000000	0.000000
785.977850	13.415078	0.000000	0.000000
786.021288	13.415078	0.000000	0.000000
786.061233	13.418831	0.000000	0.000000
786.105702	13.418831	0.000000	0.000000
786.146331	13.418831	0.000000	0.000000
786.213882	13.433166	0.000000	0.000000
786.255812	13.433166	0.000000	0.000000
786.291070	13.433166	0.000000	0.000000
786.335083	13.425437	0.000000	0.000000
786.376608	13.425437	0.000000	0.000000
786.443866	13.425437	0.000000	0.000000
786.488975	13.429475	0.000000	0.000000
786.526616	13.429475	0.000000	0.000000
786.568909	13.429475	0.000000	0.000000
786.610610	13.416791	0.000000	0.000000
786.650717	13.416791	0.000000	0.000000
786.710916	13.416791	0.000000	0.000000
786.753459	13.449919	0.000000	0.000000
786.792882	13.449919	0.000000	0.000000
786.834535	13.449919	0.000000	0.000000
786.876573	13.435287	0.000000	0.000000
786.919063	13.435287	0.000000	0.000000
786.958189	13.435287	0.000000	0.000000
787.000772	13.421380	0.000000	0.000000
787.039197	13.421380	0.000000	0.000000
787.077205	13.421380	0.000000	0.000000
787.115796	13.421380	0.000000	0.000000
787.156720	13.425530	0.000000	0.000000
787.196384	13.425530	0.000000	0.000000
787.238098	13.425530	0.000000	0.000000
787.279981	13.453761	0.000000	0.000000
787.323834	13.453761	0.000000	0.000000
787.363331	13.453761	0.000000	0.000000
787.431856	13.436153	0.000000	0.000000
787.473815	13.436153	0.000000	0.000000
787.512620	13.436153	0.000000	0.000000
787.559623	13.493512	0.000000	0.000000
787.601720	13.493512	0.000000	0.000000
787.664898	13.460283	0.000000	0.000000
787.707506	13.460283	0.000000	0.000000
787.745874	13.460283	0.000000	0.000000
787.785770	13.460283	0.000000	0.000000
787.830309	13.456804	0.000000	0.000000
787.868183	13.456804	0.000000	0.000000
787.929127	13.456804	0.000000	0.000000
787.971237	13.473434	0.000000	0.000000
788.009004	13.473434	0.000000	0.000000
788.047695	13.473434	0.000000	0.000000
788.089094	13.474517	0.000000	0.000000
788.132908	13.474517	0.000000	0.000000
788.172370	13.474517	0.000000	0.000000
788.241066	13.497267	0.000000	0.000000
788.282848	13.497267	0.000000	0.000000
788.320323	13.497267	0.000000	0.000000
788.367198	13.481758	0.000000	0.000000
788.406196	13.481758	0.000000	0.000000
788.479131	13.483087	0.000000	0.000000
788.519949	13.483087	0.000000	0.000000
788.557848	13.483087	0.000000	0.000000
788.603872	13.487168	0.000000	0.000000
788.643912	13.487168	0.000000	0.000000
788.684566	13.487168	0.000000	0.000000
788.722112	13.487168	0.000000	0.000000
788.768482	13.508527	0.000000	0.000000
788.805546	13.508527	0.000000	0.000000
788.847982	13.508527	0.000000	0.000000
788.889682	13.523733	0.000000	0.000000
788.934299	13.523733	0.000000	0.000000
788.971926	13.523733	0.000000	0.000000
789.040776	13.499671	0.000000	0.000000
789.081535	13.499671	0.000000	0.000000
789.118695	13.499671	0.000000	0.000000
789.164339	13.514350	0.000000	0.000000
789.204715	13.514350	0.000000	0.000000
789.275791	13.505728	0.000000	0.000000
789.317623	13.505728	0.000000	0.000000
789.354197	13.505728	0.000000	0.000000
789.398435	13.528122	0.000000	0.000000
789.437482	13.528122	0.000000	0.000000
789.507715	13.528122	0.000000	0.000000
789.554626	13.523646	0.000000	0.000000
789.592226	13.523646	0.000000	0.000000
789.635643	13.523646	0.000000	0.000000
789.674582	13.516305	0.000000	0.000000
789.722062	13.516305	0.000000	0.000000
789.759161	13.516305	0.000000	0.000000
789.800709	13.511009	0.000000	0.000000
789.845768	13.511009	0.000000	0.000000
789.884507	13.511009	0.000000	0.000000
789.949883	13.531643	0.000000	0.000000
789.990740	13.531643	0.000000	0.000000
790.027803	13.531643	0.000000	0.000000
790.069992	13.534409	0.000000	0.000000
790.111879	13.534409	0.000000	0.000000
790.148744	13.534409	0.000000	0.000000
790.188637	13.539064	0.000000	0.000000
790.230524	13.539064	0.000000	0.000000
790.271415	13.539064	0.000000	0.000000
790.310880	13.539064	0.000000	0.000000
790.353158	13.536561	0.000000	0.000000
790.393772	13.536561	0.000000	0.000000
790.431483	13.536561	0.000000	0.000000
790.471376	13.556228	0.000000	0.000000
790.514080	13.556228	0.000000	0.000000
790.552054	13.556228	0.000000	0.000000
790.594491	13.544532	0.000000	0.000000
790.637176	13.544532	0.000000	0.000000
790.677306	13.544532	0.000000	0.000000
790.715708	13.552633	0.000000	0.000000
790.758304	13.552633	0.000000	0.000000
790.798757	13.552633	0.000000	0.000000
790.867970	13.545764	0.000000	0.000000
790.912169	13.545764	0.000000	0.000000
790.948463	13.545764	0.000000	0.000000
790.992742	13.532441	0.000000	0.000000
791.034785	13.532441	0.000000	0.000000
791.100979	13.532441	0.000000	0.000000
791.147056	13.557550	0.000000	0.000000
791.186059	13.557550	0.000000	0.000000
791.229096	13.557550	0.000000	0.000000
791.270904	13.547891	0.000000	0.000000
791.312986	13.547891	0.000000	0.000000
791.384907	13.547891	0.000000	0.000000
791.430486	13.559257	0.000000	0.000000
791.468355	13.559257	0.000000	0.000000
791.513016	13.559257	0.000000	0.000000
791.555542	13.555859	0.000000	0.000000
791.595216	13.555859	0.000000	0.000000
791.665573	13.552260	0.000000	0.000000
791.709458	13.552260	0.000000	0.000000
791.746828	13.552260	0.000000	0.000000
791.789636	13.550845	0.000000	0.000000
791.832004	13.550845	0.000000	0.000000
791.899602	13.550845	0.000000	0.000000
791.944746	13.566157	0.000000	0.000000
791.983441	13.566157	0.000000	0.000000
792.021946	13.566157	0.000000	0.000000
792.067344	13.565875	0.000000	0.000000
792.110240	13.565875	0.000000	0.000000
792.181893	13.565875	0.000000	0.000000
792.225749	13.541551	0.000000	0.000000
792.265817	13.541551	0.000000	0.000000
792.304655	13.541551	0.000000	0.000000
792.349057	13.561423	0.000000	0.000000
792.387634	13.561423	0.000000	0.000000
792.425535	13.561423	0.000000	0.000000
792.466824	13.555197	0.000000	0.000000
792.510540	13.555197	0.000000	0.000000
792.548527	13.555197	0.000000	0.000000
792.591104	13.544026	0.000000	0.000000
792.632666	13.544026	0.000000	0.000000
792.699390	13.544026	0.000000	0.000000
792.743747	13.567396	0.000000	0.000000
792.781866	13.567396	0.000000	0.000000
792.823420	13.567396	0.000000	0.000000
792.862186	13.549298	0.000000	0.000000
792.906359	13.549298	0.000000	0.000000
792.942901	13.549298	0.000000	0.000000
792.985563	13.549298	0.000000	0.000000
793.030726	13.531544	0.000000	0.000000
793.073022	13.531544	0.000000	0.000000
793.113062	13.531544	0.000000	0.000000
793.156157	13.551979	0.000000	0.000000
793.201982	13.551979	0.000000	0.000000
793.239124	13.551979	0.000000	0.000000
793.287472	13.554652	0.000000	0.000000
793.328418	13.554652	0.000000	0.000000
793.371518	13.554652	0.000000	0.000000
793.411885	13.557920	0.000000	0.000000
793.453335	13.557920	0.000000	0.000000
793.530054	13.540646	0.000000	0.000000
793.574535	13.540646	0.000000	0.000000
793.611063	13.540646	0.000000	0.000000
793.655770	13.540646	0.000000	0.000000
793.699469	13.551431	0.000000	0.000000
793.759903	13.551431	0.000000	0.000000
793.798490	13.431697	0.000000	0.000000
793.839021	13.431697	0.000000	0.000000
793.878739	13.431697	0.000000	0.000000
793.923199	13.437911	0.000000	0.000000
793.962636	13.437911	0.000000	0.000000
794.009534	13.437911	0.000000	0.000000
794.046042	13.437911	0.000000	0.000000
794.095597	13.441778	0.000000	0.000000
794.134050	13.441778	0.000000	0.000000
794.171979	13.441778	0.000000	0.000000
794.215857	13.425375	0.000000	0.000000
794.256699	13.425375	0.000000	0.000000
794.296216	13.425375	0.000000	0.000000
794.343329	13.426923	0.000000	0.000000
794.385160	13.426923	0.000000	0.000000
794.424120	13.426923	0.000000	0.000000
794.497018	13.407394	0.000000	0.000000
794.538156	13.407394	0.000000	0.000000
794.576056	13.407394	0.000000	0.000000
794.618806	13.419245	0.000000	0.000000
794.659186	13.419245	0.000000	0.000000
794.698063	13.419245	0.000000	0.000000
794.746401	13.401235	0.000000	0.000000
794.786360	13.401235	0.000000	0.000000
794.827397	13.401235	0.000000	0.000000
794.898438	13.387807	0.000000	0.000000
794.940191	13.387807	0.000000	0.000000
794.977756	13.387807	0.000000	0.000000
795.020075	13.376610	0.000000	0.000000
795.058955	13.376610	0.000000	0.000000
795.098615	13.376610	0.000000	0.000000
795.142821	13.403750	0.000000	0.000000
795.181739	13.403750	0.000000	0.000000
795.224535	13.403750	0.000000	0.000000
795.263891	13.420984	0.000000	0.000000
795.315678	13.420984	0.000000	0.000000
795.352736	13.420984	0.000000	0.000000
795.390201	13.420984	0.000000	0.000000
795.430253	13.374395	0.000000	0.000000
795.472192	13.374395	0.000000	0.000000
795.511576	13.374395	0.000000	0.000000
795.553256	13.374944	0.000000	0.000000
795.610204	13.374944	0.000000	0.000000
795.648155	13.374944	0.000000	0.000000
795.694852	13.370955	0.000000	0.000000
795.731834	13.370955	0.000000	0.000000
795.802876	13.367551	0.000000	0.000000
795.844142	13.367551	0.000000	0.000000
795.880834	13.367551	0.000000	0.000000
795.924459	13.368163	0.000000	0.000000
795.966414	13.368163	0.000000	0.000000
796.004462	13.368163	0.000000	0.000000
796.042686	13.368163	0.000000	0.000000
796.087604	13.355715	0.000000	0.000000
796.127048	13.355715	0.000000	0.000000
796.164563	13.355715	0.000000	0.000000
796.207047	13.349863	0.000000	0.000000
796.249572	13.349863	0.000000	0.000000
796.286646	13.349863	0.000000	0.000000
796.327478	13.346552	0.000000	0.000000
796.368267	13.346552	0.000000	0.000000
796.407563	13.346552	0.000000	0.000000
796.446335	13.346552	0.000000	0.000000
796.490699	13.355192	0.000000	0.000000
796.533626	13.355192	0.000000	0.000000
796.569968	13.355192	0.000000	0.000000
796.617294	13.337809	0.000000	0.000000
796.657823	13.337809	0.000000	0.000000
796.727161	13.315906	0.000000	0.000000
796.771900	13.315906	0.000000	0.000000
796.808247	13.315906	0.000000	0.000000
796.851166	13.315906	0.000000	0.000000
796.894664	13.349235	0.000000	0.000000
796.959590	13.349235	0.000000	0.000000
797.002913	13.348310	0.000000	0.000000
797.042763	13.348310	0.000000	0.000000
797.082853	13.348310	0.000000	0.000000
797.128228	13.351702	0.000000	0.000000
797.169755	13.351702	0.000000	0.000000
797.213013	13.351702	0.000000	0.000000
797.253130	13.351702	0.000000	0.000000
797.302247	13.361279	0.000000	0.000000
797.341644	13.361279	0.000000	0.000000
797.383157	13.361279	0.000000	0.000000
797.425679	13.343680	0.000000	0.000000
797.467272	13.343680	0.000000	0.000000
797.505558	13.343680	0.000000	0.000000
797.572895	13.337934	0.000000	0.000000
797.611455	13.337934	0.000000	0.000000
797.654790	13.337934	0.000000	0.000000
797.694664	13.351370	0.000000	0.000000
797.738742	13.351370	0.000000	0.000000
797.778356	13.351370	0.000000	0.000000
797.848490	13.354907	0.000000	0.000000
797.888654	13.354907	0.000000	0.000000
797.928411	13.358829	0.000000	0.000000
797.972459	13.358829	0.000000	0.000000
798.009979	13.358829	0.000000	0.000000
798.068507	13.330631	0.000000	0.000000
798.111930	13.330631	0.000000	0.000000
798.149090	13.330631	0.000000	0.000000
798.191341	13.333678	0.000000	0.000000
798.237619	13.333678	0.000000	0.000000
798.305482	13.333678	0.000000	0.000000
798.351335	13.324439	0.000000	0.000000
798.389713	13.324439	0.000000	0.000000
798.428082	13.324439	0.000000	0.000000
798.473732	13.371072	0.000000	0.000000
798.514008	13.371072	0.000000	0.000000
798.585052	13.371072	0.000000	0.000000
798.628885	13.358963	0.000000	0.000000
798.667991	13.358963	0.000000	0.000000
798.706574	13.358963	0.000000	0.000000
798.747702	13.339655	0.000000	0.000000
798.789777	13.339655	0.000000	0.000000
798.826680	13.339655	0.000000	0.000000
798.870252	13.331474	0.000000	0.000000
798.942172	13.331474	0.000000	0.000000
798.979959	13.331474	0.000000	0.000000
799.025043	13.337991	0.000000	0.000000
799.063944	13.337991	0.000000	0.000000
799.137075	13.369328	0.000000	0.000000
799.177909	13.369328	0.000000	0.000000
799.216912	13.369328	0.000000	0.000000
799.254537	13.369328	0.000000	0.000000
799.298399	13.367688	0.000000	0.000000
799.337502	13.367688	0.000000	0.000000
799.376623	13.367688	0.000000	0.000000
799.421860	13.347277	0.000000	0.000000
799.463135	13.347277	0.000000	0.000000
799.502079	13.347277	0.000000	0.000000
799.546181	13.342683	0.000000	0.000000
799.588135	13.342683	0.000000	0.000000
799.627403	13.342683	0.000000	0.000000
799.667487	13.359014	0.000000	0.000000
799.708493	13.359014	0.000000	0.000000
799.747355	13.359014	0.000000	0.000000
799.787527	13.355045	0.000000	0.000000
799.828399	13.355045	0.000000	0.000000
799.869443	13.355045	0.000000	0.000000
799.907222	13.355045	0.000000	0.000000
799.950627	13.368060	0.000000	0.000000
799.990162	13.368060	0.000000	0.000000
800.027243	13.368060	0.000000	0.000000
800.070850	13.377222	0.000000	0.000000
800.111059	13.377222	0.000000	0.000000
800.149476	13.377222	0.000000	0.000000
800.189149	13.368592	0.000000	0.000000
800.230630	13.368592	0.000000	0.000000
800.269729	13.368592	0.000000	0.000000
800.309392	13.368592	0.000000	0.000000
800.385394	13.380614	0.000000	0.000000
800.425287	13.380614	0.000000	0.000000
800.466706	13.375060	0.000000	0.000000
800.508373	13.375060	0.000000	0.000000
800.547690	13.375060	0.000000	0.000000
800.588450	13.375060	0.000000	0.000000
800.632333	13.367750	0.000000	0.000000
800.670680	13.367750	0.000000	0.000000
800.709800	13.367750	0.000000	0.000000
800.779266	13.369928	0.000000	0.000000
800.816180	13.369928	0.000000	0.000000
800.854999	13.369928	0.000000	0.000000
800.896768	13.379579	0.000000	0.000000
800.937803	13.379579	0.000000	0.000000
800.974792	13.379579	0.000000	0.000000
801.020395	13.364429	0.000000	0.000000
801.059291	13.364429	0.000000	0.000000
801.098503	13.364429	0.000000	0.000000
801.172459	13.388013	0.000000	0.000000
801.211078	13.388013	0.000000	0.000000
801.250006	13.388013	0.000000	0.000000
801.295583	13.382127	0.000000	0.000000
801.334010	13.382127	0.000000	0.000000
801.376084	13.382127	0.000000	0.000000
801.423074	13.383773	0.000000	0.000000
801.462186	13.383773	0.000000	0.000000
801.503076	13.383773	0.000000	0.000000
801.544118	13.386085	0.000000	0.000000
801.588197	13.386085	0.000000	0.000000
801.626242	13.386085	0.000000	0.000000
801.688315	13.389025	0.000000	0.000000
801.730427	13.389025	0.000000	0.000000
801.767829	13.389025	0.000000	0.000000
801.814272	13.383900	0.000000	0.000000
801.854830	13.383900	0.000000	0.000000
801.926867	13.390844	0.000000	0.000000
801.971471	13.390844	0.000000	0.000000
802.007564	13.390844	0.000000	0.000000
802.049451	13.390844	0.000000	0.000000
802.092454	13.398588	0.000000	0.000000
802.156608	13.398588	0.000000	0.000000
802.200919	13.389495	0.000000	0.000000
802.242049	13.389495	0.000000	0.000000
802.286488	13.389495	0.000000	0.000000
802.328280	13.402936	0.000000	0.000000
802.375287	13.402936	0.000000	0.000000
802.411761	13.402936	0.000000	0.000000
802.455820	13.397301	0.000000	0.000000
802.497118	13.397301	0.000000	0.000000
802.563158	13.397301	0.000000	0.000000
802.606479	13.391666	0.000000	0.000000
802.645409	13.391666	0.000000	0.000000
802.687483	13.391666	0.000000	0.000000
802.727383	13.391516	0.000000	0.000000
802.777299	13.391516	0.000000	0.000000
802.813110	13.391516	0.000000	0.000000
802.853115	13.396874	0.000000	0.000000
802.896530	13.396874	0.000000	0.000000
802.933979	13.396874	0.000000	0.000000
803.002764	13.413921	0.000000	0.000000
803.044361	13.413921	0.000000	0.000000
803.081129	13.413921	0.000000	0.000000
803.123726	13.411807	0.000000	0.000000
803.165777	13.411807	0.000000	0.000000
803.203170	13.411807	0.000000	0.000000
803.241677	13.411807	0.000000	0.000000
803.285103	13.405241	0.000000	0.000000
803.323503	13.405241	0.000000	0.000000
803.361020	13.405241	0.000000	0.000000
803.404627	13.409929	0.000000	0.000000
803.446778	13.409929	0.000000	0.000000
803.483016	13.409929	0.000000	0.000000
803.524786	13.439562	0.000000	0.000000
803.565578	13.439562	0.000000	0.000000
803.604852	13.439562	0.000000	0.000000
803.645816	13.451345	0.000000	0.000000
803.688256	13.451345	0.000000	0.000000
803.728651	13.451345	0.000000	0.000000
803.766582	13.451345	0.000000	0.000000
803.812704	13.428993	0.000000	0.000000
803.855786	13.428993	0.000000	0.000000
803.926811	13.441335	0.000000	0.000000
803.972104	13.441335	0.000000	0.000000
804.008874	13.441335	0.000000	0.000000
804.055556	13.447956	0.000000	0.000000
804.096364	13.447956	0.000000	0.000000
804.157687	13.447956	0.000000	0.000000
804.197824	13.447847	0.000000	0.000000
804.239812	13.447847	0.000000	0.000000
804.279471	13.447847	0.000000	0.000000
804.320104	13.469668	0.000000	0.000000
804.360269	13.469668	0.000000	0.000000
804.400597	13.469668	0.000000	0.000000
804.439802	13.469668	0.000000	0.000000
804.484720	13.451603	0.000000	0.000000
804.524031	13.451603	0.000000	0.000000
804.562836	13.451603	0.000000	0.000000
804.629848	13.453604	0.000000	0.000000
804.669481	13.453604	0.000000	0.000000
804.709074	13.453604	0.000000	0.000000
804.754935	13.460405	0.000000	0.000000
804.793828	13.460405	0.000000	0.000000
804.835794	13.460405	0.000000	0.000000
804.881279	13.481895	0.000000	0.000000
804.921911	13.481895	0.000000	0.000000
804.963547	13.481895	0.000000	0.000000
805.001431	13.494804	0.000000	0.000000
805.046602	13.494804	0.000000	0.000000
805.084046	13.494804	0.000000	0.000000
805.150455	13.501243	0.000000	0.000000
805.190747	13.501243	0.000000	0.000000
805.228118	13.501243	0.000000	0.000000
805.274366	13.501478	0.000000	0.000000
805.313383	13.501478	0.000000	0.000000
805.379348	13.501478	0.000000	0.000000
805.426401	13.481705	0.000000	0.000000
805.464019	13.481705	0.000000	0.000000
805.502733	13.481705	0.000000	0.000000
805.547760	13.497635	0.000000	0.000000
805.587531	13.497635	0.000000	0.000000
805.651252	13.511003	0.000000	0.000000
805.692672	13.511003	0.000000	0.000000
805.733382	13.511003	0.000000	0.000000
805.770375	13.511003	0.000000	0.000000
805.812279	13.489635	0.000000	0.000000
805.854773	13.489635	0.000000	0.000000
805.891860	13.489635	0.000000	0.000000
805.937874	13.506484	0.000000	0.000000
805.977900	13.506484	0.000000	0.000000
806.040908	13.506484	0.000000	0.000000
806.086169	13.501582	0.000000	0.000000
806.127995	13.501582	0.000000	0.000000
806.164119	13.501582	0.000000	0.000000
806.206133	13.512955	0.000000	0.000000
806.275766	13.512955	0.000000	0.000000
806.314878	13.514253	0.000000	0.000000
806.357909	13.514253	0.000000	0.000000
806.398087	13.514253	0.000000	0.000000
806.435431	13.514253	0.000000	0.000000
806.477443	13.518857	0.000000	0.000000
806.518919	13.518857	0.000000	0.000000
806.557857	13.518857	0.000000	0.000000
806.601135	13.513072	0.000000	0.000000
806.638162	13.513072	0.000000	0.000000
806.677007	13.513072	0.000000	0.000000
806.722332	13.521996	0.000000	0.000000
806.765557	13.521996	0.000000	0.000000
806.809894	13.521996	0.000000	0.000000
806.848798	13.531158	0.000000	0.000000
806.905396	13.531158	0.000000	0.000000
806.941289	13.531158	0.000000	0.000000
806.983717	13.531158	0.000000	0.000000
807.034638	13.498474	0.000000	0.000000
807.104688	13.498474	0.000000	0.000000
807.150579	13.517619	0.000000	0.000000
807.189733	13.517619	0.000000	0.000000
807.228150	13.517619	0.000000	0.000000
807.273387	13.519292	0.000000	0.000000
807.325252	13.519292	0.000000	0.000000
807.362000	13.519292	0.000000	0.000000
807.406364	13.517132	0.000000	0.000000
807.446885	13.517132	0.000000	0.000000
807.512327	13.517132	0.000000	0.000000
807.556657	13.544535	0.000000	0.000000
807.592297	13.544535	0.000000	0.000000
807.633450	13.544535	0.000000	0.000000
807.676530	13.545962	0.000000	0.000000
807.746884	13.545962	0.000000	0.000000
807.784440	13.545962	0.000000	0.000000
807.826231	13.512255	0.000000	0.000000
807.866645	13.512255	0.000000	0.000000
807.905890	13.512255	0.000000	0.000000
807.947895	13.522371	0.000000	0.000000
807.987676	13.522371	0.000000	0.000000
808.026365	13.522371	0.000000	0.000000
808.072286	13.533420	0.000000	0.000000
808.112092	13.533420	0.000000	0.000000
808.147966	13.533420	0.000000	0.000000
808.191350	13.532804	0.000000	0.000000
808.232178	13.532804	0.000000	0.000000
808.297453	13.532804	0.000000	0.000000
808.340995	13.535829	0.000000	0.000000
808.380919	13.535829	0.000000	0.000000
808.420906	13.535829	0.000000	0.000000
808.462352	13.532451	0.000000	0.000000
808.506757	13.532451	0.000000	0.000000
808.544771	13.532451	0.000000	0.000000
808.588396	13.522652	0.000000	0.000000
808.632068	13.522652	0.000000	0.000000
808.673957	13.522652	0.000000	0.000000
808.711675	13.522652	0.000000	0.000000
808.755861	13.536579	0.000000	0.000000
808.795267	13.536579	0.000000	0.000000
808.834876	13.536579	0.000000	0.000000
808.875350	13.540350	0.000000	0.000000
808.916293	13.540350	0.000000	0.000000
808.954324	13.540350	0.000000	0.000000
808.995746	13.531363	0.000000	0.000000
809.034523	13.531363	0.000000	0.000000
809.072728	13.531363	0.000000	0.000000
809.112606	13.531363	0.000000	0.000000
809.156475	13.511316	0.000000	0.000000
809.197048	13.511316	0.000000	0.000000
809.236282	13.511316	0.000000	0.000000
809.278501	13.536278	0.000000	0.000000
809.317299	13.536278	0.000000	0.000000
809.355988	13.536278	0.000000	0.000000
809.399233	13.534420	0.000000	0.000000
809.440186	13.534420	0.000000	0.000000
809.503781	13.534420	0.000000	0.000000
809.546771	13.543358	0.000000	0.000000
809.590680	13.543358	0.000000	0.000000
809.628834	13.543358	0.000000	0.000000
809.673568	13.522131	0.000000	0.000000
809.716714	13.522131	0.000000	0.000000
809.754629	13.522131	0.000000	0.000000
809.795364	13.522813	0.000000	0.000000
809.837942	13.522813	0.000000	0.000000
809.881111	13.522813	0.000000	0.000000
809.921467	13.513569	0.000000	0.000000
809.965287	13.513569	0.000000	0.000000
810.004138	13.513569	0.000000	0.000000
810.067014	13.552961	0.000000	0.000000
810.109007	13.552961	0.000000	0.000000
810.144956	13.552961	0.000000	0.000000
810.186651	13.417433	0.000000	0.000000
810.226999	13.417433	0.000000	0.000000
810.300007	13.417433	0.000000	0.000000
810.344706	13.396490	0.000000	0.000000
810.386092	13.396490	0.000000	0.000000
810.429658	13.396490	0.000000	0.000000
810.471622	13.412571	0.000000	0.000000
810.511962	13.412571	0.000000	0.000000
810.583331	13.412571	0.000000	0.000000
810.630156	13.401996	0.000000	0.000000
810.667340	13.401996	0.000000	0.000000
810.712532	13.401996	0.000000	0.000000
810.752430	13.417567	0.000000	0.000000
810.790230	13.417567	0.000000	0.000000
810.866795	13.402802	0.000000	0.000000
810.909586	13.402802	0.000000	0.000000
810.947453	13.402802	0.000000	0.000000
810.991477	13.378472	0.000000	0.000000
811.032277	13.378472	0.000000	0.000000
811.098521	13.378472	0.000000	0.000000
811.151350	13.368195	0.000000	0.000000
811.188054	13.368195	0.000000	0.000000
811.232059	13.368195	0.000000	0.000000
811.273318	13.378234	0.000000	0.000000
811.322779	13.378234	0.000000	0.000000
811.358979	13.378234	0.000000	0.000000
811.401059	13.375968	0.000000	0.000000
811.444809	13.375968	0.000000	0.000000
811.482975	13.375968	0.000000	0.000000
811.556136	13.371624	0.000000	0.000000
811.597040	13.371624	0.000000	0.000000
811.636122	13.371624	0.000000	0.000000
811.678848	13.362132	0.000000	0.000000
811.720848	13.362132	0.000000	0.000000
811.757334	13.362132	0.000000	0.000000
811.801382	13.342828	0.000000	0.000000
811.839984	13.342828	0.000000	0.000000
811.878435	13.342828	0.000000	0.000000
811.923433	13.350303	0.000000	0.000000
811.964719	13.350303	0.000000	0.000000
812.009290	13.350303	0.000000	0.000000
812.049038	13.376106	0.000000	0.000000
812.099149	13.376106	0.000000	0.000000
812.136253	13.376106	0.000000	0.000000
812.176475	13.376106	0.000000	0.000000
812.218542	13.326635	0.000000	0.000000
812.289125	13.326635	0.000000	0.000000
812.333368	13.323085	0.000000	0.000000
812.372906	13.323085	0.000000	0.000000
812.416669	13.323085	0.000000	0.000000
812.456946	13.337442	0.000000	0.000000
812.503648	13.337442	0.000000	0.000000
812.541819	13.337442	0.000000	0.000000
812.582480	13.337442	0.000000	0.000000
812.623477	13.331829	0.000000	0.000000
812.696993	13.331829	0.000000	0.000000
812.742208	13.343557	0.000000	0.000000
812.779696	13.343557	0.000000	0.000000
812.823025	13.343557	0.000000	0.000000
812.864620	13.321847	0.000000	0.000000
812.914424	13.321847	0.000000	0.000000
812.951971	13.321847	0.000000	0.000000
812.990662	13.308312	0.000000	0.000000
813.035525	13.308312	0.000000	0.000000
813.074323	13.308312	0.000000	0.000000
813.139072	13.314900	0.000000	0.000000
813.181867	13.314900	0.000000	0.000000
813.218621	13.314900	0.000000	0.000000
813.261148	13.337019	0.000000	0.000000
813.302795	13.337019	0.000000	0.000000
813.340248	13.337019	0.000000	0.000000
813.378648	13.337019	0.000000	0.000000
813.422804	13.322472	0.000000	0.000000
813.467028	13.322472	0.000000	0.000000
813.504288	13.322472	0.000000	0.000000
813.555523	13.283813	0.000000	0.000000
813.595732	13.283813	0.000000	0.000000
813.634862	13.283813	0.000000	0.000000
813.681220	13.312301	0.000000	0.000000
813.720649	13.312301	0.000000	0.000000
813.779187	13.312301	0.000000	0.000000
813.822549	13.305316	0.000000	0.000000
813.864507	13.305316	0.000000	0.000000
813.903194	13.305316	0.000000	0.000000
813.946798	13.320730	0.000000	0.000000
813.989400	13.320730	0.000000	0.000000
814.026149	13.320730	0.000000	0.000000
814.075481	13.311089	0.000000	0.000000
814.113101	13.311089	0.000000	0.000000
814.185405	13.311089	0.000000	0.000000
814.228075	13.306022	0.000000	0.000000
814.266800	13.306022	0.000000	0.000000
814.306021	13.306022	0.000000	0.000000
814.350985	13.320153	0.000000	0.000000
814.392777	13.320153	0.000000	0.000000
814.431386	13.320153	0.000000	0.000000
814.474005	13.308257	0.000000	0.000000
814.516574	13.308257	0.000000	0.000000
814.554805	13.308257	0.000000	0.000000
814.595714	13.328051	0.000000	0.000000
814.638511	13.328051	0.000000	0.000000
814.675992	13.328051	0.000000	0.000000
814.716147	13.325225	0.000000	0.000000
814.756995	13.325225	0.000000	0.000000
814.795621	13.325225	0.000000	0.000000
814.834871	13.325225	0.000000	0.000000
814.878666	13.318048	0.000000	0.000000
814.921866	13.318048	0.000000	0.000000
814.959549	13.318048	0.000000	0.000000
815.005652	13.295772	0.000000	0.000000
815.045354	13.295772	0.000000	0.000000
815.117931	13.319370	0.000000	0.000000
815.161747	13.319370	0.000000	0.000000
815.198568	13.319370	0.000000	0.000000
815.240391	13.319370	0.000000	0.000000
815.283395	13.342916	0.000000	0.000000
815.350586	13.342916	0.000000	0.000000
815.396779	13.310515	0.000000	0.000000
815.436481	13.310515	0.000000	0.000000
815.478344	13.310515	0.000000	0.000000
815.515119	13.301493	0.000000	0.000000
815.572099	13.301493	0.000000	0.000000
815.608830	13.301493	0.000000	0.000000
815.645220	13.301493	0.000000	0.000000
815.685030	13.316139	0.000000	0.000000
815.722863	13.316139	0.000000	0.000000
815.762278	13.316139	0.000000	0.000000
815.822159	13.328770	0.000000	0.000000
815.860373	13.328770	0.000000	0.000000
815.899571	13.328770	0.000000	0.000000
815.940154	13.331736	0.000000	0.000000
815.983386	13.331736	0.000000	0.000000
816.019327	13.331736	0.000000	0.000000
816.067480	13.317272	0.000000	0.000000
816.106439	13.317272	0.000000	0.000000
816.168056	13.317272	0.000000	0.000000
816.211222	13.317900	0.000000	0.000000
816.250113	13.317900	0.000000	0.000000
816.291126	13.317900	0.000000	0.000000
816.334307	13.330265	0.000000	0.000000
816.403709	13.330265	0.000000	0.000000
816.442121	13.330265	0.000000	0.000000
816.485722	13.352710	0.000000	0.000000
816.521460	13.352710	0.000000	0.000000
816.559494	13.352710	0.000000	0.000000
816.606415	13.340257	0.000000	0.000000
816.647585	13.340257	0.000000	0.000000
816.714738	13.330349	0.000000	0.000000
816.759103	13.330349	0.000000	0.000000
816.796995	13.330349	0.000000	0.000000
816.839559	13.330349	0.000000	0.000000
816.891036	13.340978	0.000000	0.000000
816.964520	13.340978	0.000000	0.000000
817.008560	13.345840	0.000000	0.000000
817.046970	13.345840	0.000000	0.000000
817.089411	13.345840	0.000000	0.000000
817.132504	13.372078	0.000000	0.000000
817.197426	13.372078	0.000000	0.000000
817.238748	13.372078	0.000000	0.000000
817.278430	13.364814	0.000000	0.000000
817.319016	13.364814	0.000000	0.000000
817.361722	13.364814	0.000000	0.000000
817.402948	13.327016	0.000000	0.000000
817.465672	13.327016	0.000000	0.000000
817.506125	13.327016	0.000000	0.000000
817.551610	13.347452	0.000000	0.000000
817.590204	13.347452	0.000000	0.000000
817.633364	13.347452	0.000000	0.000000
817.674173	13.350114	0.000000	0.000000
817.714441	13.350114	0.000000	0.000000
817.780383	13.363348	0.000000	0.000000
817.823401	13.363348	0.000000	0.000000
817.860235	13.363348	0.000000	0.000000
817.901547	13.363348	0.000000	0.000000
817.942964	13.365175	0.000000	0.000000
818.012642	13.365175	0.000000	0.000000
818.055583	13.334518	0.000000	0.000000
818.094731	13.334518	0.000000	0.000000
818.139385	13.334518	0.000000	0.000000
818.177792	13.358649	0.000000	0.000000
818.227832	13.358649	0.000000	0.000000
818.265007	13.358649	0.000000	0.000000
818.304826	13.358649	0.000000	0.000000
818.350358	13.381286	0.000000	0.000000
818.390368	13.381286	0.000000	0.000000
818.431433	13.381286	0.000000	0.000000
818.479104	13.386292	0.000000	0.000000
818.517942	13.386292	0.000000	0.000000
818.559394	13.386292	0.000000	0.000000
818.600145	13.371532	0.000000	0.000000
818.671620	13.371532	0.000000	0.000000
818.712235	13.371532	0.000000	0.000000
818.752622	13.352748	0.000000	0.000000
818.791114	13.352748	0.000000	0.000000
818.828682	13.352748	0.000000	0.000000
818.872887	13.373543	0.000000	0.000000
818.910827	13.373543	0.000000	0.000000
818.953007	13.373543	0.000000	0.000000
818.995243	13.367287	0.000000	0.000000
819.058878	13.367287	0.000000	0.000000
819.095364	13.367287	0.000000	0.000000
819.141365	13.392643	0.000000	0.000000
819.181957	13.392643	0.000000	0.000000
819.223642	13.392643	0.000000	0.000000
819.264482	13.366304	0.000000	0.000000
819.311535	13.366304	0.000000	0.000000
819.349038	13.366304	0.000000	0.000000
819.396533	13.383025	0.000000	0.000000
819.437119	13.383025	0.000000	0.000000
819.496565	13.383025	0.000000	0.000000
819.545307	13.364888	0.000000	0.000000
819.583013	13.364888	0.000000	0.000000
819.626688	13.364888	0.000000	0.000000
819.669764	13.383158	0.000000	0.000000
819.718557	13.383158	0.000000	0.000000
819.755049	13.383158	0.000000	0.000000
819.795302	13.406184	0.000000	0.000000
819.840590	13.406184	0.000000	0.000000
819.880304	13.406184	0.000000	0.000000
819.943214	13.382322	0.000000	0.000000
819.983763	13.382322	0.000000	0.000000
820.020986	13.382322	0.000000	0.000000
820.066737	13.382307	0.000000	0.000000
820.107487	13.382307	0.000000	0.000000
820.144814	13.382307	0.000000	0.000000
820.184867	13.387897	0.000000	0.000000
820.224915	13.387897	0.000000	0.000000
820.263704	13.387897	0.000000	0.000000
820.301317	13.387897	0.000000	0.000000
820.343798	13.410656	0.000000	0.000000
820.383347	13.410656	0.000000	0.000000
820.425945	13.410656	0.000000	0.000000
820.464761	13.407847	0.000000	0.000000
820.507904	13.407847	0.000000	0.000000
820.547474	13.407847	0.000000	0.000000
820.615143	13.399211	0.000000	0.000000
820.658151	13.399211	0.000000	0.000000
820.696719	13.399211	0.000000	0.000000
820.742050	13.407184	0.000000	0.000000
820.782348	13.407184	0.000000	0.000000
820.849619	13.401191	0.000000	0.000000
820.894585	13.401191	0.000000	0.000000
820.932766	13.401191	0.000000	0.000000
820.972284	13.444480	0.000000	0.000000
821.019647	13.444480	0.000000	0.000000
821.057987	13.444480	0.000000	0.000000
821.117012	13.448822	0.000000	0.000000
821.162670	13.448822	0.000000	0.000000
821.201074	13.448822	0.000000	0.000000
821.243203	13.448822	0.000000	0.000000
821.281772	13.437725	0.000000	0.000000
821.347135	13.437725	0.000000	0.000000
821.389544	13.445928	0.000000	0.000000
821.428347	13.445928	0.000000	0.000000
821.470423	13.445928	0.000000	0.000000
821.508898	13.445928	0.000000	0.000000
821.582218	13.444885	0.000000	0.000000
821.624491	13.444885	0.000000	0.000000
821.666853	13.449797	0.000000	0.000000
821.711112	13.449797	0.000000	0.000000
821.750592	13.449797	0.000000	0.000000
821.818515	13.463415	0.000000	0.000000
821.860460	13.463415	0.000000	0.000000
821.898155	13.463415	0.000000	0.000000
821.944011	13.458628	0.000000	0.000000
821.985786	13.458628	0.000000	0.000000
822.052305	13.446537	0.000000	0.000000
822.097219	13.446537	0.000000	0.000000
822.136014	13.446537	0.000000	0.000000
822.180484	13.463778	0.000000	0.000000
822.222132	13.463778	0.000000	0.000000
822.287415	13.463778	0.000000	0.000000
822.326677	13.475439	0.000000	0.000000
822.367241	13.475439	0.000000	0.000000
822.405003	13.475439	0.000000	0.000000
822.446283	13.452702	0.000000	0.000000
822.485471	13.452702	0.000000	0.000000
822.525472	13.452702	0.000000	0.000000
822.564962	13.452702	0.000000	0.000000
822.607752	13.473365	0.000000	0.000000
822.646682	13.473365	0.000000	0.000000
822.684519	13.473365	0.000000	0.000000
822.762126	13.470380	0.000000	0.000000
822.801129	13.470380	0.000000	0.000000
822.841149	13.470380	0.000000	0.000000
822.886776	13.464432	0.000000	0.000000
822.924636	13.464432	0.000000	0.000000
822.963533	13.464432	0.000000	0.000000
823.010116	13.496664	0.000000	0.000000
823.051516	13.496664	0.000000	0.000000
823.089391	13.496664	0.000000	0.000000
823.130282	13.481302	0.000000	0.000000
823.171172	13.481302	0.000000	0.000000
823.208517	13.481302	0.000000	0.000000
823.249241	13.462000	0.000000	0.000000
823.290450	13.462000	0.000000	0.000000
823.328106	13.462000	0.000000	0.000000
823.369032	13.462000	0.000000	0.000000
823.419796	13.486263	0.000000	0.000000
823.461060	13.486263	0.000000	0.000000
823.497586	13.486263	0.000000	0.000000
823.544189	13.473817	0.000000	0.000000
823.586526	13.473817	0.000000	0.000000
823.653431	13.493924	0.000000	0.000000
823.697375	13.493924	0.000000	0.000000
823.733929	13.493924	0.000000	0.000000
823.778250	13.496246	0.000000	0.000000
823.821482	13.496246	0.000000	0.000000
823.885051	13.496246	0.000000	0.000000
823.925014	13.479847	0.000000	0.000000
823.966119	13.479847	0.000000	0.000000
824.004491	13.479847	0.000000	0.000000
824.046682	13.480067	0.000000	0.000000
824.087696	13.480067	0.000000	0.000000
824.125823	13.480067	0.000000	0.000000
824.164185	13.480067	0.000000	0.000000
824.209154	13.503677	0.000000	0.000000
824.248084	13.503677	0.000000	0.000000
824.289400	13.503677	0.000000	0.000000
824.333337	13.491665	0.000000	0.000000
824.405218	13.491665	0.000000	0.000000
824.446066	13.471940	0.000000	0.000000
824.484768	13.471940	0.000000	0.000000
824.524581	13.471940	0.000000	0.000000
824.563159	13.471940	0.000000	0.000000
824.602455	13.497156	0.000000	0.000000
824.642347	13.497156	0.000000	0.000000
824.682241	13.497156	0.000000	0.000000
824.720140	13.478063	0.000000	0.000000
824.763024	13.478063	0.000000	0.000000
824.803916	13.478063	0.000000	0.000000
824.876963	13.484999	0.000000	0.000000
824.920683	13.484999	0.000000	0.000000
824.956436	13.484999	0.000000	0.000000
825.002554	13.510295	0.000000	0.000000
825.042080	13.510295	0.000000	0.000000
825.112314	13.510295	0.000000	0.000000
825.161988	13.494906	0.000000	0.000000
825.199574	13.494906	0.000000	0.000000
825.240592	13.494906	0.000000	0.000000
825.282744	13.483782	0.000000	0.000000
825.346704	13.483782	0.000000	0.000000
825.391162	13.509055	0.000000	0.000000
825.430149	13.509055	0.000000	0.000000
825.472037	13.509055	0.000000	0.000000
825.509572	13.509055	0.000000	0.000000
825.560256	13.496591	0.000000	0.000000
825.598641	13.496591	0.000000	0.000000
825.639476	13.496591	0.000000	0.000000
825.680455	13.495335	0.000000	0.000000
825.723340	13.495335	0.000000	0.000000
825.763233	13.495335	0.000000	0.000000
825.838340	13.494425	0.000000	0.000000
825.876158	13.494425	0.000000	0.000000
825.916849	13.498151	0.000000	0.000000
825.958411	13.498151	0.000000	0.000000
826.002434	13.498151	0.000000	0.000000
826.041968	13.498151	0.000000	0.000000
826.088238	13.486951	0.000000	0.000000
826.125702	13.486951	0.000000	0.000000
826.166594	13.486951	0.000000	0.000000
826.209478	13.517416	0.000000	0.000000
826.270988	13.517416	0.000000	0.000000
826.309537	13.517416	0.000000	0.000000
826.352014	13.486935	0.000000	0.000000
826.390644	13.486935	0.000000	0.000000
826.430950	13.486935	0.000000	0.000000
826.472838	13.479313	0.000000	0.000000
826.515723	13.479313	0.000000	0.000000
826.555615	13.479313	0.000000	0.000000
826.619703	13.497656	0.000000	0.000000
826.661441	13.497656	0.000000	0.000000
826.699075	13.497656	0.000000	0.000000
826.746598	13.483225	0.000000	0.000000
826.784895	13.483225	0.000000	0.000000
826.851048	13.494764	0.000000	0.000000
826.894272	13.494764	0.000000	0.000000
826.932920	13.494764	0.000000	0.000000
826.971215	13.365371	0.000000	0.000000
827.013211	13.365371	0.000000	0.000000
827.056096	13.365371	0.000000	0.000000
827.093996	13.365371	0.000000	0.000000
827.140605	13.360836	0.000000	0.000000
827.179879	13.360836	0.000000	0.000000
827.240369	13.360836	0.000000	0.000000
827.284356	13.358253	0.000000	0.000000
827.322697	13.358253	0.000000	0.000000
827.363916	13.358253	0.000000	0.000000
827.407525	13.362271	0.000000	0.000000
827.472970	13.362271	0.000000	0.000000
827.515413	13.389148	0.000000	0.000000
827.556006	13.389148	0.000000	0.000000
827.599549	13.389148	0.000000	0.000000
827.637908	13.389148	0.000000	0.000000
827.687895	13.343990	0.000000	0.000000
827.724752	13.343990	0.000000	0.000000
827.766376	13.343990	0.000000	0.000000
827.808411	13.344755	0.000000	0.000000
827.877401	13.344755	0.000000	0.000000
827.922945	13.327650	0.000000	0.000000
827.961814	13.327650	0.000000	0.000000
828.004583	13.327650	0.000000	0.000000
828.042799	13.327650	0.000000	0.000000
828.092181	13.352316	0.000000	0.000000
828.128911	13.352316	0.000000	0.000000
828.171408	13.346623	0.000000	0.000000
828.212793	13.346623	0.000000	0.000000
828.281672	13.346623	0.000000	0.000000
828.327280	13.329835	0.000000	0.000000
828.365830	13.329835	0.000000	0.000000
828.402731	13.329835	0.000000	0.000000
828.444619	13.342935	0.000000	0.000000
828.487506	13.342935	0.000000	0.000000
828.547792	13.342935	0.000000	0.000000
828.592789	13.327060	0.000000	0.000000
828.632363	13.327060	0.000000	0.000000
828.674252	13.327060	0.000000	0.000000
828.717688	13.319802	0.000000	0.000000
828.783620	13.319802	0.000000	0.000000
828.826284	13.319802	0.000000	0.000000
828.866280	13.319405	0.000000	0.000000
828.909165	13.319405	0.000000	0.000000
828.948061	13.319405	0.000000	0.000000
829.019963	13.289374	0.000000	0.000000
829.061477	13.289374	0.000000	0.000000
829.101842	13.323365	0.000000	0.000000
829.146590	13.323365	0.000000	0.000000
829.187117	13.323365	0.000000	0.000000
829.255758	13.273922	0.000000	0.000000
829.299224	13.273922	0.000000	0.000000
829.335899	13.273922	0.000000	0.000000
829.382180	13.318495	0.000000	0.000000
829.424151	13.318495	0.000000	0.000000
829.486617	13.318495	0.000000	0.000000
829.532846	13.298275	0.000000	0.000000
829.570913	13.298275	0.000000	0.000000
829.613997	13.298275	0.000000	0.000000
829.655503	13.272191	0.000000	0.000000
829.704487	13.272191	0.000000	0.000000
829.741781	13.272191	0.000000	0.000000
829.783669	13.286689	0.000000	0.000000
829.827551	13.286689	0.000000	0.000000
829.864453	13.286689	0.000000	0.000000
829.908094	13.296475	0.000000	0.000000
829.957963	13.296475	0.000000	0.000000
829.996269	13.296475	0.000000	0.000000
830.039238	13.296475	0.000000	0.000000
830.081853	13.294752	0.000000	0.000000
830.142427	13.294752	0.000000	0.000000
830.185380	13.269845	0.000000	0.000000
830.227309	13.269845	0.000000	0.000000
830.270806	13.269845	0.000000	0.000000
830.311016	13.270217	0.000000	0.000000
830.364613	13.270217	0.000000	0.000000
830.400651	13.270217	0.000000	0.000000
830.443403	13.269016	0.000000	0.000000
830.485796	13.269016	0.000000	0.000000
830.547298	13.269016	0.000000	0.000000
830.590014	13.285286	0.000000	0.000000
830.628725	13.285286	0.000000	0.000000
830.671002	13.285286	0.000000	0.000000
830.710520	13.292784	0.000000	0.000000
830.758899	13.292784	0.000000	0.000000
830.796499	13.292784	0.000000	0.000000
830.836251	13.292784	0.000000	0.000000
830.881130	13.283512	0.000000	0.000000
830.920026	13.283512	0.000000	0.000000
830.990195	13.281781	0.000000	0.000000
831.031283	13.281781	0.000000	0.000000
831.068748	13.281781	0.000000	0.000000
831.109678	13.268838	0.000000	0.000000
831.151595	13.268838	0.000000	0.000000
831.189105	13.268838	0.000000	0.000000
831.227952	13.268838	0.000000	0.000000
831.274818	13.267022	0.000000	0.000000
831.314608	13.267022	0.000000	0.000000
831.354039	13.267022	0.000000	0.000000
831.395720	13.305164	0.000000	0.000000
831.437607	13.305164	0.000000	0.000000
831.473511	13.305164	0.000000	0.000000
831.516064	13.283492	0.000000	0.000000
831.557050	13.283492	0.000000	0.000000
831.595946	13.283492	0.000000	0.000000
831.636962	13.283492	0.000000	0.000000
831.680351	13.259379	0.000000	0.000000
831.723625	13.259379	0.000000	0.000000
831.761365	13.259379	0.000000	0.000000
831.807174	13.292978	0.000000	0.000000
831.846660	13.292978	0.000000	0.000000
831.910521	13.282990	0.000000	0.000000
831.956232	13.282990	0.000000	0.000000
831.993229	13.282990	0.000000	0.000000
832.034359	13.282990	0.000000	0.000000
832.075250	13.297053	0.000000	0.000000
832.144464	13.297053	0.000000	0.000000
832.188307	13.263077	0.000000	0.000000
832.228895	13.263077	0.000000	0.000000
832.272002	13.263077	0.000000	0.000000
832.312482	13.278788	0.000000	0.000000
832.361290	13.278788	0.000000	0.000000
832.399267	13.278788	0.000000	0.000000
832.440157	13.278788	0.000000	0.000000
832.484179	13.293983	0.000000	0.000000
832.525000	13.293983	0.000000	0.000000
832.589076	13.292102	0.000000	0.000000
832.630667	13.292102	0.000000	0.000000
832.667797	13.292102	0.000000	0.000000
832.710249	13.304496	0.000000	0.000000
832.751528	13.304496	0.000000	0.000000
832.789427	13.304496	0.000000	0.000000
832.827325	13.304496	0.000000	0.000000
832.873202	13.288111	0.000000	0.000000
832.917085	13.288111	0.000000	0.000000
832.953986	13.288111	0.000000	0.000000
833.003852	13.277598	0.000000	0.000000
833.041751	13.277598	0.000000	0.000000
833.085375	13.277598	0.000000	0.000000
833.127264	13.286877	0.000000	0.000000
833.167156	13.286877	0.000000	0.000000
833.233540	13.286877	0.000000	0.000000
833.275865	13.302126	0.000000	0.000000
833.316420	13.302126	0.000000	0.000000
833.356312	13.302126	0.000000	0.000000
833.397202	13.314320	0.000000	0.000000
833.438094	13.314320	0.000000	0.000000
833.476989	13.314320	0.000000	0.000000
833.521519	13.280871	0.000000	0.000000
833.560712	13.280871	0.000000	0.000000
833.603039	13.280871	0.000000	0.000000
833.641510	13.280871	0.000000	0.000000
833.690223	13.308066	0.000000	0.000000
833.728386	13.308066	0.000000	0.000000
833.765962	13.308066	0.000000	0.000000
833.810186	13.319315	0.000000	0.000000
833.848432	13.319315	0.000000	0.000000
833.887239	13.319315	0.000000	0.000000
833.931773	13.323108	0.000000	0.000000
833.987386	13.323108	0.000000	0.000000
834.025971	13.323108	0.000000	0.000000
834.076108	13.319915	0.000000	0.000000
834.115105	13.319915	0.000000	0.000000
834.178028	13.295024	0.000000	0.000000
834.219436	13.295024	0.000000	0.000000
834.265311	13.295024	0.000000	0.000000
834.306968	13.305844	0.000000	0.000000
834.359476	13.305844	0.000000	0.000000
834.396830	13.305844	0.000000	0.000000
834.437721	13.305844	0.000000	0.000000
834.484195	13.317860	0.000000	0.000000
834.526402	13.317860	0.000000	0.000000
834.564496	13.317860	0.000000	0.000000
834.631269	13.335478	0.000000	0.000000
834.669810	13.335478	0.000000	0.000000
834.711775	13.323172	0.000000	0.000000
834.755766	13.323172	0.000000	0.000000
834.792087	13.323172	0.000000	0.000000
834.834534	13.323172	0.000000	0.000000
834.877475	13.311956	0.000000	0.000000
834.918864	13.311956	0.000000	0.000000
834.955696	13.311956	0.000000	0.000000
834.997010	13.299689	0.000000	0.000000
835.037516	13.299689	0.000000	0.000000
835.078155	13.299689	0.000000	0.000000
835.119839	13.318333	0.000000	0.000000
835.157526	13.318333	0.000000	0.000000
835.197419	13.318333	0.000000	0.000000
835.237313	13.318333	0.000000	0.000000
835.283191	13.336720	0.000000	0.000000
835.322756	13.336720	0.000000	0.000000
835.361778	13.336720	0.000000	0.000000
835.429317	13.318288	0.000000	0.000000
835.468839	13.318288	0.000000	0.000000
835.512722	13.316323	0.000000	0.000000
835.553458	13.316323	0.000000	0.000000
835.597340	13.316323	0.000000	0.000000
835.635366	13.316323	0.000000	0.000000
835.687470	13.322989	0.000000	0.000000
835.726213	13.322989	0.000000	0.000000
835.767103	13.322989	0.000000	0.000000
835.808329	13.344736	0.000000	0.000000
835.848003	13.344736	0.000000	0.000000
835.888856	13.344736	0.000000	0.000000
835.928526	13.329643	0.000000	0.000000
835.991612	13.329643	0.000000	0.000000
836.028313	13.329643	0.000000	0.000000
836.072392	13.315314	0.000000	0.000000
836.116275	13.315314	0.000000	0.000000
836.154174	13.315314	0.000000	0.000000
836.201414	13.327980	0.000000	0.000000
836.239883	13.327980	0.000000	0.000000
836.311115	13.325509	0.000000	0.000000
836.354440	13.325509	0.000000	0.000000
836.391399	13.325509	0.000000	0.000000
836.432291	13.325509	0.000000	0.000000
836.476298	13.356980	0.000000	0.000000
836.544633	13.356980	0.000000	0.000000
836.591101	13.353188	0.000000	0.000000
836.631258	13.353188	0.000000	0.000000
836.673467	13.353188	0.000000	0.000000
836.712774	13.329157	0.000000	0.000000
836.762989	13.329157	0.000000	0.000000
836.800036	13.329157	0.000000	0.000000
836.841404	13.329157	0.000000	0.000000
836.888137	13.362329	0.000000	0.000000
836.927219	13.362329	0.000000	0.000000
837.001503	13.352175	0.000000	0.000000
837.042707	13.352175	0.000000	0.000000
837.081604	13.352175	0.000000	0.000000
837.123877	13.356253	0.000000	0.000000
837.165152	13.356253	0.000000	0.000000
837.202053	13.356253	0.000000	0.000000
837.241947	13.356253	0.000000	0.000000
837.284832	13.359098	0.000000	0.000000
837.323728	13.359098	0.000000	0.000000
837.360211	13.359098	0.000000	0.000000
837.401850	13.381323	0.000000	0.000000
837.445188	13.381323	0.000000	0.000000
837.483815	13.381323	0.000000	0.000000
837.527616	13.349738	0.000000	0.000000
837.570501	13.349738	0.000000	0.000000
837.614710	13.349738	0.000000	0.000000
837.657215	13.361048	0.000000	0.000000
837.695579	13.361048	0.000000	0.000000
837.736007	13.361048	0.000000	0.000000
837.776524	13.401338	0.000000	0.000000
837.819328	13.401338	0.000000	0.000000
837.861687	13.401338	0.000000	0.000000
837.909987	13.394534	0.000000	0.000000
837.954573	13.394534	0.000000	0.000000
838.008599	13.394534	0.000000	0.000000
838.050521	13.380129	0.000000	0.000000
838.096568	13.380129	0.000000	0.000000
838.137731	13.380129	0.000000	0.000000
838.187530	13.395708	0.000000	0.000000
838.227679	13.395708	0.000000	0.000000
838.305069	13.406212	0.000000	0.000000
838.349066	13.406212	0.000000	0.000000
838.399644	13.406212	0.000000	0.000000
838.440137	13.406212	0.000000	0.000000
838.490047	13.396625	0.000000	0.000000
838.572099	13.399087	0.000000	0.000000
838.616941	13.399087	0.000000	0.000000
838.660036	13.399087	0.000000	0.000000
838.708285	13.398900	0.000000	0.000000
838.749412	13.398900	0.000000	0.000000
838.796877	13.398900	0.000000	0.000000
838.838404	13.398900	0.000000	0.000000
838.891956	13.404631	0.000000	0.000000
838.932354	13.404631	0.000000	0.000000
838.979228	13.417856	0.000000	0.000000
839.028072	13.417856	0.000000	0.000000
839.071683	13.417856	0.000000	0.000000
839.116046	13.433569	0.000000	0.000000
839.155934	13.433569	0.000000	0.000000
839.199976	13.433569	0.000000	0.000000
839.241436	13.433569	0.000000	0.000000
839.309041	13.421186	0.000000	0.000000
839.350939	13.421186	0.000000	0.000000
839.391888	13.431057	0.000000	0.000000
839.435658	13.431057	0.000000	0.000000
839.476080	13.431057	0.000000	0.000000
839.541548	13.419609	0.000000	0.000000
839.591071	13.419609	0.000000	0.000000
839.634308	13.436458	0.000000	0.000000
839.684181	13.436458	0.000000	0.000000
839.726471	13.436458	0.000000	0.000000
839.796567	13.436733	0.000000	0.000000
839.846872	13.436733	0.000000	0.000000
839.887957	13.436733	0.000000	0.000000
839.939854	13.428440	0.000000	0.000000
839.984032	13.428440	0.000000	0.000000
840.058236	13.435186	0.000000	0.000000
840.105635	13.435186	0.000000	0.000000
840.144203	13.435186	0.000000	0.000000
840.193470	13.449824	0.000000	0.000000
840.238327	13.449824	0.000000	0.000000
840.305610	13.436171	0.000000	0.000000
840.350399	13.436171	0.000000	0.000000
840.391288	13.436171	0.000000	0.000000
840.438528	13.448204	0.000000	0.000000
840.481742	13.448204	0.000000	0.000000
840.554082	13.448204	0.000000	0.000000
840.601522	13.448330	0.000000	0.000000
840.639838	13.448330	0.000000	0.000000
840.678572	13.448330	0.000000	0.000000
840.725718	13.452620	0.000000	0.000000
840.769836	13.452620	0.000000	0.000000
840.836747	13.456710	0.000000	0.000000
840.877835	13.456710	0.000000	0.000000
840.917057	13.456710	0.000000	0.000000
840.955953	13.456710	0.000000	0.000000
840.997223	13.450257	0.000000	0.000000
841.036813	13.450257	0.000000	0.000000
841.074336	13.450257	0.000000	0.000000
841.116791	13.457948	0.000000	0.000000
841.157565	13.457948	0.000000	0.000000
841.194026	13.457948	0.000000	0.000000
841.236975	13.466472	0.000000	0.000000
841.279196	13.466472	0.000000	0.000000
841.317564	13.466472	0.000000	0.000000
841.355621	13.466472	0.000000	0.000000
841.397197	13.461654	0.000000	0.000000
841.438870	13.461654	0.000000	0.000000
841.477790	13.461654	0.000000	0.000000
841.520192	13.457033	0.000000	0.000000
841.563272	13.457033	0.000000	0.000000
841.599939	13.457033	0.000000	0.000000
841.645959	13.465293	0.000000	0.000000
841.687775	13.465293	0.000000	0.000000
841.756794	13.465293	0.000000	0.000000
841.802863	13.456785	0.000000	0.000000
841.840210	13.456785	0.000000	0.000000
841.878209	13.456785	0.000000	0.000000
841.926081	13.455124	0.000000	0.000000
841.967327	13.455124	0.000000	0.000000
842.043394	13.462217	0.000000	0.000000
842.084600	13.462217	0.000000	0.000000
842.123498	13.462217	0.000000	0.000000
842.163392	13.462217	0.000000	0.000000
842.205069	13.464636	0.000000	0.000000
842.245823	13.464636	0.000000	0.000000
842.282332	13.464636	0.000000	0.000000
842.328586	13.479107	0.000000	0.000000
842.367811	13.479107	0.000000	0.000000
842.432339	13.486597	0.000000	0.000000
842.478560	13.486597	0.000000	0.000000
842.515604	13.486597	0.000000	0.000000
842.556091	13.486597	0.000000	0.000000
842.597928	13.457570	0.000000	0.000000
842.662616	13.457570	0.000000	0.000000
842.705595	13.462368	0.000000	0.000000
842.745683	13.462368	0.000000	0.000000
842.788852	13.462368	0.000000	0.000000
842.827306	13.469318	0.000000	0.000000
842.876575	13.469318	0.000000	0.000000
842.913994	13.469318	0.000000	0.000000
842.954212	13.469318	0.000000	0.000000
842.996024	13.450865	0.000000	0.000000
843.067909	13.450865	0.000000	0.000000
843.112413	13.461546	0.000000	0.000000
843.153770	13.461546	0.000000	0.000000
843.195657	13.461546	0.000000	0.000000
843.236547	13.474896	0.000000	0.000000
843.291896	13.474896	0.000000	0.000000
843.329204	13.474896	0.000000	0.000000
843.370296	13.467792	0.000000	0.000000
843.412040	13.467792	0.000000	0.000000
843.474876	13.467792	0.000000	0.000000
843.519990	13.492993	0.000000	0.000000
843.558614	13.492993	0.000000	0.000000
843.601620	13.492993	0.000000	0.000000
843.641599	13.488249	0.000000	0.000000
843.692314	13.488249	0.000000	0.000000
843.729044	13.488249	0.000000	0.000000
843.768270	13.488249	0.000000	0.000000
843.814086	13.466202	0.000000	0.000000
843.853124	13.466202	0.000000	0.000000
843.920387	13.495325	0.000000	0.000000
843.963384	13.495325	0.000000	0.000000
844.002132	13.495325	0.000000	0.000000
844.046239	13.480773	0.000000	0.000000
844.088763	13.480773	0.000000	0.000000
844.126127	13.480773	0.000000	0.000000
844.164850	13.480773	0.000000	0.000000
844.206736	13.481395	0.000000	0.000000
844.249623	13.481395	0.000000	0.000000
844.287731	13.481395	0.000000	0.000000
844.331613	13.508023	0.000000	0.000000
844.373122	13.508023	0.000000	0.000000
844.410444	13.508023	0.000000	0.000000
844.453662	13.354545	0.000000	0.000000
844.493549	13.354545	0.000000	0.000000
844.532746	13.354545	0.000000	0.000000
844.572812	13.363833	0.000000	0.000000
844.615097	13.363833	0.000000	0.000000
844.657249	13.363833	0.000000	0.000000
844.695148	13.363833	0.000000	0.000000
844.740235	13.352537	0.000000	0.000000
844.779131	13.352537	0.000000	0.000000
844.843461	13.371856	0.000000	0.000000
844.887680	13.371856	0.000000	0.000000
844.925201	13.371856	0.000000	0.000000
844.969211	13.371856	0.000000	0.000000
845.010100	13.340193	0.000000	0.000000
845.075104	13.340193	0.000000	0.000000
845.117294	13.331388	0.000000	0.000000
845.155400	13.331388	0.000000	0.000000
845.193096	13.331388	0.000000	0.000000
845.235969	13.348597	0.000000	0.000000
845.275150	13.348597	0.000000	0.000000
845.318035	13.348597	0.000000	0.000000
845.354936	13.348597	0.000000	0.000000
845.406227	13.333899	0.000000	0.000000
845.458087	13.333899	0.000000	0.000000
845.496347	13.333899	0.000000	0.000000
845.535373	13.342842	0.000000	0.000000
845.576426	13.342842	0.000000	0.000000
845.616648	13.342842	0.000000	0.000000
845.658148	13.343038	0.000000	0.000000
845.699436	13.343038	0.000000	0.000000
845.739012	13.343038	0.000000	0.000000
845.812841	13.321701	0.000000	0.000000
845.854607	13.321701	0.000000	0.000000
845.892505	13.321701	0.000000	0.000000
845.938383	13.317936	0.000000	0.000000
845.976614	13.317936	0.000000	0.000000
846.036826	13.326807	0.000000	0.000000
846.078734	13.326807	0.000000	0.000000
846.115635	13.326807	0.000000	0.000000
846.153631	13.326807	0.000000	0.000000
846.197903	13.323448	0.000000	0.000000
846.237727	13.323448	0.000000	0.000000
846.275587	13.323448	0.000000	0.000000
846.317231	13.312034	0.000000	0.000000
846.354694	13.312034	0.000000	0.000000
846.395738	13.312034	0.000000	0.000000
846.442894	13.298692	0.000000	0.000000
846.483358	13.298692	0.000000	0.000000
846.525806	13.298692	0.000000	0.000000
846.564336	13.298692	0.000000	0.000000
846.613255	13.284177	0.000000	0.000000
846.651523	13.284177	0.000000	0.000000
846.691983	13.284177	0.000000	0.000000
846.735865	13.296507	0.000000	0.000000
846.776755	13.296507	0.000000	0.000000
846.814655	13.296507	0.000000	0.000000
846.879787	13.304018	0.000000	0.000000
846.920045	13.304018	0.000000	0.000000
846.959979	13.304018	0.000000	0.000000
847.007090	13.276496	0.000000	0.000000
847.044736	13.276496	0.000000	0.000000
847.081786	13.276496	0.000000	0.000000
847.128642	13.291433	0.000000	0.000000
847.167537	13.291433	0.000000	0.000000
847.239748	13.263118	0.000000	0.000000
847.283072	13.263118	0.000000	0.000000
847.320506	13.263118	0.000000	0.000000
847.359522	13.263118	0.000000	0.000000
847.405534	13.276220	0.000000	0.000000
847.444430	13.276220	0.000000	0.000000
847.485320	13.276220	0.000000	0.000000
847.528031	13.297928	0.000000	0.000000
847.573467	13.297928	0.000000	0.000000
847.615403	13.297928	0.000000	0.000000
847.657335	13.262547	0.000000	0.000000
847.699224	13.262547	0.000000	0.000000
847.738119	13.262547	0.000000	0.000000
847.806251	13.262924	0.000000	0.000000
847.849229	13.262924	0.000000	0.000000
847.886571	13.262924	0.000000	0.000000
847.931265	13.270567	0.000000	0.000000
847.970990	13.270567	0.000000	0.000000
848.041591	13.273788	0.000000	0.000000
848.084819	13.273788	0.000000	0.000000
848.122757	13.273788	0.000000	0.000000
848.163478	13.273788	0.000000	0.000000
848.204090	13.279344	0.000000	0.000000
848.269869	13.279344	0.000000	0.000000
848.315216	13.266514	0.000000	0.000000
848.354044	13.266514	0.000000	0.000000
848.397182	13.266514	0.000000	0.000000
848.436079	13.260193	0.000000	0.000000
848.486518	13.260193	0.000000	0.000000
848.523232	13.260193	0.000000	0.000000
848.562299	13.260193	0.000000	0.000000
848.607692	13.251889	0.000000	0.000000
848.648015	13.251889	0.000000	0.000000
848.683772	13.251889	0.000000	0.000000
848.757706	13.289253	0.000000	0.000000
848.797824	13.289253	0.000000	0.000000
848.843970	13.280190	0.000000	0.000000
848.889484	13.280190	0.000000	0.000000
848.928380	13.280190	0.000000	0.000000
848.972771	13.253272	0.000000	0.000000
849.015692	13.253272	0.000000	0.000000
849.057269	13.253272	0.000000	0.000000
849.096445	13.253272	0.000000	0.000000
849.139670	13.274401	0.000000	0.000000
849.182236	13.274401	0.000000	0.000000
849.221357	13.274401	0.000000	0.000000
849.260974	13.272823	0.000000	0.000000
849.301163	13.272823	0.000000	0.000000
849.339611	13.272823	0.000000	0.000000
849.379853	13.281866	0.000000	0.000000
849.421533	13.281866	0.000000	0.000000
849.461415	13.281866	0.000000	0.000000
849.499664	13.291773	0.000000	0.000000
849.542135	13.291773	0.000000	0.000000
849.583043	13.291773	0.000000	0.000000
849.620510	13.291773	0.000000	0.000000
849.662127	13.280481	0.000000	0.000000
849.701271	13.280481	0.000000	0.000000
849.740751	13.280481	0.000000	0.000000
849.782757	13.245831	0.000000	0.000000
849.823328	13.245831	0.000000	0.000000
849.860793	13.245831	0.000000	0.000000
849.899640	13.245831	0.000000	0.000000
849.938378	13.293738	0.000000	0.000000
849.978960	13.293738	0.000000	0.000000
850.018377	13.293738	0.000000	0.000000
850.058084	13.296701	0.000000	0.000000
850.096827	13.296701	0.000000	0.000000
850.136932	13.296701	0.000000	0.000000
850.176281	13.267321	0.000000	0.000000
850.250911	13.267321	0.000000	0.000000
850.291154	13.267321	0.000000	0.000000
850.338540	13.281815	0.000000	0.000000
850.375715	13.281815	0.000000	0.000000
850.416245	13.281815	0.000000	0.000000
850.461711	13.267495	0.000000	0.000000
850.504270	13.267495	0.000000	0.000000
850.544600	13.267495	0.000000	0.000000
850.586922	13.277170	0.000000	0.000000
850.626564	13.277170	0.000000	0.000000
850.667229	13.277170	0.000000	0.000000
850.705656	13.310225	0.000000	0.000000
850.748936	13.310225	0.000000	0.000000
850.788640	13.310225	0.000000	0.000000
850.851909	13.274752	0.000000	0.000000
850.894113	13.274752	0.000000	0.000000
850.930182	13.274752	0.000000	0.000000
850.973268	13.268647	0.000000	0.000000
851.013250	13.268647	0.000000	0.000000
851.082896	13.268647	0.000000	0.000000
851.127140	13.284965	0.000000	0.000000
851.164655	13.284965	0.000000	0.000000
851.206565	13.284965	0.000000	0.000000
851.247135	13.301034	0.000000	0.000000
851.289695	13.301034	0.000000	0.000000
851.352012	13.301034	0.000000	0.000000
851.394467	13.291510	0.000000	0.000000
851.436647	13.291510	0.000000	0.000000
851.477778	13.291510	0.000000	0.000000
851.520807	13.289297	0.000000	0.000000
851.561639	13.289297	0.000000	0.000000
851.602837	13.289297	0.000000	0.000000
851.643627	13.292040	0.000000	0.000000
851.683391	13.292040	0.000000	0.000000
851.722332	13.292040	0.000000	0.000000
851.760640	13.292040	0.000000	0.000000
851.801023	13.277326	0.000000	0.000000
851.841362	13.277326	0.000000	0.000000
851.879800	13.277326	0.000000	0.000000
851.925058	13.293403	0.000000	0.000000
851.963276	13.293403	0.000000	0.000000
852.005421	13.293403	0.000000	0.000000
852.046760	13.316655	0.000000	0.000000
852.095953	13.316655	0.000000	0.000000
852.131536	13.316655	0.000000	0.000000
852.171910	13.291967	0.000000	0.000000
852.214888	13.291967	0.000000	0.000000
852.253990	13.291967	0.000000	0.000000
852.325272	13.318137	0.000000	0.000000
852.367566	13.318137	0.000000	0.000000
852.404018	13.318137	0.000000	0.000000
852.446724	13.313566	0.000000	0.000000
852.488561	13.313566	0.000000	0.000000
852.525848	13.313566	0.000000	0.000000
852.569731	13.306223	0.000000	0.000000
852.609368	13.306223	0.000000	0.000000
852.647611	13.306223	0.000000	0.000000
852.686853	13.306223	0.000000	0.000000
852.729769	13.329720	0.000000	0.000000
852.769666	13.329720	0.000000	0.000000
852.810919	13.329720	0.000000	0.000000
852.851155	13.296917	0.000000	0.000000
852.895107	13.296917	0.000000	0.000000
852.935322	13.296917	0.000000	0.000000
853.010248	13.324745	0.000000	0.000000
853.052627	13.324745	0.000000	0.000000
853.088011	13.324745	0.000000	0.000000
853.132173	13.313625	0.000000	0.000000
853.172067	13.313625	0.000000	0.000000
853.246583	13.345670	0.000000	0.000000
853.291080	13.345670	0.000000	0.000000
853.327711	13.345670	0.000000	0.000000
853.372046	13.324359	0.000000	0.000000
853.413542	13.324359	0.000000	0.000000
853.479111	13.324359	0.000000	0.000000
853.521565	13.315807	0.000000	0.000000
853.558432	13.315807	0.000000	0.000000
853.596425	13.315807	0.000000	0.000000
853.639853	13.325495	0.000000	0.000000
853.678749	13.325495	0.000000	0.000000
853.721589	13.325495	0.000000	0.000000
853.759488	13.323703	0.000000	0.000000
853.810449	13.323703	0.000000	0.000000
853.847863	13.323703	0.000000	0.000000
853.884224	13.323703	0.000000	0.000000
853.928252	13.360275	0.000000	0.000000
853.972114	13.360275	0.000000	0.000000
854.012320	13.360275	0.000000	0.000000
854.076483	13.340721	0.000000	0.000000
854.114230	13.340721	0.000000	0.000000
854.157931	13.342167	0.000000	0.000000
854.198390	13.342167	0.000000	0.000000
854.263223	13.342167	0.000000	0.000000
854.305641	13.331932	0.000000	0.000000
854.346235	13.331932	0.000000	0.000000
854.384966	13.331932	0.000000	0.000000
854.423473	13.331932	0.000000	0.000000
854.468580	13.349071	0.000000	0.000000
854.505744	13.349071	0.000000	0.000000
854.548760	13.349071	0.000000	0.000000
854.588680	13.354755	0.000000	0.000000
854.654151	13.354755	0.000000	0.000000
854.691184	13.354755	0.000000	0.000000
854.737363	13.346885	0.000000	0.000000
854.775950	13.346885	0.000000	0.000000
854.818908	13.346885	0.000000	0.000000
854.861339	13.354905	0.000000	0.000000
854.935477	13.354905	0.000000	0.000000
854.978904	13.350219	0.000000	0.000000
855.019270	13.350219	0.000000	0.000000
855.061290	13.350219	0.000000	0.000000
855.100949	13.357039	0.000000	0.000000
855.171071	13.357039	0.000000	0.000000
855.213304	13.357039	0.000000	0.000000
855.255991	13.370690	0.000000	0.000000
855.298970	13.370690	0.000000	0.000000
855.338201	13.370690	0.000000	0.000000
855.410050	13.357643	0.000000	0.000000
855.448551	13.357643	0.000000	0.000000
855.485006	13.357643	0.000000	0.000000
855.525851	13.381309	0.000000	0.000000
855.565827	13.381309	0.000000	0.000000
855.603072	13.381309	0.000000	0.000000
855.647191	13.393229	0.000000	0.000000
855.685912	13.393229	0.000000	0.000000
855.725264	13.393229	0.000000	0.000000
855.769733	13.384221	0.000000	0.000000
855.808875	13.384221	0.000000	0.000000
855.851370	13.384221	0.000000	0.000000
855.889060	13.384221	0.000000	0.000000
855.938024	13.390274	0.000000	0.000000
855.976308	13.390274	0.000000	0.000000
856.011704	13.390274	0.000000	0.000000
856.056790	13.369224	0.000000	0.000000
856.100198	13.369224	0.000000	0.000000
856.136739	13.369224	0.000000	0.000000
856.207422	13.391340	0.000000	0.000000
856.247891	13.391340	0.000000	0.000000
856.288682	13.391340	0.000000	0.000000
856.335537	13.401137	0.000000	0.000000
856.374065	13.401137	0.000000	0.000000
856.412960	13.401137	0.000000	0.000000
856.459747	13.404647	0.000000	0.000000
856.534288	13.404647	0.000000	0.000000
856.575132	13.403994	0.000000	0.000000
856.616058	13.403994	0.000000	0.000000
856.655832	13.403994	0.000000	0.000000
856.696424	13.403994	0.000000	0.000000
856.738469	13.401618	0.000000	0.000000
856.777132	13.401618	0.000000	0.000000
856.817797	13.401618	0.000000	0.000000
856.863256	13.408207	0.000000	0.000000
856.901456	13.408207	0.000000	0.000000
856.944168	13.408207	0.000000	0.000000
856.983828	13.407404	0.000000	0.000000
857.032367	13.407404	0.000000	0.000000
857.069189	13.407404	0.000000	0.000000
857.109843	13.437348	0.000000	0.000000
857.152980	13.437348	0.000000	0.000000
857.190549	13.437348	0.000000	0.000000
857.256638	13.410771	0.000000	0.000000
857.297432	13.410771	0.000000	0.000000
857.335500	13.410771	0.000000	0.000000
857.377246	13.418484	0.000000	0.000000
857.418191	13.418484	0.000000	0.000000
857.455794	13.418484	0.000000	0.000000
857.494586	13.418484	0.000000	0.000000
857.537967	13.415923	0.000000	0.000000
857.576309	13.415923	0.000000	0.000000
857.612839	13.415923	0.000000	0.000000
857.657946	13.414288	0.000000	0.000000
857.697104	13.414288	0.000000	0.000000
857.734865	13.414288	0.000000	0.000000
857.776782	13.453410	0.000000	0.000000
857.817579	13.453410	0.000000	0.000000
857.855760	13.453410	0.000000	0.000000
857.894471	13.453410	0.000000	0.000000
857.938300	13.426959	0.000000	0.000000
857.981643	13.426959	0.000000	0.000000
858.017866	13.426959	0.000000	0.000000
858.062190	13.432218	0.000000	0.000000
858.101349	13.432218	0.000000	0.000000
858.167511	13.440642	0.000000	0.000000
858.210733	13.440642	0.000000	0.000000
858.247723	13.440642	0.000000	0.000000
858.289058	13.440642	0.000000	0.000000
858.333780	13.442295	0.000000	0.000000
858.396654	13.442295	0.000000	0.000000
858.441570	13.451473	0.000000	0.000000
858.480775	13.451473	0.000000	0.000000
858.524258	13.451473	0.000000	0.000000
858.564841	13.441655	0.000000	0.000000
858.615215	13.441655	0.000000	0.000000
858.652220	13.441655	0.000000	0.000000
858.691725	13.441655	0.000000	0.000000
858.740294	13.437165	0.000000	0.000000
858.781223	13.437165	0.000000	0.000000
858.854187	13.433702	0.000000	0.000000
858.896897	13.433702	0.000000	0.000000
858.933387	13.433702	0.000000	0.000000
858.976356	13.448558	0.000000	0.000000
859.017652	13.448558	0.000000	0.000000
859.056106	13.448558	0.000000	0.000000
859.095115	13.448558	0.000000	0.000000
859.139517	13.459838	0.000000	0.000000
859.179030	13.459838	0.000000	0.000000
859.218193	13.459838	0.000000	0.000000
859.260416	13.440722	0.000000	0.000000
859.302303	13.440722	0.000000	0.000000
859.340586	13.440722	0.000000	0.000000
859.381842	13.444569	0.000000	0.000000
859.423250	13.444569	0.000000	0.000000
859.462286	13.444569	0.000000	0.000000
859.503248	13.443675	0.000000	0.000000
859.545314	13.443675	0.000000	0.000000
859.588959	13.443675	0.000000	0.000000
859.626038	13.443675	0.000000	0.000000
859.673005	13.458452	0.000000	0.000000
859.713538	13.458452	0.000000	0.000000
859.774862	13.470942	0.000000	0.000000
859.819150	13.470942	0.000000	0.000000
859.855231	13.470942	0.000000	0.000000
859.898116	13.470942	0.000000	0.000000
859.940148	13.451842	0.000000	0.000000
860.007215	13.451842	0.000000	0.000000
860.052008	13.416562	0.000000	0.000000
860.090469	13.416562	0.000000	0.000000
860.132357	13.416562	0.000000	0.000000
860.171641	13.439765	0.000000	0.000000
860.212143	13.439765	0.000000	0.000000
860.276337	13.439765	0.000000	0.000000
860.319246	13.468816	0.000000	0.000000
860.357648	13.468816	0.000000	0.000000
860.397856	13.468816	0.000000	0.000000
860.442126	13.456359	0.000000	0.000000
860.479027	13.456359	0.000000	0.000000
860.522162	13.456359	0.000000	0.000000
860.562963	13.441784	0.000000	0.000000
860.622781	13.441784	0.000000	0.000000
860.660655	13.441784	0.000000	0.000000
860.700283	13.441784	0.000000	0.000000
860.739007	13.455191	0.000000	0.000000
860.779799	13.455191	0.000000	0.000000
860.843882	13.440541	0.000000	0.000000
860.885306	13.440541	0.000000	0.000000
860.924202	13.440541	0.000000	0.000000
860.962216	13.479754	0.000000	0.000000
861.003439	13.479754	0.000000	0.000000
861.045285	13.479754	0.000000	0.000000
861.084270	13.479754	0.000000	0.000000
861.129807	13.457674	0.000000	0.000000
861.168704	13.457674	0.000000	0.000000
861.234898	13.449667	0.000000	0.000000
861.280127	13.449667	0.000000	0.000000
861.319499	13.449667	0.000000	0.000000
861.362963	13.436368	0.000000	0.000000
861.404851	13.436368	0.000000	0.000000
861.467323	13.436368	0.000000	0.000000
861.510911	13.444873	0.000000	0.000000
861.548410	13.444873	0.000000	0.000000
861.591861	13.444873	0.000000	0.000000
861.632682	13.449505	0.000000	0.000000
861.703816	13.449505	0.000000	0.000000
861.745266	13.449505	0.000000	0.000000
861.784416	13.451241	0.000000	0.000000
861.827757	13.451241	0.000000	0.000000
861.867650	13.451241	0.000000	0.000000
861.939230	13.454646	0.000000	0.000000
861.981807	13.454646	0.000000	0.000000
862.018370	13.454646	0.000000	0.000000
862.064374	13.437212	0.000000	0.000000
862.104261	13.437212	0.000000	0.000000
862.173842	13.451648	0.000000	0.000000
862.217076	13.451648	0.000000	0.000000
862.253043	13.451648	0.000000	0.000000
862.294826	13.451648	0.000000	0.000000
862.337711	13.354699	0.000000	0.000000
862.406158	13.354699	0.000000	0.000000
862.450932	13.318935	0.000000	0.000000
862.488487	13.318935	0.000000	0.000000
862.531253	13.318935	0.000000	0.000000
862.571115	13.303603	0.000000	0.000000
862.617990	13.303603	0.000000	0.000000
862.655036	13.303603	0.000000	0.000000
862.693638	13.303603	0.000000	0.000000
862.738740	13.318212	0.000000	0.000000
862.778624	13.318212	0.000000	0.000000
862.850163	13.308896	0.000000	0.000000
862.891311	13.308896	0.000000	0.000000
862.928864	13.308896	0.000000	0.000000
862.970945	13.323101	0.000000	0.000000
863.011122	13.323101	0.000000	0.000000
863.048023	13.323101	0.000000	0.000000
863.086146	13.323101	0.000000	0.000000
863.132023	13.313229	0.000000	0.000000
863.174908	13.313229	0.000000	0.000000
863.210812	13.313229	0.000000	0.000000
863.258964	13.293770	0.000000	0.000000
863.297249	13.293770	0.000000	0.000000
863.338830	13.293770	0.000000	0.000000
863.378894	13.309950	0.000000	0.000000
863.420782	13.309950	0.000000	0.000000
863.491141	13.309950	0.000000	0.000000
863.531958	13.292620	0.000000	0.000000
863.571856	13.292620	0.000000	0.000000
863.611751	13.292620	0.000000	0.000000
863.655221	13.301856	0.000000	0.000000
863.694933	13.301856	0.000000	0.000000
863.732852	13.301856	0.000000	0.000000
863.774111	13.308050	0.000000	0.000000
863.813836	13.308050	0.000000	0.000000
863.856055	13.308050	0.000000	0.000000
863.895947	13.308050	0.000000	0.000000
863.936839	13.288567	0.000000	0.000000
863.976731	13.288567	0.000000	0.000000
864.018834	13.288567	0.000000	0.000000
864.059921	13.285779	0.000000	0.000000
864.104459	13.285779	0.000000	0.000000
864.143355	13.285779	0.000000	0.000000
864.213168	13.287467	0.000000	0.000000
864.255176	13.287467	0.000000	0.000000
864.295752	13.267846	0.000000	0.000000
864.338825	13.267846	0.000000	0.000000
864.377414	13.267846	0.000000	0.000000
864.449531	13.258345	0.000000	0.000000
864.492031	13.258345	0.000000	0.000000
864.528095	13.258345	0.000000	0.000000
864.573253	13.254556	0.000000	0.000000
864.614143	13.254556	0.000000	0.000000
864.681535	13.254556	0.000000	0.000000
864.724963	13.253607	0.000000	0.000000
864.762618	13.253607	0.000000	0.000000
864.804537	13.253607	0.000000	0.000000
864.845491	13.259000	0.000000	0.000000
864.884387	13.259000	0.000000	0.000000
864.950987	13.259000	0.000000	0.000000
864.995905	13.239560	0.000000	0.000000
865.033334	13.239560	0.000000	0.000000
865.071285	13.239560	0.000000	0.000000
865.118071	13.225020	0.000000	0.000000
865.157645	13.225020	0.000000	0.000000
865.230208	13.228462	0.000000	0.000000
865.273563	13.228462	0.000000	0.000000
865.310427	13.228462	0.000000	0.000000
865.348571	13.228462	0.000000	0.000000
865.391320	13.223204	0.000000	0.000000
865.429979	13.223204	0.000000	0.000000
865.468293	13.223204	0.000000	0.000000
865.512315	13.241793	0.000000	0.000000
865.552207	13.241793	0.000000	0.000000
865.590357	13.241793	0.000000	0.000000
865.630250	13.234910	0.000000	0.000000
865.674685	13.234910	0.000000	0.000000
865.712362	13.234910	0.000000	0.000000
865.750653	13.234910	0.000000	0.000000
865.793560	13.236279	0.000000	0.000000
865.834168	13.236279	0.000000	0.000000
865.871582	13.236279	0.000000	0.000000
865.914991	13.221702	0.000000	0.000000
865.955611	13.221702	0.000000	0.000000
866.028679	13.221702	0.000000	0.000000
866.071743	13.238087	0.000000	0.000000
866.109359	13.238087	0.000000	0.000000
866.150045	13.238087	0.000000	0.000000
866.190164	13.244315	0.000000	0.000000
866.230156	13.244315	0.000000	0.000000
866.268885	13.244315	0.000000	0.000000
866.317514	13.225248	0.000000	0.000000
866.358405	13.225248	0.000000	0.000000
866.395306	13.225248	0.000000	0.000000
866.437876	13.230323	0.000000	0.000000
866.478503	13.230323	0.000000	0.000000
866.516859	13.230323	0.000000	0.000000
866.555960	13.232418	0.000000	0.000000
866.598944	13.232418	0.000000	0.000000
866.639581	13.232418	0.000000	0.000000
866.682771	13.238371	0.000000	0.000000
866.722632	13.238371	0.000000	0.000000
866.764647	13.238371	0.000000	0.000000
866.800551	13.238371	0.000000	0.000000
866.846696	13.252562	0.000000	0.000000
866.887273	13.252562	0.000000	0.000000
866.949457	13.252562	0.000000	0.000000
866.993979	13.234236	0.000000	0.000000
867.031662	13.234236	0.000000	0.000000
867.074078	13.234236	0.000000	0.000000
867.117752	13.223170	0.000000	0.000000
867.164628	13.223170	0.000000	0.000000
867.201664	13.223170	0.000000	0.000000
867.243551	13.236480	0.000000	0.000000
867.287435	13.236480	0.000000	0.000000
867.325619	13.236480	0.000000	0.000000
867.391382	13.250729	0.000000	0.000000
867.433248	13.250729	0.000000	0.000000
867.470286	13.250729	0.000000	0.000000
867.514579	13.239743	0.000000	0.000000
867.555229	13.239743	0.000000	0.000000
867.592641	13.239743	0.000000	0.000000
867.633708	13.230902	0.000000	0.000000
867.676376	13.230902	0.000000	0.000000
867.713706	13.230902	0.000000	0.000000
867.757798	13.243768	0.000000	0.000000
867.796055	13.243768	0.000000	0.000000
867.838604	13.243768	0.000000	0.000000
867.879070	13.243768	0.000000	0.000000
867.955425	13.240147	0.000000	0.000000
867.993484	13.240147	0.000000	0.000000
868.033391	13.254985	0.000000	0.000000
868.076159	13.254985	0.000000	0.000000
868.116148	13.254985	0.000000	0.000000
868.154747	13.254985	0.000000	0.000000
868.199919	13.255525	0.000000	0.000000
868.237087	13.255525	0.000000	0.000000
868.278624	13.255525	0.000000	0.000000
868.348910	13.227142	0.000000	0.000000
868.387409	13.227142	0.000000	0.000000
868.428211	13.227142	0.000000	0.000000
868.472302	13.248140	0.000000	0.000000
868.510521	13.248140	0.000000	0.000000
868.549878	13.248140	0.000000	0.000000
868.592352	13.262816	0.000000	0.000000
868.631736	13.262816	0.000000	0.000000
868.669724	13.262816	0.000000	0.000000
868.711755	13.267712	0.000000	0.000000
868.755656	13.267712	0.000000	0.000000
868.793596	13.267712	0.000000	0.000000
868.836726	13.275147	0.000000	0.000000
868.877566	13.275147	0.000000	0.000000
868.916167	13.275147	0.000000	0.000000
868.958607	13.241355	0.000000	0.000000
869.000429	13.241355	0.000000	0.000000
869.044044	13.241355	0.000000	0.000000
869.081872	13.241355	0.000000	0.000000
869.124955	13.248735	0.000000	0.000000
869.165846	13.248735	0.000000	0.000000
869.241254	13.257061	0.000000	0.000000
869.284811	13.257061	0.000000	0.000000
869.321863	13.257061	0.000000	0.000000
869.366744	13.262299	0.000000	0.000000
869.407634	13.262299	0.000000	0.000000
869.473347	13.262299	0.000000	0.000000
869.518987	13.245490	0.000000	0.000000
869.555756	13.245490	0.000000	0.000000
869.591022	13.245490	0.000000	0.000000
869.634523	13.247785	0.000000	0.000000
869.677012	13.247785	0.000000	0.000000
869.738790	13.247785	0.000000	0.000000
869.781811	13.251089	0.000000	0.000000
869.822238	13.251089	0.000000	0.000000
869.865124	13.251089	0.000000	0.000000
869.907424	13.261695	0.000000	0.000000
869.974263	13.261695	0.000000	0.000000
870.015637	13.261695	0.000000	0.000000
870.056674	13.264302	0.000000	0.000000
870.099407	13.264302	0.000000	0.000000
870.138743	13.264302	0.000000	0.000000
870.210797	13.251223	0.000000	0.000000
870.254638	13.251223	0.000000	0.000000
870.294915	13.265170	0.000000	0.000000
870.339185	13.265170	0.000000	0.000000
870.377918	13.265170	0.000000	0.000000
870.445982	13.258529	0.000000	0.000000
870.489791	13.258529	0.000000	0.000000
870.525399	13.258529	0.000000	0.000000
870.571622	13.253471	0.000000	0.000000
870.613813	13.253471	0.000000	0.000000
870.677116	13.253471	0.000000	0.000000
870.722477	13.279648	0.000000	0.000000
870.759144	13.279648	0.000000	0.000000
870.798447	13.279648	0.000000	0.000000
870.844575	13.260551	0.000000	0.000000
870.887766	13.260551	0.000000	0.000000
870.958902	13.258479	0.000000	0.000000
870.999672	13.258479	0.000000	0.000000
871.037361	13.258479	0.000000	0.000000
871.074788	13.258479	0.000000	0.000000
871.119139	13.278243	0.000000	0.000000
871.161181	13.278243	0.000000	0.000000
871.199962	13.278243	0.000000	0.000000
871.246544	13.264470	0.000000	0.000000
871.287555	13.264470	0.000000	0.000000
871.350841	13.264470	0.000000	0.000000
871.396238	13.288224	0.000000	0.000000
871.435391	13.288224	0.000000	0.000000
871.477280	13.288224	0.000000	0.000000
871.521894	13.286108	0.000000	0.000000
871.582851	13.286108	0.000000	0.000000
871.624356	13.286108	0.000000	0.000000
871.667589	13.292014	0.000000	0.000000
871.710857	13.292014	0.000000	0.000000
871.757026	13.292014	0.000000	0.000000
871.825071	13.267261	0.000000	0.000000
871.867727	13.267261	0.000000	0.000000
871.915864	13.289904	0.000000	0.000000
871.958481	13.289904	0.000000	0.000000
872.023611	13.289904	0.000000	0.000000
872.072519	13.293810	0.000000	0.000000
872.114160	13.293810	0.000000	0.000000
872.163028	13.293202	0.000000	0.000000
872.210900	13.293202	0.000000	0.000000
872.294327	13.278272	0.000000	0.000000
872.339355	13.278272	0.000000	0.000000
872.378220	13.278272	0.000000	0.000000
872.418092	13.278272	0.000000	0.000000
872.468123	13.307731	0.000000	0.000000
872.509043	13.307731	0.000000	0.000000
872.553013	13.307731	0.000000	0.000000
872.599818	13.306439	0.000000	0.000000
872.641354	13.306439	0.000000	0.000000
872.683720	13.312005	0.000000	0.000000
872.725678	13.312005	0.000000	0.000000
872.768732	13.312005	0.000000	0.000000
872.809864	13.312005	0.000000	0.000000
872.864617	13.296518	0.000000	0.000000
872.905510	13.296518	0.000000	0.000000
872.951387	13.296518	0.000000	0.000000
872.991796	13.278934	0.000000	0.000000
873.065653	13.278934	0.000000	0.000000
873.106791	13.306855	0.000000	0.000000
873.153535	13.306855	0.000000	0.000000
873.192776	13.306855	0.000000	0.000000
873.233391	13.308629	0.000000	0.000000
873.276276	13.308629	0.000000	0.000000
873.314906	13.308629	0.000000	0.000000
873.353927	13.308629	0.000000	0.000000
873.396259	13.312578	0.000000	0.000000
873.437123	13.312578	0.000000	0.000000
873.474715	13.312578	0.000000	0.000000
873.516170	13.328127	0.000000	0.000000
873.558057	13.328127	0.000000	0.000000
873.596339	13.328127	0.000000	0.000000
873.642039	13.331952	0.000000	0.000000
873.683927	13.331952	0.000000	0.000000
873.722823	13.331952	0.000000	0.000000
873.762784	13.320210	0.000000	0.000000
873.808050	13.320210	0.000000	0.000000
873.860693	13.320210	0.000000	0.000000
873.907361	13.356596	0.000000	0.000000
873.982021	13.356596	0.000000	0.000000
874.026237	13.356596	0.000000	0.000000
874.078822	13.332920	0.000000	0.000000
874.129110	13.332920	0.000000	0.000000
874.173934	13.325142	0.000000	0.000000
874.223063	13.325142	0.000000	0.000000
874.265451	13.325142	0.000000	0.000000
874.338812	13.336822	0.000000	0.000000
874.382041	13.336822	0.000000	0.000000
874.422339	13.336822	0.000000	0.000000
874.473469	13.369738	0.000000	0.000000
874.516559	13.369738	0.000000	0.000000
874.585934	13.352307	0.000000	0.000000
874.631520	13.352307	0.000000	0.000000
874.670306	13.352307	0.000000	0.000000
874.717507	13.355190	0.000000	0.000000
874.758543	13.355190	0.000000	0.000000
874.818774	13.355190	0.000000	0.000000
874.862648	13.347366	0.000000	0.000000
874.899925	13.347366	0.000000	0.000000
874.940815	13.347366	0.000000	0.000000
874.981706	13.356307	0.000000	0.000000
875.041192	13.356307	0.000000	0.000000
875.079251	13.356307	0.000000	0.000000
875.123133	13.385602	0.000000	0.000000
875.162703	13.385602	0.000000	0.000000
875.200473	13.385602	0.000000	0.000000
875.243340	13.394923	0.000000	0.000000
875.282823	13.394923	0.000000	0.000000
875.324710	13.394923	0.000000	0.000000
875.363606	13.365345	0.000000	0.000000
875.408486	13.365345	0.000000	0.000000
875.446147	13.365345	0.000000	0.000000
875.515867	13.370455	0.000000	0.000000
875.557069	13.370455	0.000000	0.000000
875.593970	13.370455	0.000000	0.000000
875.638850	13.383144	0.000000	0.000000
875.679740	13.383144	0.000000	0.000000
875.717639	13.383144	0.000000	0.000000
875.757280	13.378226	0.000000	0.000000
875.799169	13.378226	0.000000	0.000000
875.839061	13.378226	0.000000	0.000000
875.877171	13.378226	0.000000	0.000000
875.920863	13.398620	0.000000	0.000000
875.962439	13.398620	0.000000	0.000000
876.001256	13.398620	0.000000	0.000000
876.043516	13.389875	0.000000	0.000000
876.085652	13.389875	0.000000	0.000000
876.124083	13.389875	0.000000	0.000000
876.166036	13.381041	0.000000	0.000000
876.207923	13.381041	0.000000	0.000000
876.249811	13.381041	0.000000	0.000000
876.288707	13.390988	0.000000	0.000000
876.342634	13.390988	0.000000	0.000000
876.388772	13.390988	0.000000	0.000000
876.459616	13.402321	0.000000	0.000000
876.507389	13.402321	0.000000	0.000000
876.544699	13.402321	0.000000	0.000000
876.588769	13.399174	0.000000	0.000000
876.629134	13.399174	0.000000	0.000000
876.705030	13.405571	0.000000	0.000000
876.747107	13.405571	0.000000	0.000000
876.784008	13.405571	0.000000	0.000000
876.830883	13.394175	0.000000	0.000000
876.872771	13.394175	0.000000	0.000000
876.938970	13.394175	0.000000	0.000000
876.983533	13.394735	0.000000	0.000000
877.022885	13.394735	0.000000	0.000000
877.066456	13.394735	0.000000	0.000000
877.108262	13.416598	0.000000	0.000000
877.148394	13.416598	0.000000	0.000000
877.222672	13.410052	0.000000	0.000000
877.267715	13.410052	0.000000	0.000000
877.303884	13.410052	0.000000	0.000000
877.347249	13.410052	0.000000	0.000000
877.391263	13.400841	0.000000	0.000000
877.454413	13.400841	0.000000	0.000000
877.498908	13.388786	0.000000	0.000000
877.539065	13.388786	0.000000	0.000000
877.583944	13.388786	0.000000	0.000000
877.624835	13.400458	0.000000	0.000000
877.674614	13.400458	0.000000	0.000000
877.710224	13.400458	0.000000	0.000000
877.749120	13.400458	0.000000	0.000000
877.793004	13.417335	0.000000	0.000000
877.830911	13.417335	0.000000	0.000000
877.899736	13.400326	0.000000	0.000000
877.939345	13.400326	0.000000	0.000000
877.979314	13.400326	0.000000	0.000000
878.019323	13.406016	0.000000	0.000000
878.061030	13.406016	0.000000	0.000000
878.102545	13.406016	0.000000	0.000000
878.140350	13.406016	0.000000	0.000000
878.189013	13.418023	0.000000	0.000000
878.227298	13.418023	0.000000	0.000000
878.265184	13.418023	0.000000	0.000000
878.336215	13.416900	0.000000	0.000000
878.375685	13.416900	0.000000	0.000000
878.418515	13.416360	0.000000	0.000000
878.462178	13.416360	0.000000	0.000000
878.498426	13.416360	0.000000	0.000000
878.537456	13.416360	0.000000	0.000000
878.584062	13.407191	0.000000	0.000000
878.622987	13.407191	0.000000	0.000000
878.661670	13.407191	0.000000	0.000000
878.701202	13.394293	0.000000	0.000000
878.744087	13.394293	0.000000	0.000000
878.787045	13.394293	0.000000	0.000000
878.828227	13.399811	0.000000	0.000000
878.873260	13.399811	0.000000	0.000000
878.912426	13.399811	0.000000	0.000000
878.975257	13.424392	0.000000	0.000000
879.023565	13.424392	0.000000	0.000000
879.061581	13.424392	0.000000	0.000000
879.107146	13.407575	0.000000	0.000000
879.147318	13.407575	0.000000	0.000000
879.207150	13.407575	0.000000	0.000000
879.251686	13.396164	0.000000	0.000000
879.288288	13.396164	0.000000	0.000000
879.329820	13.396164	0.000000	0.000000
879.370169	13.406725	0.000000	0.000000
879.411403	13.406725	0.000000	0.000000
879.487116	13.392353	0.000000	0.000000
879.527290	13.392353	0.000000	0.000000
879.566834	13.392353	0.000000	0.000000
879.604552	13.392353	0.000000	0.000000
879.645165	13.416796	0.000000	0.000000
879.685631	13.416796	0.000000	0.000000
879.724387	13.416796	0.000000	0.000000
879.765395	13.415890	0.000000	0.000000
879.806285	13.415890	0.000000	0.000000
879.844299	13.415890	0.000000	0.000000
879.884426	13.415890	0.000000	0.000000
879.924318	13.393247	0.000000	0.000000
879.964542	13.393247	0.000000	0.000000
880.005876	13.393247	0.000000	0.000000
880.046569	13.416634	0.000000	0.000000
880.090180	13.416634	0.000000	0.000000
880.129804	13.416634	0.000000	0.000000
880.202737	13.402595	0.000000	0.000000
880.244637	13.402595	0.000000	0.000000
880.284027	13.402595	0.000000	0.000000
880.329062	13.414295	0.000000	0.000000
880.369952	13.414295	0.000000	0.000000
880.440537	13.395567	0.000000	0.000000
880.482932	13.395567	0.000000	0.000000
880.520021	13.395567	0.000000	0.000000
880.565006	13.385005	0.000000	0.000000
880.606599	13.385005	0.000000	0.000000
880.671478	13.385005	0.000000	0.000000
880.715735	13.395345	0.000000	0.000000
880.754384	13.395345	0.000000	0.000000
880.792774	13.395345	0.000000	0.000000
880.840561	13.268972	0.000000	0.000000
880.880722	13.268972	0.000000	0.000000
880.939699	13.268972	0.000000	0.000000
880.983857	13.294516	0.000000	0.000000
881.023035	13.294516	0.000000	0.000000
881.067079	13.294516	0.000000	0.000000
881.109468	13.278042	0.000000	0.000000
881.176500	13.278042	0.000000	0.000000
881.221228	13.265468	0.000000	0.000000
881.261973	13.265468	0.000000	0.000000
881.306221	13.265468	0.000000	0.000000
881.345038	13.265468	0.000000	0.000000
881.412303	13.259308	0.000000	0.000000
881.452709	13.259308	0.000000	0.000000
881.490600	13.278023	0.000000	0.000000
881.532187	13.278023	0.000000	0.000000
881.572934	13.278023	0.000000	0.000000
881.610588	13.289467	0.000000	0.000000
881.658144	13.289467	0.000000	0.000000
881.695076	13.289467	0.000000	0.000000
881.733667	13.289467	0.000000	0.000000
881.806582	13.249683	0.000000	0.000000
881.847620	13.249683	0.000000	0.000000
881.887223	13.267675	0.000000	0.000000
881.926319	13.267675	0.000000	0.000000
881.967636	13.267675	0.000000	0.000000
882.007680	13.267675	0.000000	0.000000
882.052613	13.242180	0.000000	0.000000
882.089512	13.242180	0.000000	0.000000
882.128918	13.242180	0.000000	0.000000
882.206043	13.259060	0.000000	0.000000
882.244075	13.259060	0.000000	0.000000
882.285333	13.261072	0.000000	0.000000
882.326182	13.261072	0.000000	0.000000
882.366027	13.261072	0.000000	0.000000
882.405172	13.261072	0.000000	0.000000
882.451024	13.246032	0.000000	0.000000
882.490205	13.246032	0.000000	0.000000
882.525910	13.246032	0.000000	0.000000
882.569705	13.241238	0.000000	0.000000
882.611037	13.241238	0.000000	0.000000
882.650228	13.241238	0.000000	0.000000
882.691248	13.217299	0.000000	0.000000
882.733382	13.217299	0.000000	0.000000
882.771864	13.217299	0.000000	0.000000
882.812795	13.210971	0.000000	0.000000
882.854074	13.210971	0.000000	0.000000
882.894680	13.210971	0.000000	0.000000
882.931919	13.210971	0.000000	0.000000
882.974663	13.242054	0.000000	0.000000
883.015799	13.242054	0.000000	0.000000
883.054594	13.242054	0.000000	0.000000
883.095984	13.216275	0.000000	0.000000
883.136467	13.216275	0.000000	0.000000
883.174799	13.216275	0.000000	0.000000
883.217171	13.216577	0.000000	0.000000
883.258266	13.216577	0.000000	0.000000
883.296433	13.216577	0.000000	0.000000
883.336062	13.216577	0.000000	0.000000
883.419096	13.220368	0.000000	0.000000
883.458978	13.220368	0.000000	0.000000
883.500546	13.217693	0.000000	0.000000
883.541463	13.217693	0.000000	0.000000
883.580606	13.217693	0.000000	0.000000
883.625260	13.212627	0.000000	0.000000
883.665631	13.212627	0.000000	0.000000
883.706104	13.212627	0.000000	0.000000
883.743686	13.212627	0.000000	0.000000
883.785387	13.194913	0.000000	0.000000
883.827077	13.194913	0.000000	0.000000
883.868153	13.194913	0.000000	0.000000
883.910111	13.191128	0.000000	0.000000
883.954382	13.191128	0.000000	0.000000
883.994305	13.191128	0.000000	0.000000
884.065200	13.178431	0.000000	0.000000
884.103379	13.178431	0.000000	0.000000
884.140284	13.178431	0.000000	0.000000
884.183947	13.203795	0.000000	0.000000
884.223801	13.203795	0.000000	0.000000
884.262163	13.203795	0.000000	0.000000
884.315401	13.183970	0.000000	0.000000
884.354556	13.183970	0.000000	0.000000
884.394039	13.183970	0.000000	0.000000
884.436943	13.181431	0.000000	0.000000
884.475095	13.181431	0.000000	0.000000
884.514322	13.181431	0.000000	0.000000
884.558161	13.179470	0.000000	0.000000
884.602989	13.179470	0.000000	0.000000
884.670224	13.179470	0.000000	0.000000
884.713831	13.186638	0.000000	0.000000
884.758938	13.186638	0.000000	0.000000
884.795762	13.186638	0.000000	0.000000
884.846556	13.201437	0.000000	0.000000
884.886503	13.201437	0.000000	0.000000
884.922407	13.201437	0.000000	0.000000
884.966025	13.188388	0.000000	0.000000
885.013093	13.188388	0.000000	0.000000
885.049541	13.188388	0.000000	0.000000
885.122783	13.193674	0.000000	0.000000
885.161795	13.193674	0.000000	0.000000
885.206708	13.193674	0.000000	0.000000
885.251991	13.193801	0.000000	0.000000
885.289130	13.193801	0.000000	0.000000
885.332776	13.193801	0.000000	0.000000
885.373747	13.193345	0.000000	0.000000
885.446662	13.193345	0.000000	0.000000
885.487028	13.205897	0.000000	0.000000
885.531234	13.205897	0.000000	0.000000
885.569205	13.205897	0.000000	0.000000
885.611811	13.195483	0.000000	0.000000
885.655337	13.195483	0.000000	0.000000
885.727210	13.195483	0.000000	0.000000
885.770998	13.175976	0.000000	0.000000
885.809851	13.175976	0.000000	0.000000
885.851547	13.175976	0.000000	0.000000
885.892394	13.165612	0.000000	0.000000
885.939066	13.165612	0.000000	0.000000
885.976394	13.165612	0.000000	0.000000
886.021917	13.198657	0.000000	0.000000
886.063684	13.198657	0.000000	0.000000
886.134580	13.198657	0.000000	0.000000
886.178582	13.209057	0.000000	0.000000
886.219187	13.209057	0.000000	0.000000
886.261697	13.209057	0.000000	0.000000
886.302349	13.183784	0.000000	0.000000
886.353247	13.183784	0.000000	0.000000
886.391847	13.183784	0.000000	0.000000
886.430855	13.203324	0.000000	0.000000
886.473350	13.203324	0.000000	0.000000
886.512888	13.203324	0.000000	0.000000
886.575350	13.188083	0.000000	0.000000
886.616776	13.188083	0.000000	0.000000
886.654709	13.188083	0.000000	0.000000
886.697779	13.188411	0.000000	0.000000
886.739025	13.188411	0.000000	0.000000
886.776269	13.188411	0.000000	0.000000
886.818483	13.201294	0.000000	0.000000
886.859371	13.201294	0.000000	0.000000
886.897364	13.201294	0.000000	0.000000
886.937018	13.201294	0.000000	0.000000
886.976414	13.181883	0.000000	0.000000
887.022244	13.181883	0.000000	0.000000
887.062320	13.181883	0.000000	0.000000
887.134126	13.178825	0.000000	0.000000
887.175734	13.178825	0.000000	0.000000
887.214643	13.196438	0.000000	0.000000
887.259436	13.196438	0.000000	0.000000
887.299999	13.196438	0.000000	0.000000
887.370620	13.217072	0.000000	0.000000
887.415563	13.217072	0.000000	0.000000
887.452223	13.217072	0.000000	0.000000
887.496717	13.209645	0.000000	0.000000
887.538727	13.209645	0.000000	0.000000
887.600695	13.209645	0.000000	0.000000
887.646404	13.182548	0.000000	0.000000
887.684407	13.182548	0.000000	0.000000
887.728294	13.182548	0.000000	0.000000
887.767150	13.214252	0.000000	0.000000
887.808509	13.214252	0.000000	0.000000
887.867590	13.214252	0.000000	0.000000
887.914162	13.214940	0.000000	0.000000
887.951616	13.214940	0.000000	0.000000
887.993358	13.214940	0.000000	0.000000
888.034485	13.223334	0.000000	0.000000
888.083863	13.223334	0.000000	0.000000
888.120933	13.223334	0.000000	0.000000
888.161661	13.206369	0.000000	0.000000
888.204469	13.206369	0.000000	0.000000
888.243653	13.206369	0.000000	0.000000
888.308280	13.201502	0.000000	0.000000
888.349391	13.201502	0.000000	0.000000
888.387623	13.201502	0.000000	0.000000
888.430829	13.215890	0.000000	0.000000
888.474202	13.215890	0.000000	0.000000
888.511905	13.215890	0.000000	0.000000
888.551406	13.215890	0.000000	0.000000
888.594326	13.204242	0.000000	0.000000
888.635874	13.204242	0.000000	0.000000
888.673885	13.204242	0.000000	0.000000
888.717384	13.234933	0.000000	0.000000
888.759151	13.234933	0.000000	0.000000
888.797311	13.234933	0.000000	0.000000
888.844524	13.218332	0.000000	0.000000
888.884594	13.218332	0.000000	0.000000
888.923813	13.218332	0.000000	0.000000
888.970843	13.225242	0.000000	0.000000
889.008964	13.225242	0.000000	0.000000
889.047666	13.225242	0.000000	0.000000
889.116250	13.216792	0.000000	0.000000
889.154896	13.216792	0.000000	0.000000
889.194333	13.216792	0.000000	0.000000
889.240459	13.224343	0.000000	0.000000
889.277691	13.224343	0.000000	0.000000
889.318300	13.224343	0.000000	0.000000
889.363936	13.252462	0.000000	0.000000
889.427692	13.252462	0.000000	0.000000
889.465111	13.252462	0.000000	0.000000
889.507718	13.215064	0.000000	0.000000
889.549480	13.215064	0.000000	0.000000
889.587614	13.215064	0.000000	0.000000
889.631954	13.240120	0.000000	0.000000
889.671528	13.240120	0.000000	0.000000
889.712040	13.240120	0.000000	0.000000
889.754175	13.238141	0.000000	0.000000
889.792006	13.238141	0.000000	0.000000
889.829861	13.238141	0.000000	0.000000
889.868637	13.238141	0.000000	0.000000
889.911490	13.232706	0.000000	0.000000
889.952713	13.232706	0.000000	0.000000
889.994181	13.232706	0.000000	0.000000
890.034409	13.244566	0.000000	0.000000
890.075368	13.244566	0.000000	0.000000
890.114111	13.244566	0.000000	0.000000
890.178631	13.240245	0.000000	0.000000
890.223460	13.240245	0.000000	0.000000
890.258659	13.240245	0.000000	0.000000
890.304792	13.223245	0.000000	0.000000
890.347320	13.223245	0.000000	0.000000
890.410069	13.248346	0.000000	0.000000
890.454985	13.248346	0.000000	0.000000
890.491136	13.248346	0.000000	0.000000
890.533861	13.248346	0.000000	0.000000
890.575660	13.261950	0.000000	0.000000
890.613898	13.261950	0.000000	0.000000
890.678003	13.261950	0.000000	0.000000
890.725263	13.253013	0.000000	0.000000
890.762167	13.253013	0.000000	0.000000
890.805018	13.253013	0.000000	0.000000
890.844994	13.241457	0.000000	0.000000
890.883251	13.241457	0.000000	0.000000
890.946864	13.236941	0.000000	0.000000
890.992930	13.236941	0.000000	0.000000
891.030623	13.236941	0.000000	0.000000
891.071793	13.236941	0.000000	0.000000
891.117399	13.252055	0.000000	0.000000
891.157378	13.252055	0.000000	0.000000
891.228987	13.260538	0.000000	0.000000
891.271680	13.260538	0.000000	0.000000
891.311340	13.260538	0.000000	0.000000
891.352880	13.271248	0.000000	0.000000
891.394885	13.271248	0.000000	0.000000
891.432425	13.271248	0.000000	0.000000
891.471829	13.271248	0.000000	0.000000
891.515120	13.259319	0.000000	0.000000
891.554475	13.259319	0.000000	0.000000
891.590991	13.259319	0.000000	0.000000
891.632860	13.266840	0.000000	0.000000
891.672730	13.266840	0.000000	0.000000
891.713594	13.266840	0.000000	0.000000
891.754608	13.246029	0.000000	0.000000
891.797003	13.246029	0.000000	0.000000
891.836343	13.246029	0.000000	0.000000
891.904090	13.280636	0.000000	0.000000
891.947739	13.280636	0.000000	0.000000
891.984506	13.280636	0.000000	0.000000
892.030519	13.280112	0.000000	0.000000
892.072707	13.280112	0.000000	0.000000
892.135148	13.280112	0.000000	0.000000
892.182866	13.244657	0.000000	0.000000
892.220980	13.244657	0.000000	0.000000
892.262424	13.244657	0.000000	0.000000
892.304341	13.282313	0.000000	0.000000
892.345606	13.282313	0.000000	0.000000
892.419136	13.282278	0.000000	0.000000
892.459890	13.282278	0.000000	0.000000
892.499046	13.282278	0.000000	0.000000
892.539035	13.303113	0.000000	0.000000
892.591325	13.303113	0.000000	0.000000
892.627687	13.303113	0.000000	0.000000
892.664824	13.303113	0.000000	0.000000
892.711471	13.274548	0.000000	0.000000
892.751061	13.274548	0.000000	0.000000
892.827255	13.286007	0.000000	0.000000
892.869900	13.286007	0.000000	0.000000
892.907418	13.286007	0.000000	0.000000
892.949487	13.283118	0.000000	0.000000
892.992030	13.283118	0.000000	0.000000
893.029488	13.283118	0.000000	0.000000
893.068812	13.283118	0.000000	0.000000
893.113938	13.307141	0.000000	0.000000
893.158009	13.307141	0.000000	0.000000
893.196471	13.307141	0.000000	0.000000
893.244231	13.317641	0.000000	0.000000
893.285812	13.317641	0.000000	0.000000
893.328802	13.317641	0.000000	0.000000
893.368059	13.302472	0.000000	0.000000
893.410813	13.302472	0.000000	0.000000
893.484212	13.314073	0.000000	0.000000
893.526208	13.314073	0.000000	0.000000
893.565454	13.314073	0.000000	0.000000
893.607264	13.314073	0.000000	0.000000
893.648085	13.302480	0.000000	0.000000
893.689823	13.302480	0.000000	0.000000
893.728014	13.302480	0.000000	0.000000
893.772894	13.309803	0.000000	0.000000
893.812623	13.309803	0.000000	0.000000
893.856814	13.309803	0.000000	0.000000
893.896152	13.331235	0.000000	0.000000
893.944843	13.331235	0.000000	0.000000
893.985055	13.331235	0.000000	0.000000
894.027275	13.323188	0.000000	0.000000
894.071742	13.323188	0.000000	0.000000
894.110962	13.323188	0.000000	0.000000
894.184499	13.311213	0.000000	0.000000
894.227170	13.311213	0.000000	0.000000
894.265459	13.311213	0.000000	0.000000
894.308197	13.332959	0.000000	0.000000
894.348742	13.332959	0.000000	0.000000
894.385173	13.332959	0.000000	0.000000
894.427740	13.335447	0.000000	0.000000
894.465713	13.335447	0.000000	0.000000
894.504537	13.335447	0.000000	0.000000
894.546055	13.347038	0.000000	0.000000
894.591034	13.347038	0.000000	0.000000
894.633668	13.347038	0.000000	0.000000
894.671329	13.347038	0.000000	0.000000
894.718808	13.338925	0.000000	0.000000
894.756803	13.338925	0.000000	0.000000
894.792876	13.338925	0.000000	0.000000
894.839739	13.348241	0.000000	0.000000
894.881628	13.348241	0.000000	0.000000
894.918529	13.348241	0.000000	0.000000
894.983470	13.333670	0.000000	0.000000
895.024113	13.333670	0.000000	0.000000
895.064173	13.333670	0.000000	0.000000
895.110051	13.347913	0.000000	0.000000
895.146579	13.347913	0.000000	0.000000
895.189186	13.347913	0.000000	0.000000
895.229079	13.346004	0.000000	0.000000
895.299109	13.346004	0.000000	0.000000
895.337469	13.346004	0.000000	0.000000
895.382868	13.327100	0.000000	0.000000
895.421439	13.327100	0.000000	0.000000
895.463036	13.327100	0.000000	0.000000
895.504948	13.354749	0.000000	0.000000
895.565262	13.354749	0.000000	0.000000
895.607167	13.354749	0.000000	0.000000
895.646934	13.354092	0.000000	0.000000
895.687342	13.354092	0.000000	0.000000
895.728039	13.354092	0.000000	0.000000
895.767776	13.362701	0.000000	0.000000
895.810277	13.362701	0.000000	0.000000
895.850480	13.362701	0.000000	0.000000
895.911936	13.359784	0.000000	0.000000
895.956495	13.359784	0.000000	0.000000
895.993676	13.359784	0.000000	0.000000
896.041382	13.379475	0.000000	0.000000
896.082312	13.379475	0.000000	0.000000
896.145138	13.355357	0.000000	0.000000
896.189736	13.355357	0.000000	0.000000
896.226416	13.355357	0.000000	0.000000
896.266500	13.355357	0.000000	0.000000
896.313168	13.355765	0.000000	0.000000
896.378398	13.355765	0.000000	0.000000
896.423716	13.377492	0.000000	0.000000
896.465580	13.377492	0.000000	0.000000
896.509836	13.377492	0.000000	0.000000
896.549539	13.345615	0.000000	0.000000
896.598930	13.345615	0.000000	0.000000
896.637050	13.345615	0.000000	0.000000
896.678062	13.345615	0.000000	0.000000
896.720415	13.341797	0.000000	0.000000
896.784033	13.341797	0.000000	0.000000
896.827664	13.370988	0.000000	0.000000
896.868963	13.370988	0.000000	0.000000
896.910537	13.370988	0.000000	0.000000
896.950506	13.345456	0.000000	0.000000
896.996091	13.345456	0.000000	0.000000
897.033838	13.345456	0.000000	0.000000
897.076391	13.345456	0.000000	0.000000
897.119473	13.379006	0.000000	0.000000
897.192219	13.379006	0.000000	0.000000
897.236616	13.374907	0.000000	0.000000
897.276758	13.374907	0.000000	0.000000
897.321470	13.374907	0.000000	0.000000
897.361746	13.352732	0.000000	0.000000
897.411935	13.352732	0.000000	0.000000
897.450461	13.352732	0.000000	0.000000
897.491676	13.379887	0.000000	0.000000
897.536477	13.379887	0.000000	0.000000
897.575511	13.379887	0.000000	0.000000
897.650574	13.360039	0.000000	0.000000
897.692276	13.360039	0.000000	0.000000
897.730906	13.360039	0.000000	0.000000
897.773253	13.377265	0.000000	0.000000
897.813147	13.377265	0.000000	0.000000
897.850959	13.377265	0.000000	0.000000
897.891776	13.362897	0.000000	0.000000
897.932904	13.362897	0.000000	0.000000
897.979023	13.362897	0.000000	0.000000
898.018149	13.369937	0.000000	0.000000
898.063041	13.369937	0.000000	0.000000
898.103225	13.369937	0.000000	0.000000
898.168319	13.361589	0.000000	0.000000
898.211761	13.361589	0.000000	0.000000
898.249899	13.361589	0.000000	0.000000
898.293951	13.366281	0.000000	0.000000
898.336027	13.366281	0.000000	0.000000
898.399922	13.366281	0.000000	0.000000
898.446067	13.385304	0.000000	0.000000
898.485431	13.385304	0.000000	0.000000
898.522672	13.385304	0.000000	0.000000
898.568548	13.344440	0.000000	0.000000
898.608700	13.344440	0.000000	0.000000
898.679232	13.344440	0.000000	0.000000
898.723598	13.359597	0.000000	0.000000
898.768162	13.359597	0.000000	0.000000
898.808509	13.359597	0.000000	0.000000
898.859440	13.368417	0.000000	0.000000
898.896949	13.368417	0.000000	0.000000
898.938697	13.368417	0.000000	0.000000
898.978492	13.359316	0.000000	0.000000
899.020008	13.359316	0.000000	0.000000
899.060706	13.359316	0.000000	0.000000
899.120246	13.369507	0.000000	0.000000
899.160593	13.369507	0.000000	0.000000
899.199928	13.369507	0.000000	0.000000
899.242154	13.350793	0.000000	0.000000
899.286011	13.350793	0.000000	0.000000
899.323324	13.350793	0.000000	0.000000
899.371078	13.351286	0.000000	0.000000
899.409834	13.351286	0.000000	0.000000
899.479637	13.351286	0.000000	0.000000
899.526134	13.337468	0.000000	0.000000
899.563515	13.337468	0.000000	0.000000
899.607719	13.337468	0.000000	0.000000
899.650001	13.357825	0.000000	0.000000
899.714513	13.357825	0.000000	0.000000
899.756561	13.381443	0.000000	0.000000
899.797983	13.381443	0.000000	0.000000
899.840689	13.381443	0.000000	0.000000
899.878752	13.381443	0.000000	0.000000
899.934371	13.232348	0.000000	0.000000
899.971960	13.232348	0.000000	0.000000
900.015415	13.227085	0.000000	0.000000
