# Time_s	x	xdot	xddot	xdddot	dx
0.000000	0.141602	0.957031	0.932617	-4.365234	1.416016
0.005000	-0.297852	-2.431641	0.903320	3.032227	1.416016
0.010000	4.145508	-1.518555	-2.583008	-0.200195	1.420898
0.015000	4.589844	2.036133	-0.322266	-2.250977	1.416016
0.020000	1.123047	1.284180	1.435547	-0.341797	1.420898
0.025000	0.102539	-0.615234	0.073242	0.659180	1.420898
0.030000	1.079102	-0.068359	-0.795898	-0.463867	1.420898
0.035000	0.551758	0.937500	0.019531	-3.188477	1.420898
0.040000	-0.678711	-1.201172	2.475586	2.788086	1.416016
0.045000	2.958984	-2.485352	-2.285156	0.957031	1.420898
0.050000	5.126953	1.401367	-1.206055	-2.197266	1.420898
0.055000	2.001953	1.860352	1.333008	-0.976562	1.420898
0.060000	0.014648	-0.302734	0.566406	0.668945	1.420898
0.065000	0.864258	-0.405273	-0.776367	-0.117188	1.416016
0.070000	0.883789	0.791016	-0.258789	-0.961914	1.420898
0.075000	-0.566406	0.063477	3.017578	1.152344	1.420898
0.080000	1.596680	-3.012695	-1.459961	2.036133	1.420898
0.085000	5.205078	0.439453	-1.982422	-1.757812	1.420898
0.090000	3.012695	2.216797	0.937500	-1.601562	1.420898
0.095000	0.175781	0.200195	1.020508	0.468750	1.416016
0.100000	0.571289	-0.634766	-0.590820	0.244141	1.420898
0.105000	1.088867	0.532227	-0.527344	-0.878906	1.420898
0.110000	-0.175781	0.791016	1.928711	-3.432617	1.420898
0.115000	0.346680	-2.929688	-0.180664	2.797852	1.420898
0.120000	4.765625	-0.708008	-2.490234	-0.942383	1.420898
0.125000	4.003906	2.250977	0.268555	-2.075195	1.420898
0.130000	0.620117	0.830078	1.342773	0.053711	1.416016
0.135000	0.263672	-0.698242	-0.244141	0.537109	1.420898
0.140000	1.142578	0.190430	-0.722656	-0.668945	1.420898
0.145000	0.263672	0.966797	0.581055	-4.272461	1.420898
0.150000	-0.473633	-2.138672	1.357422	3.027344	1.420898
0.155000	3.833008	-1.826172	-2.553711	0.131836	1.420898
0.160000	4.785156	1.894531	-0.576172	-2.270508	1.420898
0.165000	1.347656	1.464844	1.435547	-0.522461	1.420898
0.170000	0.053711	-0.546875	0.214844	0.683594	1.420898
0.175000	1.030273	-0.170898	-0.805664	-0.366211	1.420898
0.180000	0.659180	0.903320	-0.063477	-2.539062	1.420898
0.185000	-0.688477	-0.800781	2.856445	2.578125	1.420898
0.190000	2.573242	-2.685547	-2.109375	1.284180	1.420898
0.195000	5.200195	1.157227	-1.445312	-2.114258	1.420898
0.200000	2.290039	1.992188	1.250000	-1.162109	1.420898
0.205000	0.029297	-0.175781	0.703125	0.639648	1.420898
0.210000	0.786133	-0.488281	-0.737305	-0.009766	1.416016
0.215000	0.957031	0.727539	-0.341797	-0.952148	1.420898
0.220000	-0.463867	0.341797	2.812500	-0.541992	1.420898
0.225000	1.220703	-3.061523	-1.137695	2.299805	1.420898
0.230000	5.126953	0.122070	-2.163086	-1.557617	1.416016
0.235000	3.310547	2.265625	0.771484	-1.757812	1.416016
0.240000	0.273438	0.371094	1.132812	0.375977	1.420898
0.245000	0.478516	-0.673828	-0.507812	0.332031	1.420898
0.250000	1.123047	0.439453	-0.595703	-0.830078	1.420898
0.255000	-0.043945	0.888672	1.513672	-4.033203	1.420898
0.260000	0.053711	-2.773438	0.249023	2.929688	1.420898
0.265000	4.541016	-1.044922	-2.553711	-0.649414	1.416016
0.270000	4.252930	2.187500	0.029297	-2.167969	1.420898
0.275000	0.805664	1.020508	1.391602	-0.097656	1.420898
0.280000	0.190430	-0.673828	-0.117188	0.595703	1.420898
0.285000	1.123047	0.083008	-0.761719	-0.600586	1.420898
0.290000	0.380859	0.961914	0.297852	-3.955078	1.420898
0.295000	-0.595703	-1.777344	1.816406	2.973633	1.420898
0.300000	3.505859	-2.114258	-2.485352	0.463867	1.420898
0.305000	4.951172	1.718750	-0.830078	-2.265625	1.420898
0.310000	1.596680	1.635742	1.411133	-0.698242	1.416016
0.315000	0.024414	-0.463867	0.351562	0.693359	1.416016
0.320000	0.966797	-0.273438	-0.805664	-0.268555	1.420898
0.325000	0.761719	0.874023	-0.141602	-1.816406	1.420898
0.330000	-0.659180	-0.424805	3.051758	2.329102	1.420898
0.335000	2.182617	-2.851562	-1.879883	1.601562	1.420898
0.340000	5.234375	0.883789	-1.674805	-1.992188	1.420898
0.345000	2.573242	2.104492	1.147461	-1.347656	1.420898
0.350000	0.073242	-0.034180	0.844727	0.585938	1.420898
0.355000	0.698242	-0.561523	-0.688477	0.097656	1.420898
0.360000	1.025391	0.649414	-0.415039	-0.932617	1.420898
0.365000	-0.351562	0.566406	2.504883	-1.953125	1.420898
0.370000	0.849609	-3.051758	-0.766602	2.524414	1.420898
0.375000	5.014648	-0.209961	-2.319336	-1.328125	1.420898
0.380000	3.598633	2.285156	0.581055	-1.894531	1.416016
0.385000	0.395508	0.551758	1.235352	0.258789	1.420898
0.390000	0.385742	-0.698242	-0.405273	0.424805	1.420898
0.395000	1.142578	0.341797	-0.644531	-0.771484	1.420898
0.400000	0.078125	0.937500	1.118164	-4.326172	1.420898
0.405000	-0.195312	-2.558594	0.693359	3.007812	1.416016
0.410000	4.282227	-1.367188	-2.587891	-0.346680	1.420898
0.415000	4.487305	2.094727	-0.209961	-2.226562	1.420898
0.420000	1.010742	1.206055	1.430664	-0.263672	1.420898
0.425000	0.126953	-0.634766	0.009766	0.639648	1.416016
0.430000	1.088867	-0.019531	-0.791016	-0.507812	1.420898
0.435000	0.502930	0.947266	0.092773	-3.471680	1.420898
0.440000	-0.664062	-1.391602	2.265625	2.861328	1.416016
0.445000	3.139648	-2.373047	-2.363281	0.800781	1.420898
0.450000	5.078125	1.513672	-1.079102	-2.231445	1.416016
0.455000	1.865234	1.791992	1.362305	-0.888672	1.420898
0.460000	0.014648	-0.361328	0.498047	0.678711	1.420898
0.465000	0.903320	-0.366211	-0.786133	-0.166016	1.420898
0.470000	0.849609	0.820312	-0.224609	-1.054688	1.420898
0.475000	-0.605469	-0.078125	3.066406	1.972656	1.420898
0.480000	1.787109	-2.973633	-1.601562	1.904297	1.420898
0.485000	5.219727	0.585938	-1.884766	-1.840820	1.420898
0.490000	2.875977	2.187500	1.005859	-1.518555	1.420898
0.495000	0.136719	0.122070	0.971680	0.512695	1.420898
0.500000	0.610352	-0.615234	-0.625000	0.195312	1.420898
0.505000	1.074219	0.571289	-0.493164	-0.903320	1.420898
0.510000	-0.234375	0.732422	2.128906	-3.037109	1.420898
0.515000	0.502930	-2.978516	-0.380859	2.719727	1.420898
0.520000	4.853516	-0.546875	-2.441406	-1.074219	1.420898
0.525000	3.867188	2.265625	0.375977	-2.021484	1.420898
0.530000	0.546875	0.742188	1.308594	0.126953	1.420898
0.535000	0.302734	-0.703125	-0.297852	0.498047	1.420898
0.540000	1.137695	0.239258	-0.703125	-0.708008	1.420898
0.545000	0.205078	0.966797	0.747070	-4.350586	1.416016
0.550000	-0.395508	-2.290039	1.142578	3.032227	1.420898
0.555000	3.989258	-1.679688	-2.573242	-0.029297	1.416016
0.560000	4.692383	1.967773	-0.454102	-2.265625	1.420898
0.565000	1.235352	1.381836	1.440430	-0.434570	1.416016
0.570000	0.073242	-0.581055	0.146484	0.673828	1.420898
0.575000	1.049805	-0.122070	-0.800781	-0.415039	1.420898
0.580000	0.615234	0.927734	-0.029297	-2.866211	1.420898
0.585000	-0.693359	-0.991211	2.685547	2.690430	1.420898
0.590000	2.763672	-2.592773	-2.197266	1.132812	1.420898
0.595000	5.166016	1.274414	-1.328125	-2.158203	1.420898
0.600000	2.148438	1.933594	1.289062	-1.079102	1.420898
0.605000	0.024414	-0.239258	0.634766	0.659180	1.420898
0.610000	0.820312	-0.449219	-0.756836	-0.058594	1.416016
0.615000	0.922852	0.756836	-0.302734	-0.961914	1.420898
0.620000	-0.512695	0.219727	2.919922	0.229492	1.416016
0.625000	1.391602	-3.041992	-1.298828	2.177734	1.420898
0.630000	5.170898	0.278320	-2.080078	-1.660156	1.420898
0.635000	3.168945	2.250977	0.854492	-1.684570	1.420898
0.640000	0.224609	0.288086	1.083984	0.419922	1.420898
0.645000	0.522461	-0.659180	-0.551758	0.292969	1.420898
0.650000	1.113281	0.483398	-0.561523	-0.854492	1.420898
0.655000	-0.107422	0.844727	1.718750	-3.774414	1.420898
0.660000	0.195312	-2.856445	0.034180	2.866211	1.420898
0.665000	4.653320	-0.883789	-2.524414	-0.795898	1.416016
0.670000	4.130859	2.226562	0.151367	-2.124023	1.416016
0.675000	0.712891	0.927734	1.372070	-0.019531	1.420898
0.680000	0.224609	-0.688477	-0.185547	0.566406	1.420898
0.685000	1.132812	0.136719	-0.742188	-0.629883	1.420898
0.690000	0.322266	0.966797	0.424805	-4.130859	1.420898
0.695000	-0.541992	-1.958008	1.596680	3.012695	1.420898
0.700000	3.671875	-1.977539	-2.524414	0.302734	1.420898
0.705000	4.877930	1.806641	-0.708008	-2.270508	1.420898
0.710000	1.474609	1.557617	1.430664	-0.615234	1.420898
0.715000	0.039062	-0.507812	0.283203	0.688477	1.420898
0.720000	1.000977	-0.229492	-0.810547	-0.317383	1.420898
0.725000	0.708008	0.888672	-0.107422	-2.167969	1.420898
0.730000	-0.678711	-0.605469	2.983398	2.465820	1.416016
0.735000	2.377930	-2.778320	-1.992188	1.450195	1.420898
0.740000	5.219727	1.015625	-1.562500	-2.050781	1.420898
0.745000	2.441406	2.050781	1.206055	-1.259766	1.420898
0.750000	0.053711	-0.102539	0.771484	0.610352	1.420898
0.755000	0.742188	-0.522461	-0.712891	0.043945	1.420898
0.760000	0.996094	0.688477	-0.380859	-0.947266	1.420898
0.765000	-0.405273	0.463867	2.661133	-1.318359	1.420898
0.770000	1.020508	-3.056641	-0.952148	2.426758	1.420898
0.775000	5.073242	-0.048828	-2.246094	-1.440430	1.420898
0.780000	3.461914	2.280273	0.673828	-1.835938	1.416016
0.785000	0.336914	0.463867	1.186523	0.312500	1.416016
0.790000	0.429688	-0.693359	-0.454102	0.380859	1.420898
0.795000	1.132812	0.385742	-0.625000	-0.800781	1.420898
0.800000	0.019531	0.922852	1.308594	-4.223633	1.416016
0.805000	-0.078125	-2.670898	0.473633	2.973633	1.420898
0.810000	4.409180	-1.220703	-2.578125	-0.498047	1.420898
0.815000	4.379883	2.143555	-0.092773	-2.197266	1.416016
0.820000	0.913086	1.113281	1.416016	-0.175781	1.420898
0.825000	0.156250	-0.659180	-0.053711	0.615234	1.420898
0.830000	1.108398	0.029297	-0.776367	-0.551758	1.416016
0.835000	0.444336	0.957031	0.180664	-3.725586	1.420898
0.840000	-0.629883	-1.577148	2.050781	2.924805	1.416016
0.845000	3.320312	-2.250977	-2.426758	0.639648	1.416016
0.850000	5.019531	1.616211	-0.961914	-2.250977	1.416016
0.855000	1.733398	1.718750	1.391602	-0.795898	1.420898
0.860000	0.019531	-0.410156	0.429688	0.688477	1.420898
0.865000	0.932617	-0.322266	-0.795898	-0.214844	1.420898
0.870000	0.800781	0.844727	-0.180664	-1.425781	1.420898
0.875000	-0.629883	-0.239258	3.085938	2.172852	1.420898
0.880000	1.977539	-2.919922	-1.743164	1.757812	1.420898
0.885000	5.234375	0.732422	-1.787109	-1.914062	1.420898
0.890000	2.729492	2.148438	1.079102	-1.435547	1.416016
0.895000	0.102539	0.043945	0.903320	0.546875	1.416016
0.900000	0.649414	-0.590820	-0.654297	0.146484	1.420898
0.905000	1.049805	0.610352	-0.458984	-0.917969	1.420898
0.910000	-0.288086	0.659180	2.314453	-2.548828	1.420898
0.915000	0.664062	-3.017578	-0.576172	2.631836	1.416016
0.920000	4.941406	-0.385742	-2.387695	-1.201172	1.416016
0.925000	3.745117	2.280273	0.473633	-1.962891	1.420898
0.930000	0.468750	0.649414	1.269531	0.185547	1.420898
0.935000	0.341797	-0.708008	-0.351562	0.463867	1.420898
0.940000	1.142578	0.288086	-0.678711	-0.737305	1.420898
0.945000	0.141602	0.952148	0.917969	-4.365234	1.416016
0.950000	-0.302734	-2.426758	0.927734	3.027344	1.420898
0.955000	4.135742	-1.528320	-2.587891	-0.185547	1.420898
0.960000	4.599609	2.031250	-0.332031	-2.255859	1.420898
0.965000	1.127930	1.293945	1.435547	-0.351562	1.420898
0.970000	0.102539	-0.610352	0.078125	0.659180	1.420898
0.975000	1.074219	-0.073242	-0.795898	-0.463867	1.420898
0.980000	0.556641	0.932617	0.014648	-3.173828	1.420898
0.985000	-0.678711	-1.186523	2.490234	2.778320	1.420898
0.990000	2.949219	-2.490234	-2.280273	0.971680	1.420898
0.995000	5.126953	1.391602	-1.210938	-2.197266	1.420898
1.000000	2.011719	1.865234	1.328125	-0.986328	1.420898
1.005000	0.019531	-0.297852	0.571289	0.673828	1.420898
1.010000	0.859375	-0.405273	-0.776367	-0.112305	1.420898
1.015000	0.888672	0.791016	-0.263672	-0.961914	1.416016
1.020000	-0.561523	0.083008	3.007812	1.079102	1.420898
1.025000	1.582031	-3.017578	-1.450195	2.050781	1.420898
1.030000	5.200195	0.424805	-1.987305	-1.748047	1.420898
1.035000	3.027344	2.221680	0.927734	-1.611328	1.420898
1.040000	0.180664	0.205078	1.030273	0.463867	1.416016
1.045000	0.566406	-0.634766	-0.590820	0.249023	1.420898
1.050000	1.093750	0.527344	-0.532227	-0.878906	1.416016
1.055000	-0.170898	0.795898	1.918945	-3.461914	1.416016
1.060000	0.341797	-2.919922	-0.166016	2.802734	1.420898
1.065000	4.755859	-0.717773	-2.495117	-0.932617	1.420898
1.070000	4.008789	2.250977	0.258789	-2.075195	1.420898
1.075000	0.629883	0.834961	1.342773	0.048828	1.416016
1.080000	0.263672	-0.698242	-0.239258	0.532227	1.420898
1.085000	1.142578	0.185547	-0.722656	-0.668945	1.420898
1.090000	0.268555	0.966797	0.571289	-4.262695	1.420898
1.095000	-0.478516	-2.128906	1.376953	3.027344	1.416016
1.100000	3.818359	-1.840820	-2.553711	0.141602	1.420898
1.105000	4.794922	1.884766	-0.585938	-2.270508	1.420898
1.110000	1.352539	1.479492	1.440430	-0.527344	1.420898
1.115000	0.053711	-0.541992	0.214844	0.678711	1.420898
1.120000	1.025391	-0.175781	-0.805664	-0.366211	1.420898
1.125000	0.659180	0.908203	-0.068359	-2.509766	1.420898
1.130000	-0.688477	-0.786133	2.866211	2.578125	1.420898
1.135000	2.553711	-2.695312	-2.094727	1.293945	1.420898
1.140000	5.205078	1.147461	-1.459961	-2.104492	1.420898
1.145000	2.299805	1.992188	1.245117	-1.171875	1.420898
1.150000	0.034180	-0.170898	0.703125	0.634766	1.420898
1.155000	0.781250	-0.488281	-0.737305	-0.004883	1.420898
1.160000	0.961914	0.727539	-0.341797	-0.952148	1.416016
1.165000	-0.458984	0.356445	2.802734	-0.605469	1.420898
1.170000	1.206055	-3.056641	-1.123047	2.309570	1.420898
1.175000	5.126953	0.107422	-2.167969	-1.552734	1.420898
1.180000	3.320312	2.270508	0.761719	-1.762695	1.420898
1.185000	0.283203	0.375977	1.137695	0.371094	1.420898
1.190000	0.473633	-0.673828	-0.498047	0.336914	1.420898
1.195000	1.127930	0.434570	-0.595703	-0.830078	1.420898
1.200000	-0.043945	0.893555	1.499023	-4.047852	1.420898
1.205000	0.043945	-2.763672	0.263672	2.929688	1.420898
1.210000	4.531250	-1.059570	-2.558594	-0.644531	1.416016
1.215000	4.257812	2.182617	0.024414	-2.167969	1.420898
1.220000	0.815430	1.025391	1.391602	-0.102539	1.420898
1.225000	0.190430	-0.673828	-0.117188	0.595703	1.420898
1.230000	1.123047	0.083008	-0.761719	-0.595703	1.420898
1.235000	0.385742	0.961914	0.292969	-3.940430	1.420898
1.240000	-0.600586	-1.772461	1.831055	2.968750	1.416016
1.245000	3.486328	-2.124023	-2.480469	0.478516	1.420898
1.250000	4.956055	1.708984	-0.839844	-2.265625	1.420898
1.255000	1.611328	1.645508	1.416016	-0.703125	1.420898
1.260000	0.024414	-0.458984	0.356445	0.688477	1.420898
1.265000	0.961914	-0.278320	-0.810547	-0.263672	1.420898
1.270000	0.761719	0.864258	-0.146484	-1.791992	1.420898
1.275000	-0.659180	-0.410156	3.056641	2.319336	1.420898
1.280000	2.172852	-2.856445	-1.865234	1.611328	1.420898
1.285000	5.234375	0.874023	-1.684570	-1.987305	1.420898
1.290000	2.583008	2.104492	1.137695	-1.347656	1.420898
1.295000	0.073242	-0.024414	0.844727	0.581055	1.420898
1.300000	0.698242	-0.556641	-0.683594	0.102539	1.420898
1.305000	1.020508	0.649414	-0.419922	-0.932617	1.420898
1.310000	-0.346680	0.571289	2.485352	-1.997070	1.420898
1.315000	0.834961	-3.046875	-0.751953	2.529297	1.420898
1.320000	5.004883	-0.224609	-2.319336	-1.318359	1.420898
1.325000	3.603516	2.285156	0.571289	-1.904297	1.420898
1.330000	0.400391	0.561523	1.235352	0.253906	1.420898
1.335000	0.385742	-0.698242	-0.400391	0.424805	1.420898
1.340000	1.137695	0.332031	-0.649414	-0.771484	1.420898
1.345000	0.083008	0.942383	1.108398	-4.331055	1.416016
1.350000	-0.200195	-2.548828	0.712891	3.012695	1.420898
1.355000	4.267578	-1.376953	-2.587891	-0.336914	1.416016
1.360000	4.497070	2.089844	-0.219727	-2.231445	1.416016
1.365000	1.020508	1.210938	1.430664	-0.268555	1.420898
1.370000	0.126953	-0.639648	0.014648	0.639648	1.420898
1.375000	1.093750	-0.024414	-0.786133	-0.507812	1.416016
1.380000	0.502930	0.947266	0.087891	-3.452148	1.420898
1.385000	-0.664062	-1.376953	2.275391	2.856445	1.420898
1.390000	3.125000	-2.382812	-2.358398	0.810547	1.420898
1.395000	5.083008	1.508789	-1.093750	-2.226562	1.416016
1.400000	1.879883	1.796875	1.362305	-0.893555	1.416016
1.405000	0.019531	-0.356445	0.502930	0.683594	1.416016
1.410000	0.898438	-0.366211	-0.786133	-0.161133	1.420898
1.415000	0.849609	0.815430	-0.229492	-1.030273	1.420898
1.420000	-0.595703	-0.063477	3.061523	1.928711	1.420898
1.425000	1.767578	-2.973633	-1.591797	1.909180	1.420898
1.430000	5.224609	0.576172	-1.889648	-1.835938	1.420898
1.435000	2.880859	2.187500	1.000977	-1.528320	1.420898
1.440000	0.141602	0.126953	0.971680	0.507812	1.416016
1.445000	0.610352	-0.615234	-0.620117	0.200195	1.420898
1.450000	1.074219	0.571289	-0.493164	-0.898438	1.420898
1.455000	-0.229492	0.737305	2.114258	-3.066406	1.420898
1.460000	0.493164	-2.978516	-0.366211	2.724609	1.420898
1.465000	4.848633	-0.561523	-2.446289	-1.064453	1.420898
1.470000	3.881836	2.270508	0.361328	-2.026367	1.420898
1.475000	0.551758	0.747070	1.308594	0.117188	1.420898
1.480000	0.297852	-0.708008	-0.297852	0.502930	1.420898
1.485000	1.142578	0.234375	-0.703125	-0.703125	1.416016
1.490000	0.209961	0.966797	0.732422	-4.345703	1.420898
1.495000	-0.400391	-2.275391	1.162109	3.037109	1.420898
1.500000	3.979492	-1.694336	-2.573242	-0.014648	1.420898
1.505000	4.702148	1.962891	-0.463867	-2.265625	1.420898
1.510000	1.245117	1.386719	1.435547	-0.444336	1.420898
1.515000	0.073242	-0.581055	0.146484	0.673828	1.416016
1.520000	1.049805	-0.126953	-0.800781	-0.410156	1.420898
1.525000	0.615234	0.927734	-0.034180	-2.836914	1.420898
1.530000	-0.688477	-0.976562	2.700195	2.675781	1.420898
1.535000	2.744141	-2.602539	-2.187500	1.147461	1.420898
1.540000	5.166016	1.264648	-1.333008	-2.153320	1.420898
1.545000	2.158203	1.938477	1.293945	-1.083984	1.420898
1.550000	0.024414	-0.234375	0.644531	0.654297	1.420898
1.555000	0.820312	-0.454102	-0.756836	-0.058594	1.420898
1.560000	0.927734	0.756836	-0.302734	-0.961914	1.420898
1.565000	-0.507812	0.229492	2.915039	0.166016	1.420898
1.570000	1.381836	-3.046875	-1.279297	2.187500	1.420898
1.575000	5.170898	0.263672	-2.084961	-1.650391	1.416016
1.580000	3.178711	2.250977	0.844727	-1.689453	1.420898
1.585000	0.229492	0.292969	1.088867	0.415039	1.420898
1.590000	0.517578	-0.659180	-0.546875	0.297852	1.416016
1.595000	1.113281	0.478516	-0.561523	-0.854492	1.420898
1.600000	-0.102539	0.849609	1.699219	-3.803711	1.416016
1.605000	0.180664	-2.846680	0.053711	2.871094	1.420898
1.610000	4.648438	-0.898438	-2.529297	-0.786133	1.420898
1.615000	4.145508	2.216797	0.136719	-2.124023	1.420898
1.620000	0.722656	0.932617	1.372070	-0.024414	1.420898
1.625000	0.224609	-0.688477	-0.175781	0.571289	1.420898
1.630000	1.132812	0.131836	-0.747070	-0.629883	1.420898
1.635000	0.327148	0.966797	0.419922	-4.121094	1.420898
1.640000	-0.546875	-1.943359	1.616211	3.002930	1.420898
1.645000	3.657227	-1.987305	-2.519531	0.317383	1.420898
1.650000	4.887695	1.801758	-0.712891	-2.275391	1.420898
1.655000	1.484375	1.562500	1.425781	-0.620117	1.420898
1.660000	0.034180	-0.502930	0.292969	0.688477	1.420898
1.665000	1.000977	-0.229492	-0.805664	-0.312500	1.420898
1.670000	0.712891	0.883789	-0.107422	-2.143555	1.420898
1.675000	-0.673828	-0.590820	2.988281	2.456055	1.420898
1.680000	2.358398	-2.783203	-1.977539	1.459961	1.420898
1.685000	5.219727	1.005859	-1.577148	-2.045898	1.420898
1.690000	2.451172	2.055664	1.201172	-1.264648	1.416016
1.695000	0.053711	-0.097656	0.776367	0.615234	1.420898
1.700000	0.737305	-0.527344	-0.712891	0.048828	1.420898
1.705000	0.996094	0.688477	-0.385742	-0.942383	1.420898
1.710000	-0.405273	0.473633	2.646484	-1.367188	1.420898
1.715000	1.015625	-3.056641	-0.932617	2.436523	1.416016
1.720000	5.073242	-0.063477	-2.250977	-1.435547	1.420898
1.725000	3.471680	2.285156	0.664062	-1.840820	1.420898
1.730000	0.341797	0.473633	1.191406	0.312500	1.416016
1.735000	0.424805	-0.688477	-0.454102	0.380859	1.420898
1.740000	1.132812	0.385742	-0.625000	-0.795898	1.420898
1.745000	0.024414	0.927734	1.284180	-4.233398	1.420898
1.750000	-0.087891	-2.661133	0.493164	2.973633	1.420898
1.755000	4.399414	-1.230469	-2.578125	-0.488281	1.420898
1.760000	4.389648	2.143555	-0.097656	-2.202148	1.420898
1.765000	0.917969	1.123047	1.416016	-0.185547	1.420898
1.770000	0.151367	-0.654297	-0.048828	0.615234	1.416016
1.775000	1.113281	0.024414	-0.781250	-0.546875	1.420898
1.780000	0.449219	0.957031	0.175781	-3.706055	1.420898
1.785000	-0.639648	-1.567383	2.065430	2.919922	1.420898
1.790000	3.305664	-2.260742	-2.421875	0.654297	1.420898
1.795000	5.024414	1.606445	-0.971680	-2.250977	1.420898
1.800000	1.748047	1.728516	1.386719	-0.805664	1.416016
1.805000	0.019531	-0.405273	0.434570	0.688477	1.420898
1.810000	0.932617	-0.327148	-0.800781	-0.209961	1.416016
1.815000	0.805664	0.844727	-0.185547	-1.396484	1.420898
1.820000	-0.629883	-0.229492	3.081055	2.163086	1.416016
1.825000	1.958008	-2.924805	-1.733398	1.772461	1.420898
1.830000	5.229492	0.722656	-1.796875	-1.909180	1.420898
1.835000	2.739258	2.153320	1.074219	-1.440430	1.420898
1.840000	0.107422	0.043945	0.908203	0.541992	1.420898
1.845000	0.649414	-0.595703	-0.649414	0.151367	1.416016
1.850000	1.054688	0.610352	-0.458984	-0.913086	1.420898
1.855000	-0.283203	0.664062	2.299805	-2.592773	1.420898
1.860000	0.649414	-3.017578	-0.561523	2.636719	1.420898
1.865000	4.931641	-0.400391	-2.387695	-1.191406	1.420898
1.870000	3.750000	2.285156	0.468750	-1.962891	1.420898
1.875000	0.478516	0.654297	1.269531	0.185547	1.416016
1.880000	0.336914	-0.703125	-0.346680	0.463867	1.420898
1.885000	1.142578	0.283203	-0.673828	-0.737305	1.420898
1.890000	0.151367	0.957031	0.908203	-4.365234	1.420898
1.895000	-0.307617	-2.416992	0.947266	3.027344	1.420898
1.900000	4.125977	-1.547852	-2.583008	-0.175781	1.420898
1.905000	4.604492	2.031250	-0.346680	-2.255859	1.420898
1.910000	1.132812	1.298828	1.435547	-0.351562	1.420898
1.915000	0.097656	-0.610352	0.083008	0.659180	1.416016
1.920000	1.074219	-0.078125	-0.800781	-0.458984	1.420898
1.925000	0.561523	0.937500	0.009766	-3.149414	1.420898
1.930000	-0.688477	-1.176758	2.500000	2.773438	1.420898
1.935000	2.934570	-2.500000	-2.280273	0.986328	1.420898
1.940000	5.131836	1.381836	-1.220703	-2.192383	1.420898
1.945000	2.021484	1.870117	1.333008	-0.991211	1.420898
1.950000	0.019531	-0.297852	0.576172	0.673828	1.420898
1.955000	0.859375	-0.410156	-0.771484	-0.107422	1.420898
1.960000	0.893555	0.786133	-0.268555	-0.961914	1.416016
1.965000	-0.551758	0.092773	3.002930	1.015625	1.416016
1.970000	1.567383	-3.017578	-1.435547	2.055664	1.420898
1.975000	5.200195	0.419922	-1.992188	-1.743164	1.420898
1.980000	3.037109	2.226562	0.922852	-1.616211	1.420898
1.985000	0.185547	0.209961	1.030273	0.468750	1.420898
1.990000	0.561523	-0.634766	-0.585938	0.253906	1.420898
1.995000	1.093750	0.522461	-0.532227	-0.874023	1.420898
2.000000	-0.161133	0.800781	1.904297	-3.491211	1.420898
2.005000	0.327148	-2.915039	-0.151367	2.807617	1.420898
2.010000	4.750977	-0.732422	-2.495117	-0.917969	1.420898
2.015000	4.018555	2.250977	0.249023	-2.080078	1.420898
2.020000	0.634766	0.844727	1.347656	0.048828	1.416016
2.025000	0.258789	-0.698242	-0.234375	0.537109	1.420898
2.030000	1.137695	0.180664	-0.727539	-0.664062	1.420898
2.035000	0.268555	0.961914	0.566406	-4.252930	1.420898
2.040000	-0.483398	-2.109375	1.391602	3.027344	1.420898
2.045000	3.808594	-1.850586	-2.548828	0.156250	1.420898
2.050000	4.799805	1.884766	-0.595703	-2.270508	1.420898
2.055000	1.362305	1.479492	1.435547	-0.537109	1.420898
2.060000	0.053711	-0.541992	0.224609	0.683594	1.420898
2.065000	1.025391	-0.180664	-0.800781	-0.361328	1.420898
2.070000	0.668945	0.908203	-0.073242	-2.485352	1.420898
2.075000	-0.688477	-0.771484	2.875977	2.568359	1.420898
2.080000	2.543945	-2.700195	-2.084961	1.308594	1.416016
2.085000	5.200195	1.137695	-1.464844	-2.104492	1.416016
2.090000	2.309570	2.001953	1.245117	-1.176758	1.420898
2.095000	0.034180	-0.161133	0.712891	0.634766	1.420898
2.100000	0.776367	-0.493164	-0.737305	-0.004883	1.420898
2.105000	0.961914	0.717773	-0.346680	-0.947266	1.420898
2.110000	-0.454102	0.361328	2.788086	-0.664062	1.420898
2.115000	1.191406	-3.061523	-1.108398	2.319336	1.416016
2.120000	5.126953	0.097656	-2.172852	-1.542969	1.416016
2.125000	3.330078	2.270508	0.756836	-1.772461	1.416016
2.130000	0.283203	0.385742	1.142578	0.366211	1.420898
2.135000	0.468750	-0.673828	-0.498047	0.341797	1.420898
2.140000	1.123047	0.429688	-0.600586	-0.825195	1.420898
2.145000	-0.034180	0.893555	1.484375	-4.062500	1.420898
2.150000	0.039062	-2.763672	0.278320	2.934570	1.420898
2.155000	4.526367	-1.069336	-2.558594	-0.634766	1.420898
2.160000	4.272461	2.182617	0.019531	-2.167969	1.416016
2.165000	0.820312	1.030273	1.391602	-0.107422	1.420898
2.170000	0.180664	-0.673828	-0.112305	0.595703	1.420898
2.175000	1.123047	0.073242	-0.761719	-0.590820	1.420898
2.180000	0.390625	0.961914	0.283203	-3.920898	1.420898
2.185000	-0.600586	-1.757812	1.845703	2.968750	1.416016
2.190000	3.476562	-2.133789	-2.475586	0.488281	1.420898
2.195000	4.960938	1.704102	-0.854492	-2.265625	1.420898
2.200000	1.621094	1.650391	1.411133	-0.712891	1.416016
2.205000	0.024414	-0.454102	0.361328	0.688477	1.416016
2.210000	0.961914	-0.278320	-0.805664	-0.263672	1.420898
2.215000	0.761719	0.864258	-0.146484	-1.762695	1.420898
2.220000	-0.649414	-0.395508	3.061523	2.309570	1.420898
2.225000	2.153320	-2.866211	-1.855469	1.621094	1.416016
2.230000	5.234375	0.859375	-1.689453	-1.977539	1.420898
2.235000	2.592773	2.109375	1.132812	-1.357422	1.420898
2.240000	0.083008	-0.019531	0.849609	0.581055	1.420898
2.245000	0.693359	-0.561523	-0.683594	0.102539	1.420898
2.250000	1.025391	0.649414	-0.424805	-0.927734	1.420898
2.255000	-0.346680	0.581055	2.475586	-2.031250	1.420898
2.260000	0.825195	-3.046875	-0.742188	2.539062	1.420898
2.265000	5.004883	-0.234375	-2.329102	-1.308594	1.420898
2.270000	3.618164	2.285156	0.566406	-1.904297	1.416016
2.275000	0.410156	0.566406	1.235352	0.244141	1.420898
2.280000	0.380859	-0.698242	-0.395508	0.429688	1.420898
2.285000	1.142578	0.332031	-0.649414	-0.766602	1.420898
2.290000	0.092773	0.942383	1.088867	-4.340820	1.420898
2.295000	-0.209961	-2.539062	0.722656	3.012695	1.420898
2.300000	4.262695	-1.391602	-2.587891	-0.327148	1.420898
2.305000	4.501953	2.084961	-0.224609	-2.231445	1.416016
2.310000	1.025391	1.215820	1.430664	-0.273438	1.420898
2.315000	0.122070	-0.639648	0.019531	0.639648	1.420898
2.320000	1.088867	-0.024414	-0.786133	-0.498047	1.420898
2.325000	0.507812	0.942383	0.078125	-3.432617	1.420898
2.330000	-0.668945	-1.362305	2.294922	2.846680	1.420898
2.335000	3.115234	-2.387695	-2.358398	0.820312	1.420898
2.340000	5.083008	1.494141	-1.098633	-2.226562	1.420898
2.345000	1.884766	1.801758	1.362305	-0.903320	1.420898
2.350000	0.019531	-0.351562	0.507812	0.678711	1.420898
2.355000	0.893555	-0.371094	-0.786133	-0.156250	1.420898
2.360000	0.854492	0.815430	-0.229492	-1.010742	1.416016
2.365000	-0.595703	-0.058594	3.066406	1.889648	1.420898
2.370000	1.757812	-2.978516	-1.582031	1.918945	1.420898
2.375000	5.219727	0.566406	-1.894531	-1.831055	1.420898
2.380000	2.890625	2.192383	1.000977	-1.533203	1.420898
2.385000	0.136719	0.131836	0.971680	0.507812	1.420898
2.390000	0.605469	-0.620117	-0.620117	0.205078	1.420898
2.395000	1.079102	0.566406	-0.498047	-0.898438	1.425781
2.400000	-0.224609	0.742188	2.094727	-3.095703	1.420898
2.405000	0.483398	-2.973633	-0.351562	2.729492	1.416016
2.410000	4.838867	-0.571289	-2.446289	-1.054688	1.420898
2.415000	3.891602	2.270508	0.356445	-2.026367	1.420898
2.420000	0.556641	0.751953	1.313477	0.112305	1.420898
2.425000	0.297852	-0.703125	-0.292969	0.507812	1.420898
2.430000	1.142578	0.229492	-0.703125	-0.703125	1.416016
2.435000	0.214844	0.966797	0.722656	-4.340820	1.420898
2.440000	-0.410156	-2.270508	1.181641	3.032227	1.416016
2.445000	3.969727	-1.704102	-2.573242	-0.004883	1.420898
2.450000	4.707031	1.958008	-0.473633	-2.265625	1.416016
2.455000	1.250000	1.396484	1.440430	-0.444336	1.420898
2.460000	0.073242	-0.576172	0.156250	0.673828	1.420898
2.465000	1.049805	-0.131836	-0.805664	-0.410156	1.420898
2.470000	0.615234	0.922852	-0.034180	-2.817383	1.420898
2.475000	-0.693359	-0.966797	2.714844	2.670898	1.420898
2.480000	2.734375	-2.607422	-2.182617	1.157227	1.420898
2.485000	5.175781	1.254883	-1.347656	-2.153320	1.420898
2.490000	2.167969	1.938477	1.284180	-1.088867	1.420898
2.495000	0.024414	-0.229492	0.644531	0.649414	1.425781
2.500000	0.815430	-0.454102	-0.751953	-0.053711	1.420898
2.505000	0.932617	0.756836	-0.312500	-0.957031	1.420898
2.510000	-0.502930	0.239258	2.910156	0.112305	1.420898
2.515000	1.367188	-3.046875	-1.269531	2.197266	1.420898
2.520000	5.166016	0.253906	-2.084961	-1.640625	1.420898
2.525000	3.193359	2.250977	0.839844	-1.699219	1.416016
2.530000	0.229492	0.297852	1.088867	0.415039	1.420898
2.535000	0.512695	-0.659180	-0.546875	0.302734	1.416016
2.540000	1.113281	0.473633	-0.566406	-0.849609	1.420898
2.545000	-0.097656	0.854492	1.689453	-3.823242	1.420898
2.550000	0.175781	-2.841797	0.068359	2.875977	1.420898
2.555000	4.643555	-0.903320	-2.529297	-0.776367	1.416016
2.560000	4.155273	2.221680	0.131836	-2.128906	1.420898
2.565000	0.732422	0.937500	1.376953	-0.029297	1.420898
2.570000	0.219727	-0.683594	-0.175781	0.571289	1.420898
2.575000	1.132812	0.126953	-0.747070	-0.625000	1.420898
2.580000	0.336914	0.966797	0.405273	-4.106445	1.420898
2.585000	-0.551758	-1.933594	1.625977	3.007812	1.420898
2.590000	3.647461	-1.997070	-2.514648	0.327148	1.420898
2.595000	4.887695	1.796875	-0.722656	-2.270508	1.420898
2.600000	1.494141	1.567383	1.425781	-0.625000	1.420898
2.605000	0.034180	-0.498047	0.297852	0.693359	1.420898
2.610000	0.996094	-0.234375	-0.810547	-0.307617	1.420898
2.615000	0.717773	0.883789	-0.112305	-2.114258	1.420898
2.620000	-0.673828	-0.576172	3.002930	2.446289	1.416016
2.625000	2.343750	-2.788086	-1.967773	1.474609	1.420898
2.630000	5.224609	0.996094	-1.582031	-2.041016	1.420898
2.635000	2.460938	2.060547	1.191406	-1.269531	1.420898
2.640000	0.058594	-0.092773	0.786133	0.610352	1.420898
2.645000	0.732422	-0.527344	-0.712891	0.053711	1.420898
2.650000	0.996094	0.683594	-0.385742	-0.942383	1.420898
2.655000	-0.400391	0.483398	2.636719	-1.411133	1.420898
2.660000	0.996094	-3.061523	-0.917969	2.441406	1.420898
2.665000	5.063477	-0.078125	-2.255859	-1.425781	1.420898
2.670000	3.481445	2.285156	0.659180	-1.845703	1.420898
2.675000	0.346680	0.478516	1.196289	0.307617	1.420898
2.680000	0.424805	-0.688477	-0.449219	0.385742	1.420898
2.685000	1.137695	0.380859	-0.625000	-0.791016	1.420898
2.690000	0.029297	0.927734	1.274414	-4.238281	1.420898
2.695000	-0.092773	-2.651367	0.512695	2.978516	1.416016
2.700000	4.394531	-1.235352	-2.578125	-0.478516	1.420898
2.705000	4.399414	2.143555	-0.102539	-2.207031	1.420898
2.710000	0.927734	1.132812	1.416016	-0.190430	1.420898
2.715000	0.146484	-0.654297	-0.043945	0.620117	1.420898
2.720000	1.108398	0.024414	-0.781250	-0.546875	1.420898
2.725000	0.454102	0.957031	0.170898	-3.691406	1.420898
2.730000	-0.639648	-1.552734	2.080078	2.910156	1.416016
2.735000	3.291016	-2.265625	-2.412109	0.659180	1.420898
2.740000	5.029297	1.601562	-0.976562	-2.246094	1.420898
2.745000	1.757812	1.733398	1.386719	-0.810547	1.420898
2.750000	0.019531	-0.400391	0.439453	0.688477	1.420898
2.755000	0.927734	-0.327148	-0.795898	-0.205078	1.420898
2.760000	0.810547	0.844727	-0.190430	-1.372070	1.420898
2.765000	-0.625000	-0.214844	3.085938	2.153320	1.420898
2.770000	1.953125	-2.924805	-1.723633	1.777344	1.416016
2.775000	5.234375	0.712891	-1.801758	-1.899414	1.420898
2.780000	2.749023	2.158203	1.069336	-1.450195	1.420898
2.785000	0.107422	0.053711	0.913086	0.546875	1.420898
2.790000	0.649414	-0.590820	-0.644531	0.156250	1.416016
2.795000	1.054688	0.605469	-0.463867	-0.913086	1.420898
2.800000	-0.283203	0.668945	2.285156	-2.631836	1.416016
2.805000	0.639648	-3.012695	-0.546875	2.646484	1.416016
2.810000	4.926758	-0.410156	-2.392578	-1.181641	1.420898
2.815000	3.754883	2.280273	0.458984	-1.967773	1.420898
2.820000	0.483398	0.664062	1.274414	0.180664	1.420898
2.825000	0.332031	-0.703125	-0.346680	0.468750	1.420898
2.830000	1.142578	0.278320	-0.683594	-0.732422	1.416016
2.835000	0.151367	0.957031	0.898438	-4.370117	1.420898
2.840000	-0.312500	-2.407227	0.961914	3.032227	1.416016
2.845000	4.111328	-1.557617	-2.583008	-0.161133	1.420898
2.850000	4.614258	2.026367	-0.351562	-2.255859	1.416016
2.855000	1.142578	1.308594	1.440430	-0.361328	1.416016
2.860000	0.092773	-0.610352	0.087891	0.659180	1.420898
2.865000	1.074219	-0.083008	-0.795898	-0.454102	1.420898
2.870000	0.566406	0.932617	0.009766	-3.125000	1.416016
2.875000	-0.688477	-1.157227	2.514648	2.768555	1.420898
2.880000	2.924805	-2.504883	-2.270508	0.996094	1.420898
2.885000	5.131836	1.376953	-1.230469	-2.187500	1.420898
2.890000	2.036133	1.875000	1.323242	-0.996094	1.420898
2.895000	0.014648	-0.292969	0.581055	0.668945	1.420898
2.900000	0.859375	-0.415039	-0.771484	-0.102539	1.420898
2.905000	0.893555	0.786133	-0.278320	-0.961914	1.420898
2.910000	-0.551758	0.102539	2.998047	0.947266	1.420898
2.915000	1.557617	-3.017578	-1.425781	2.065430	1.420898
2.920000	5.195312	0.405273	-1.997070	-1.738281	1.420898
2.925000	3.046875	2.226562	0.917969	-1.616211	1.420898
2.930000	0.180664	0.219727	1.040039	0.463867	1.420898
2.935000	0.556641	-0.639648	-0.581055	0.253906	1.420898
2.940000	1.093750	0.522461	-0.532227	-0.874023	1.420898
2.945000	-0.156250	0.805664	1.889648	-3.510742	1.420898
2.950000	0.312500	-2.910156	-0.136719	2.817383	1.420898
2.955000	4.741211	-0.747070	-2.495117	-0.913086	1.416016
2.960000	4.023438	2.250977	0.239258	-2.084961	1.416016
2.965000	0.644531	0.849609	1.347656	0.039062	1.420898
2.970000	0.258789	-0.698242	-0.229492	0.541992	1.416016
2.975000	1.142578	0.175781	-0.722656	-0.664062	1.425781
2.980000	0.273438	0.966797	0.556641	-4.248047	1.420898
2.985000	-0.488281	-2.099609	1.406250	3.027344	1.420898
2.990000	3.798828	-1.855469	-2.553711	0.166016	1.425781
2.995000	4.804688	1.875000	-0.600586	-2.270508	1.420898
3.000000	1.367188	1.489258	1.435547	-0.537109	1.420898
3.005000	0.053711	-0.541992	0.229492	0.683594	1.420898
3.010000	1.025391	-0.180664	-0.805664	-0.356445	1.416016
3.015000	0.668945	0.908203	-0.073242	-2.460938	1.420898
3.020000	-0.688477	-0.756836	2.885742	2.558594	1.425781
3.025000	2.529297	-2.709961	-2.080078	1.318359	1.420898
3.030000	5.205078	1.127930	-1.469727	-2.104492	1.420898
3.035000	2.319336	2.006836	1.245117	-1.186523	1.416016
3.040000	0.034180	-0.161133	0.717773	0.634766	1.420898
3.045000	0.771484	-0.493164	-0.727539	0.000000	1.420898
3.050000	0.961914	0.722656	-0.351562	-0.947266	1.416016
3.055000	-0.454102	0.366211	2.778320	-0.717773	1.420898
3.060000	1.176758	-3.056641	-1.103516	2.329102	1.420898
3.065000	5.122070	0.083008	-2.182617	-1.538086	1.420898
3.070000	3.339844	2.270508	0.747070	-1.772461	1.420898
3.075000	0.288086	0.390625	1.147461	0.361328	1.420898
3.080000	0.468750	-0.678711	-0.498047	0.341797	1.420898
3.085000	1.123047	0.424805	-0.600586	-0.820312	1.420898
3.090000	-0.029297	0.893555	1.474609	-4.072266	1.420898
3.095000	0.024414	-2.753906	0.288086	2.939453	1.416016
3.100000	4.516602	-1.079102	-2.558594	-0.625000	1.416016
3.105000	4.282227	2.182617	0.009766	-2.172852	1.420898
3.110000	0.830078	1.035156	1.396484	-0.112305	1.420898
3.115000	0.185547	-0.678711	-0.107422	0.600586	1.420898
3.120000	1.123047	0.068359	-0.766602	-0.585938	1.420898
3.125000	0.395508	0.961914	0.273438	-3.911133	1.420898
3.130000	-0.610352	-1.738281	1.865234	2.968750	1.420898
3.135000	3.461914	-2.138672	-2.470703	0.502930	1.420898
3.140000	4.965820	1.699219	-0.854492	-2.265625	1.420898
3.145000	1.630859	1.655273	1.411133	-0.722656	1.420898
3.150000	0.024414	-0.454102	0.371094	0.693359	1.420898
3.155000	0.961914	-0.288086	-0.800781	-0.258789	1.420898
3.160000	0.766602	0.864258	-0.151367	-1.743164	1.420898
3.165000	-0.649414	-0.385742	3.066406	2.299805	1.420898
3.170000	2.143555	-2.866211	-1.850586	1.630859	1.420898
3.175000	5.234375	0.854492	-1.699219	-1.972656	1.420898
3.180000	2.607422	2.114258	1.132812	-1.367188	1.420898
3.185000	0.078125	-0.019531	0.854492	0.576172	1.416016
3.190000	0.693359	-0.566406	-0.678711	0.107422	1.420898
3.195000	1.025391	0.644531	-0.424805	-0.927734	1.420898
3.200000	-0.336914	0.585938	2.465820	-2.075195	1.420898
3.205000	0.810547	-3.041992	-0.727539	2.548828	1.420898
3.210000	4.995117	-0.249023	-2.329102	-1.303711	1.420898
3.215000	3.627930	2.285156	0.556641	-1.909180	1.420898
3.220000	0.415039	0.571289	1.240234	0.244141	1.416016
3.225000	0.380859	-0.698242	-0.400391	0.434570	1.420898
3.230000	1.142578	0.327148	-0.654297	-0.761719	1.416016
3.235000	0.092773	0.942383	1.079102	-4.345703	1.420898
3.240000	-0.214844	-2.534180	0.742188	3.012695	1.420898
3.245000	4.248047	-1.401367	-2.587891	-0.317383	1.420898
3.250000	4.506836	2.084961	-0.229492	-2.231445	1.420898
3.255000	1.035156	1.225586	1.430664	-0.278320	1.420898
3.260000	0.122070	-0.634766	0.024414	0.644531	1.420898
3.265000	1.083984	-0.029297	-0.786133	-0.498047	1.416016
3.270000	0.512695	0.947266	0.078125	-3.417969	1.420898
3.275000	-0.668945	-1.347656	2.309570	2.846680	1.420898
3.280000	3.100586	-2.392578	-2.348633	0.839844	1.420898
3.285000	5.087891	1.489258	-1.113281	-2.221680	1.420898
3.290000	1.894531	1.806641	1.357422	-0.908203	1.416016
3.295000	0.014648	-0.346680	0.512695	0.678711	1.420898
3.300000	0.888672	-0.375977	-0.781250	-0.156250	1.416016
3.305000	0.854492	0.815430	-0.234375	-1.000977	1.416016
3.310000	-0.595703	-0.048828	3.056641	1.850586	1.420898
3.315000	1.748047	-2.983398	-1.572266	1.928711	1.420898
3.320000	5.219727	0.556641	-1.899414	-1.826172	1.420898
3.325000	2.905273	2.192383	0.996094	-1.538086	1.420898
3.330000	0.146484	0.136719	0.981445	0.507812	1.416016
3.335000	0.605469	-0.620117	-0.620117	0.209961	1.420898
3.340000	1.079102	0.561523	-0.502930	-0.893555	1.420898
3.345000	-0.219727	0.747070	2.084961	-3.129883	1.420898
3.350000	0.473633	-2.973633	-0.336914	2.739258	1.420898
3.355000	4.833984	-0.581055	-2.451172	-1.044922	1.420898
3.360000	3.896484	2.265625	0.346680	-2.036133	1.420898
3.365000	0.561523	0.756836	1.318359	0.112305	1.420898
3.370000	0.292969	-0.703125	-0.288086	0.507812	1.420898
3.375000	1.142578	0.229492	-0.708008	-0.698242	1.420898
3.380000	0.219727	0.961914	0.708008	-4.335938	1.420898
3.385000	-0.410156	-2.250977	1.196289	3.032227	1.420898
3.390000	3.955078	-1.713867	-2.573242	0.004883	1.420898
3.395000	4.711914	1.953125	-0.483398	-2.265625	1.420898
3.400000	1.259766	1.401367	1.440430	-0.454102	1.420898
3.405000	0.068359	-0.571289	0.156250	0.673828	1.416016
3.410000	1.049805	-0.136719	-0.805664	-0.400391	1.420898
3.415000	0.620117	0.927734	-0.039062	-2.797852	1.420898
3.420000	-0.693359	-0.957031	2.724609	2.666016	1.420898
3.425000	2.719727	-2.617188	-2.177734	1.166992	1.416016
3.430000	5.175781	1.250000	-1.352539	-2.148438	1.416016
3.435000	2.177734	1.943359	1.279297	-1.093750	1.420898
3.440000	0.024414	-0.229492	0.644531	0.654297	1.420898
3.445000	0.815430	-0.458984	-0.751953	-0.048828	1.420898
3.450000	0.932617	0.751953	-0.312500	-0.957031	1.416016
3.455000	-0.502930	0.244141	2.900391	0.053711	1.416016
3.460000	1.352539	-3.046875	-1.259766	2.202148	1.416016
3.465000	5.161133	0.239258	-2.094727	-1.635742	1.416016
3.470000	3.203125	2.255859	0.834961	-1.699219	1.416016
3.475000	0.234375	0.302734	1.093750	0.410156	1.420898
3.480000	0.507812	-0.659180	-0.537109	0.302734	1.416016
3.485000	1.113281	0.473633	-0.566406	-0.849609	1.416016
3.490000	-0.092773	0.859375	1.669922	-3.842773	1.420898
3.495000	0.166016	-2.841797	0.083008	2.880859	1.420898
3.500000	4.633789	-0.917969	-2.534180	-0.766602	1.420898
3.505000	4.160156	2.216797	0.122070	-2.133789	1.420898
3.510000	0.732422	0.947266	1.372070	-0.039062	1.420898
3.515000	0.219727	-0.688477	-0.166016	0.571289	1.420898
3.520000	1.127930	0.122070	-0.747070	-0.625000	1.420898
3.525000	0.336914	0.966797	0.400391	-4.096680	1.420898
3.530000	-0.556641	-1.918945	1.640625	2.998047	1.420898
3.535000	3.637695	-2.006836	-2.509766	0.336914	1.420898
3.540000	4.892578	1.787109	-0.732422	-2.265625	1.420898
3.545000	1.503906	1.572266	1.425781	-0.629883	1.416016
3.550000	0.034180	-0.498047	0.297852	0.693359	1.420898
3.555000	0.991211	-0.234375	-0.805664	-0.307617	1.416016
3.560000	0.717773	0.883789	-0.112305	-2.084961	1.416016
3.565000	-0.673828	-0.566406	2.998047	2.431641	1.416016
3.570000	2.333984	-2.797852	-1.967773	1.484375	1.420898
3.575000	5.224609	0.986328	-1.591797	-2.036133	1.416016
3.580000	2.470703	2.060547	1.191406	-1.279297	1.420898
3.585000	0.053711	-0.087891	0.786133	0.610352	1.420898
3.590000	0.732422	-0.532227	-0.708008	0.053711	1.420898
3.595000	1.000977	0.678711	-0.390625	-0.942383	1.420898
3.600000	-0.395508	0.488281	2.622070	-1.455078	1.420898
3.605000	0.986328	-3.056641	-0.908203	2.446289	1.425781
3.610000	5.063477	-0.083008	-2.260742	-1.425781	1.420898
3.615000	3.491211	2.280273	0.654297	-1.850586	1.420898
3.620000	0.346680	0.483398	1.201172	0.297852	1.420898
3.625000	0.424805	-0.688477	-0.444336	0.390625	1.420898
3.630000	1.132812	0.375977	-0.625000	-0.791016	1.420898
3.635000	0.029297	0.927734	1.264648	-4.248047	1.416016
3.640000	-0.102539	-2.646484	0.522461	2.983398	1.420898
3.645000	4.384766	-1.245117	-2.578125	-0.468750	1.420898
3.650000	4.404297	2.138672	-0.112305	-2.207031	1.416016
3.655000	0.932617	1.132812	1.416016	-0.200195	1.420898
3.660000	0.146484	-0.654297	-0.039062	0.620117	1.420898
3.665000	1.108398	0.019531	-0.781250	-0.541992	1.420898
3.670000	0.458984	0.957031	0.161133	-3.671875	1.420898
3.675000	-0.644531	-1.542969	2.089844	2.910156	1.420898
3.680000	3.276367	-2.280273	-2.412109	0.668945	1.420898
3.685000	5.029297	1.591797	-0.986328	-2.246094	1.416016
3.690000	1.767578	1.733398	1.391602	-0.820312	1.420898
3.695000	0.014648	-0.395508	0.444336	0.683594	1.420898
3.700000	0.932617	-0.332031	-0.795898	-0.205078	1.420898
3.705000	0.810547	0.839844	-0.195312	-1.342773	1.420898
3.710000	-0.625000	-0.205078	3.081055	2.138672	1.420898
3.715000	1.938477	-2.934570	-1.713867	1.787109	1.420898
3.720000	5.234375	0.703125	-1.811523	-1.894531	1.420898
3.725000	2.758789	2.158203	1.064453	-1.455078	1.420898
3.730000	0.107422	0.058594	0.917969	0.541992	1.420898
3.735000	0.644531	-0.595703	-0.644531	0.156250	1.420898
3.740000	1.054688	0.605469	-0.463867	-0.913086	1.420898
3.745000	-0.278320	0.673828	2.275391	-2.661133	1.420898
3.750000	0.634766	-3.012695	-0.527344	2.646484	1.420898
3.755000	4.921875	-0.419922	-2.392578	-1.176758	1.420898
3.760000	3.764648	2.275391	0.449219	-1.972656	1.416016
3.765000	0.488281	0.668945	1.274414	0.175781	1.416016
3.770000	0.336914	-0.703125	-0.341797	0.468750	1.420898
3.775000	1.142578	0.278320	-0.683594	-0.727539	1.420898
3.780000	0.156250	0.957031	0.883789	-4.365234	1.416016
3.785000	-0.322266	-2.397461	0.971680	3.027344	1.420898
3.790000	4.101562	-1.562500	-2.583008	-0.151367	1.425781
3.795000	4.619141	2.016602	-0.361328	-2.255859	1.420898
3.800000	1.152344	1.318359	1.435547	-0.371094	1.420898
3.805000	0.092773	-0.605469	0.092773	0.659180	1.420898
3.810000	1.069336	-0.083008	-0.795898	-0.449219	1.420898
3.815000	0.566406	0.932617	0.004883	-3.105469	1.420898
3.820000	-0.683594	-1.147461	2.529297	2.763672	1.416016
3.825000	2.910156	-2.509766	-2.265625	1.005859	1.420898
3.830000	5.136719	1.367188	-1.235352	-2.187500	1.420898
3.835000	2.041016	1.879883	1.318359	-1.005859	1.420898
3.840000	0.014648	-0.288086	0.590820	0.668945	1.425781
3.845000	0.849609	-0.419922	-0.771484	-0.097656	1.420898
3.850000	0.898438	0.781250	-0.273438	-0.966797	1.420898
3.855000	-0.546875	0.112305	2.993164	0.888672	1.416016
3.860000	1.542969	-3.017578	-1.416016	2.080078	1.420898
3.865000	5.200195	0.395508	-2.011719	-1.728516	1.420898
3.870000	3.056641	2.226562	0.913086	-1.625977	1.420898
3.875000	0.190430	0.224609	1.040039	0.458984	1.420898
3.880000	0.556641	-0.639648	-0.581055	0.253906	1.420898
3.885000	1.098633	0.517578	-0.537109	-0.869141	1.420898
3.890000	-0.151367	0.810547	1.875000	-3.535156	1.420898
3.895000	0.307617	-2.910156	-0.122070	2.817383	1.420898
3.900000	4.736328	-0.756836	-2.500000	-0.908203	1.420898
3.905000	4.038086	2.246094	0.234375	-2.084961	1.420898
3.910000	0.649414	0.854492	1.352539	0.034180	1.420898
3.915000	0.258789	-0.698242	-0.229492	0.537109	1.420898
3.920000	1.142578	0.175781	-0.727539	-0.659180	1.420898
3.925000	0.278320	0.966797	0.537109	-4.238281	1.420898
3.930000	-0.493164	-2.089844	1.420898	3.022461	1.420898
3.935000	3.789062	-1.870117	-2.548828	0.175781	1.420898
3.940000	4.809570	1.875000	-0.615234	-2.270508	1.420898
3.945000	1.381836	1.494141	1.435547	-0.546875	1.420898
3.950000	0.048828	-0.537109	0.234375	0.683594	1.420898
3.955000	1.020508	-0.185547	-0.805664	-0.356445	1.416016
3.960000	0.668945	0.903320	-0.078125	-2.436523	1.420898
3.965000	-0.683594	-0.747070	2.895508	2.548828	1.416016
3.970000	2.514648	-2.714844	-2.075195	1.328125	1.420898
3.975000	5.205078	1.118164	-1.479492	-2.094727	1.416016
3.980000	2.329102	2.011719	1.245117	-1.191406	1.420898
3.985000	0.039062	-0.156250	0.722656	0.629883	1.420898
3.990000	0.771484	-0.498047	-0.732422	0.004883	1.420898
3.995000	0.971680	0.717773	-0.351562	-0.942383	1.420898
4.000000	-0.449219	0.375977	2.768555	-0.766602	1.420898
4.005000	1.162109	-3.061523	-1.079102	2.333984	1.416016
4.010000	5.117188	0.068359	-2.187500	-1.528320	1.416016
4.015000	3.349609	2.275391	0.742188	-1.777344	1.420898
4.020000	0.292969	0.395508	1.147461	0.356445	1.420898
4.025000	0.463867	-0.678711	-0.493164	0.346680	1.420898
4.030000	1.127930	0.424805	-0.600586	-0.825195	1.416016
4.035000	-0.029297	0.898438	1.459961	-4.091797	1.420898
4.040000	0.024414	-2.749023	0.312500	2.944336	1.420898
4.045000	4.506836	-1.093750	-2.558594	-0.615234	1.416016
4.050000	4.287109	2.182617	0.000000	-2.172852	1.416016
4.055000	0.834961	1.044922	1.401367	-0.117188	1.416016
4.060000	0.180664	-0.673828	-0.102539	0.600586	1.416016
4.065000	1.118164	0.068359	-0.766602	-0.585938	1.416016
4.070000	0.400391	0.961914	0.268555	-3.896484	1.420898
4.075000	-0.610352	-1.723633	1.879883	2.958984	1.420898
4.080000	3.452148	-2.153320	-2.470703	0.512695	1.420898
4.085000	4.970703	1.689453	-0.864258	-2.265625	1.420898
4.090000	1.630859	1.660156	1.406250	-0.727539	1.416016
4.095000	0.024414	-0.449219	0.366211	0.693359	1.416016
4.100000	0.961914	-0.288086	-0.800781	-0.253906	1.420898
4.105000	0.766602	0.859375	-0.156250	-1.708984	1.420898
4.110000	-0.649414	-0.375977	3.061523	2.290039	1.420898
4.115000	2.128906	-2.875977	-1.840820	1.645508	1.420898
4.120000	5.234375	0.839844	-1.708984	-1.967773	1.420898
4.125000	2.617188	2.114258	1.123047	-1.372070	1.420898
4.130000	0.083008	-0.014648	0.854492	0.576172	1.420898
4.135000	0.688477	-0.566406	-0.678711	0.107422	1.420898
4.140000	1.030273	0.639648	-0.429688	-0.927734	1.420898
4.145000	-0.336914	0.590820	2.456055	-2.119141	1.416016
4.150000	0.800781	-3.046875	-0.717773	2.553711	1.420898
4.155000	4.995117	-0.253906	-2.338867	-1.293945	1.420898
4.160000	3.642578	2.285156	0.551758	-1.914062	1.420898
4.165000	0.419922	0.576172	1.240234	0.239258	1.416016
4.170000	0.375977	-0.703125	-0.395508	0.434570	1.420898
4.175000	1.142578	0.327148	-0.659180	-0.766602	1.420898
4.180000	0.097656	0.947266	1.064453	-4.345703	1.425781
4.185000	-0.229492	-2.519531	0.756836	3.012695	1.420898
4.190000	4.243164	-1.411133	-2.587891	-0.307617	1.420898
4.195000	4.516602	2.075195	-0.239258	-2.231445	1.420898
4.200000	1.044922	1.230469	1.430664	-0.288086	1.420898
4.205000	0.117188	-0.634766	0.029297	0.644531	1.420898
4.210000	1.088867	-0.039062	-0.786133	-0.493164	1.420898
4.215000	0.512695	0.942383	0.068359	-3.393555	1.420898
4.220000	-0.668945	-1.333008	2.324219	2.841797	1.420898
4.225000	3.085938	-2.407227	-2.343750	0.844727	1.420898
4.230000	5.087891	1.479492	-1.118164	-2.221680	1.420898
4.235000	1.909180	1.816406	1.357422	-0.913086	1.420898
4.240000	0.014648	-0.341797	0.517578	0.683594	1.420898
4.245000	0.888672	-0.380859	-0.786133	-0.151367	1.420898
4.250000	0.859375	0.805664	-0.234375	-0.986328	1.420898
4.255000	-0.590820	-0.034180	3.056641	1.787109	1.420898
4.260000	1.733398	-2.983398	-1.567383	1.943359	1.420898
4.265000	5.219727	0.546875	-1.914062	-1.821289	1.420898
4.270000	2.915039	2.197266	0.991211	-1.547852	1.420898
4.275000	0.146484	0.141602	0.981445	0.502930	1.420898
4.280000	0.600586	-0.625000	-0.615234	0.209961	1.420898
4.285000	1.083984	0.561523	-0.502930	-0.893555	1.420898
4.290000	-0.214844	0.751953	2.065430	-3.159180	1.420898
4.295000	0.458984	-2.963867	-0.322266	2.744141	1.420898
4.300000	4.833984	-0.595703	-2.456055	-1.040039	1.416016
4.305000	3.906250	2.265625	0.336914	-2.036133	1.416016
4.310000	0.566406	0.761719	1.313477	0.107422	1.420898
4.315000	0.292969	-0.703125	-0.283203	0.507812	1.420898
4.320000	1.142578	0.224609	-0.703125	-0.693359	1.416016
4.325000	0.219727	0.966797	0.698242	-4.331055	1.420898
4.330000	-0.419922	-2.241211	1.210938	3.032227	1.420898
4.335000	3.945312	-1.728516	-2.568359	0.019531	1.420898
4.340000	4.721680	1.943359	-0.493164	-2.265625	1.420898
4.345000	1.264648	1.411133	1.440430	-0.463867	1.420898
4.350000	0.068359	-0.571289	0.161133	0.673828	1.420898
4.355000	1.044922	-0.136719	-0.805664	-0.400391	1.420898
4.360000	0.620117	0.922852	-0.039062	-2.773438	1.420898
4.365000	-0.693359	-0.937500	2.744141	2.661133	1.420898
4.370000	2.705078	-2.622070	-2.172852	1.181641	1.420898
4.375000	5.175781	1.240234	-1.357422	-2.143555	1.420898
4.380000	2.187500	1.948242	1.279297	-1.098633	1.420898
4.385000	0.024414	-0.219727	0.654297	0.649414	1.420898
4.390000	0.810547	-0.458984	-0.751953	-0.043945	1.420898
4.395000	0.937500	0.751953	-0.312500	-0.952148	1.420898
4.400000	-0.498047	0.258789	2.890625	-0.009766	1.420898
4.405000	1.337891	-3.046875	-1.250000	2.211914	1.416016
4.410000	5.156250	0.234375	-2.104492	-1.625977	1.416016
4.415000	3.208008	2.255859	0.825195	-1.708984	1.416016
4.420000	0.239258	0.312500	1.098633	0.405273	1.420898
4.425000	0.507812	-0.664062	-0.537109	0.302734	1.420898
4.430000	1.113281	0.468750	-0.571289	-0.849609	1.416016
4.435000	-0.087891	0.854492	1.660156	-3.862305	1.416016
4.440000	0.151367	-2.832031	0.102539	2.885742	1.420898
4.445000	4.619141	-0.932617	-2.534180	-0.751953	1.420898
4.450000	4.169922	2.216797	0.112305	-2.138672	1.420898
4.455000	0.737305	0.957031	1.376953	-0.043945	1.416016
4.460000	0.219727	-0.683594	-0.166016	0.576172	1.420898
4.465000	1.132812	0.117188	-0.747070	-0.620117	1.420898
4.470000	0.341797	0.966797	0.390625	-4.082031	1.420898
4.475000	-0.556641	-1.904297	1.665039	2.998047	1.420898
4.480000	3.623047	-2.016602	-2.514648	0.351562	1.420898
4.485000	4.902344	1.782227	-0.742188	-2.270508	1.420898
4.490000	1.513672	1.577148	1.425781	-0.634766	1.420898
4.495000	0.029297	-0.493164	0.302734	0.693359	1.420898
4.500000	0.991211	-0.239258	-0.805664	-0.302734	1.420898
4.505000	0.727539	0.883789	-0.117188	-2.055664	1.420898
4.510000	-0.668945	-0.551758	3.002930	2.426758	1.420898
4.515000	2.319336	-2.797852	-1.953125	1.499023	1.420898
4.520000	5.229492	0.976562	-1.596680	-2.036133	1.416016
4.525000	2.480469	2.065430	1.186523	-1.284180	1.416016
4.530000	0.058594	-0.083008	0.795898	0.610352	1.420898
4.535000	0.727539	-0.537109	-0.703125	0.063477	1.420898
4.540000	1.000977	0.683594	-0.395508	-0.942383	1.416016
4.545000	-0.395508	0.493164	2.612305	-1.508789	1.420898
4.550000	0.971680	-3.056641	-0.898438	2.460938	1.420898
4.555000	5.053711	-0.097656	-2.265625	-1.411133	1.420898
4.560000	3.500977	2.280273	0.644531	-1.855469	1.420898
4.565000	0.356445	0.493164	1.201172	0.297852	1.420898
4.570000	0.419922	-0.693359	-0.444336	0.395508	1.420898
4.575000	1.137695	0.371094	-0.629883	-0.786133	1.420898
4.580000	0.039062	0.927734	1.250000	-4.257812	1.420898
4.585000	-0.112305	-2.641602	0.537109	2.983398	1.416016
4.590000	4.379883	-1.259766	-2.583008	-0.458984	1.420898
4.595000	4.409180	2.133789	-0.122070	-2.207031	1.425781
4.600000	0.937500	1.142578	1.420898	-0.200195	1.420898
4.605000	0.146484	-0.654297	-0.039062	0.620117	1.420898
4.610000	1.103516	0.014648	-0.781250	-0.541992	1.420898
4.615000	0.458984	0.952148	0.156250	-3.652344	1.420898
4.620000	-0.644531	-1.528320	2.114258	2.910156	1.420898
4.625000	3.266602	-2.285156	-2.412109	0.683594	1.420898
4.630000	5.034180	1.586914	-1.000977	-2.246094	1.420898
4.635000	1.772461	1.743164	1.386719	-0.825195	1.420898
4.640000	0.019531	-0.395508	0.454102	0.688477	1.420898
4.645000	0.922852	-0.332031	-0.795898	-0.200195	1.420898
4.650000	0.815430	0.839844	-0.195312	-1.318359	1.420898
4.655000	-0.625000	-0.195312	3.085938	2.128906	1.416016
4.660000	1.918945	-2.939453	-1.699219	1.806641	1.416016
4.665000	5.229492	0.688477	-1.826172	-1.889648	1.420898
4.670000	2.768555	2.163086	1.059570	-1.464844	1.420898
4.675000	0.112305	0.063477	0.922852	0.537109	1.420898
4.680000	0.639648	-0.595703	-0.639648	0.156250	1.420898
4.685000	1.059570	0.600586	-0.473633	-0.908203	1.420898
4.690000	-0.278320	0.678711	2.265625	-2.700195	1.420898
4.695000	0.625000	-3.007812	-0.522461	2.656250	1.420898
4.700000	4.916992	-0.434570	-2.402344	-1.166992	1.420898
4.705000	3.774414	2.280273	0.444336	-1.982422	1.420898
4.710000	0.488281	0.678711	1.279297	0.170898	1.416016
4.715000	0.336914	-0.703125	-0.336914	0.473633	1.420898
4.720000	1.147461	0.273438	-0.683594	-0.727539	1.420898
4.725000	0.166016	0.957031	0.869141	-4.365234	1.420898
4.730000	-0.332031	-2.382812	0.986328	3.027344	1.420898
4.735000	4.091797	-1.577148	-2.578125	-0.136719	1.420898
4.740000	4.628906	2.016602	-0.371094	-2.255859	1.420898
4.745000	1.157227	1.323242	1.435547	-0.375977	1.420898
4.750000	0.092773	-0.605469	0.092773	0.659180	1.420898
4.755000	1.064453	-0.087891	-0.795898	-0.449219	1.420898
4.760000	0.576172	0.927734	0.004883	-3.085938	1.420898
4.765000	-0.683594	-1.132812	2.543945	2.753906	1.420898
4.770000	2.890625	-2.519531	-2.255859	1.020508	1.420898
4.775000	5.141602	1.362305	-1.245117	-2.182617	1.420898
4.780000	2.050781	1.884766	1.318359	-1.010742	1.420898
4.785000	0.019531	-0.283203	0.590820	0.668945	1.420898
4.790000	0.854492	-0.419922	-0.771484	-0.092773	1.420898
4.795000	0.898438	0.781250	-0.273438	-0.961914	1.420898
4.800000	-0.546875	0.122070	2.988281	0.830078	1.420898
4.805000	1.528320	-3.022461	-1.401367	2.084961	1.416016
4.810000	5.195312	0.380859	-2.016602	-1.718750	1.420898
4.815000	3.066406	2.231445	0.908203	-1.630859	1.420898
4.820000	0.190430	0.229492	1.044922	0.454102	1.420898
4.825000	0.551758	-0.644531	-0.581055	0.258789	1.420898
4.830000	1.098633	0.512695	-0.537109	-0.874023	1.420898
4.835000	-0.146484	0.815430	1.855469	-3.564453	1.416016
4.840000	0.297852	-2.900391	-0.107422	2.822266	1.420898
4.845000	4.726562	-0.766602	-2.500000	-0.898438	1.420898
4.850000	4.047852	2.246094	0.224609	-2.089844	1.420898
4.855000	0.654297	0.864258	1.352539	0.029297	1.420898
4.860000	0.253906	-0.693359	-0.219727	0.541992	1.416016
4.865000	1.142578	0.170898	-0.727539	-0.654297	1.420898
4.870000	0.288086	0.966797	0.527344	-4.233398	1.420898
4.875000	-0.498047	-2.075195	1.445312	3.022461	1.420898
4.880000	3.774414	-1.879883	-2.543945	0.185547	1.420898
4.885000	4.814453	1.865234	-0.620117	-2.270508	1.416016
4.890000	1.386719	1.494141	1.430664	-0.556641	1.416016
4.895000	0.048828	-0.532227	0.244141	0.683594	1.420898
4.900000	1.020508	-0.195312	-0.805664	-0.351562	1.416016
4.905000	0.678711	0.903320	-0.078125	-2.412109	1.416016
4.910000	-0.688477	-0.737305	2.910156	2.543945	1.420898
4.915000	2.504883	-2.719727	-2.060547	1.342773	1.420898
4.920000	5.209961	1.103516	-1.489258	-2.089844	1.420898
4.925000	2.338867	2.011719	1.235352	-1.201172	1.420898
4.930000	0.043945	-0.151367	0.732422	0.629883	1.416016
4.935000	0.766602	-0.498047	-0.727539	0.009766	1.420898
4.940000	0.966797	0.717773	-0.356445	-0.947266	1.420898
4.945000	-0.444336	0.385742	2.758789	-0.825195	1.420898
4.950000	1.152344	-3.061523	-1.069336	2.343750	1.420898
4.955000	5.112305	0.063477	-2.187500	-1.518555	1.420898
4.960000	3.364258	2.275391	0.732422	-1.782227	1.420898
4.965000	0.297852	0.405273	1.157227	0.351562	1.420898
4.970000	0.463867	-0.678711	-0.488281	0.356445	1.420898
4.975000	1.127930	0.419922	-0.605469	-0.820312	1.420898
4.980000	-0.024414	0.903320	1.440430	-4.111328	1.420898
4.985000	0.009766	-2.739258	0.327148	2.944336	1.420898
4.990000	4.501953	-1.108398	-2.563477	-0.605469	1.420898
4.995000	4.296875	2.177734	-0.009766	-2.177734	1.416016
5.000000	0.844727	1.054688	1.401367	-0.126953	1.420898
5.005000	0.180664	-0.673828	-0.097656	0.605469	1.416016
5.010000	1.123047	0.063477	-0.766602	-0.581055	1.420898
5.015000	0.400391	0.957031	0.258789	-3.881836	1.420898
5.020000	-0.615234	-1.713867	1.899414	2.954102	1.420898
5.025000	3.442383	-2.163086	-2.465820	0.527344	1.416016
5.030000	4.975586	1.684570	-0.874023	-2.265625	1.416016
5.035000	1.645508	1.665039	1.406250	-0.737305	1.420898
5.040000	0.019531	-0.444336	0.380859	0.688477	1.416016
5.045000	0.957031	-0.288086	-0.800781	-0.249023	1.420898
5.050000	0.771484	0.859375	-0.156250	-1.679688	1.420898
5.055000	-0.644531	-0.361328	3.066406	2.275391	1.420898
5.060000	2.109375	-2.875977	-1.831055	1.655273	1.420898
5.065000	5.234375	0.830078	-1.713867	-1.962891	1.420898
5.070000	2.626953	2.119141	1.123047	-1.381836	1.420898
5.075000	0.083008	-0.004883	0.859375	0.571289	1.416016
5.080000	0.678711	-0.571289	-0.678711	0.112305	1.416016
5.085000	1.035156	0.639648	-0.429688	-0.927734	1.420898
5.090000	-0.332031	0.600586	2.441406	-2.172852	1.420898
5.095000	0.786133	-3.041992	-0.698242	2.563477	1.416016
5.100000	4.990234	-0.273438	-2.338867	-1.284180	1.420898
5.105000	3.652344	2.285156	0.541992	-1.918945	1.416016
5.110000	0.424805	0.585938	1.245117	0.234375	1.420898
5.115000	0.371094	-0.703125	-0.385742	0.439453	1.416016
5.120000	1.142578	0.322266	-0.664062	-0.766602	1.416016
5.125000	0.102539	0.947266	1.049805	-4.350586	1.420898
5.130000	-0.234375	-2.514648	0.776367	3.017578	1.420898
5.135000	4.233398	-1.425781	-2.587891	-0.288086	1.420898
5.140000	4.526367	2.075195	-0.253906	-2.236328	1.420898
5.145000	1.049805	1.235352	1.430664	-0.288086	1.420898
5.150000	0.117188	-0.629883	0.034180	0.644531	1.420898
5.155000	1.088867	-0.039062	-0.791016	-0.488281	1.416016
5.160000	0.522461	0.942383	0.063477	-3.369141	1.420898
5.165000	-0.668945	-1.313477	2.343750	2.836914	1.420898
5.170000	3.071289	-2.412109	-2.333984	0.859375	1.420898
5.175000	5.092773	1.469727	-1.127930	-2.216797	1.420898
5.180000	1.914062	1.821289	1.352539	-0.922852	1.416016
5.185000	0.014648	-0.336914	0.522461	0.683594	1.420898
5.190000	0.888672	-0.385742	-0.781250	-0.146484	1.420898
5.195000	0.859375	0.805664	-0.239258	-0.971680	1.420898
5.200000	-0.585938	-0.019531	3.051758	1.704102	1.420898
5.205000	1.713867	-2.983398	-1.552734	1.953125	1.420898
5.210000	5.214844	0.532227	-1.923828	-1.811523	1.420898
5.215000	2.924805	2.202148	0.981445	-1.552734	1.420898
5.220000	0.151367	0.151367	0.986328	0.498047	1.420898
5.225000	0.595703	-0.625000	-0.615234	0.214844	1.420898
5.230000	1.079102	0.556641	-0.502930	-0.888672	1.425781
5.235000	-0.209961	0.756836	2.055664	-3.193359	1.416016
5.240000	0.444336	-2.968750	-0.307617	2.749023	1.420898
5.245000	4.824219	-0.610352	-2.456055	-1.025391	1.420898
5.250000	3.920898	2.265625	0.332031	-2.041016	1.420898
5.255000	0.576172	0.776367	1.318359	0.097656	1.420898
5.260000	0.292969	-0.703125	-0.278320	0.517578	1.420898
5.265000	1.142578	0.224609	-0.708008	-0.693359	1.416016
5.270000	0.224609	0.966797	0.683594	-4.326172	1.420898
5.275000	-0.424805	-2.231445	1.230469	3.032227	1.425781
5.280000	3.930664	-1.738281	-2.573242	0.029297	1.420898
5.285000	4.731445	1.938477	-0.507812	-2.265625	1.420898
5.290000	1.274414	1.416016	1.435547	-0.463867	1.420898
5.295000	0.068359	-0.566406	0.170898	0.673828	1.420898
5.300000	1.040039	-0.146484	-0.810547	-0.395508	1.420898
5.305000	0.625000	0.922852	-0.039062	-2.744141	1.420898
5.310000	-0.693359	-0.922852	2.758789	2.651367	1.420898
5.315000	2.690430	-2.631836	-2.167969	1.196289	1.420898
5.320000	5.185547	1.230469	-1.372070	-2.143555	1.416016
5.325000	2.197266	1.953125	1.274414	-1.113281	1.420898
5.330000	0.024414	-0.214844	0.659180	0.649414	1.416016
5.335000	0.810547	-0.463867	-0.751953	-0.039062	1.416016
5.340000	0.937500	0.747070	-0.317383	-0.957031	1.416016
5.345000	-0.498047	0.273438	2.880859	-0.083008	1.420898
5.350000	1.323242	-3.051758	-1.230469	2.226562	1.420898
5.355000	5.156250	0.214844	-2.109375	-1.621094	1.416016
5.360000	3.222656	2.255859	0.820312	-1.708984	1.420898
5.365000	0.244141	0.317383	1.103516	0.400391	1.416016
5.370000	0.502930	-0.668945	-0.532227	0.307617	1.420898
5.375000	1.118164	0.468750	-0.576172	-0.844727	1.420898
5.380000	-0.083008	0.864258	1.645508	-3.886719	1.416016
5.385000	0.136719	-2.822266	0.117188	2.895508	1.420898
5.390000	4.614258	-0.947266	-2.539062	-0.742188	1.420898
5.395000	4.179688	2.211914	0.102539	-2.138672	1.420898
5.400000	0.747070	0.961914	1.376953	-0.053711	1.420898
5.405000	0.214844	-0.683594	-0.161133	0.576172	1.420898
5.410000	1.127930	0.112305	-0.751953	-0.620117	1.420898
5.415000	0.351562	0.966797	0.380859	-4.072266	1.420898
5.420000	-0.566406	-1.889648	1.674805	2.998047	1.416016
5.425000	3.613281	-2.026367	-2.509766	0.366211	1.416016
5.430000	4.907227	1.777344	-0.751953	-2.270508	1.416016
5.435000	1.523438	1.586914	1.420898	-0.644531	1.420898
5.440000	0.029297	-0.488281	0.312500	0.693359	1.420898
5.445000	0.991211	-0.244141	-0.805664	-0.292969	1.420898
5.450000	0.727539	0.883789	-0.122070	-2.031250	1.416016
5.455000	-0.668945	-0.537109	3.017578	2.412109	1.420898
5.460000	2.304688	-2.807617	-1.943359	1.513672	1.416016
5.465000	5.224609	0.966797	-1.606445	-2.026367	1.420898
5.470000	2.490234	2.070312	1.176758	-1.293945	1.420898
5.475000	0.058594	-0.078125	0.795898	0.605469	1.420898
5.480000	0.727539	-0.537109	-0.708008	0.063477	1.416016
5.485000	1.000977	0.673828	-0.400391	-0.942383	1.420898
5.490000	-0.390625	0.507812	2.602539	-1.567383	1.420898
5.495000	0.957031	-3.056641	-0.883789	2.465820	1.425781
5.500000	5.053711	-0.107422	-2.275391	-1.396484	1.420898
5.505000	3.515625	2.285156	0.634766	-1.865234	1.420898
5.510000	0.356445	0.498047	1.201172	0.297852	1.420898
5.515000	0.415039	-0.688477	-0.439453	0.395508	1.420898
5.520000	1.137695	0.366211	-0.629883	-0.786133	1.416016
5.525000	0.043945	0.927734	1.235352	-4.272461	1.416016
5.530000	-0.122070	-2.626953	0.561523	2.988281	1.420898
5.535000	4.365234	-1.274414	-2.583008	-0.444336	1.420898
5.540000	4.418945	2.128906	-0.131836	-2.211914	1.420898
5.545000	0.947266	1.147461	1.420898	-0.209961	1.420898
5.550000	0.141602	-0.659180	-0.034180	0.625000	1.420898
5.555000	1.108398	0.004883	-0.781250	-0.537109	1.416016
5.560000	0.463867	0.957031	0.151367	-3.632812	1.420898
5.565000	-0.644531	-1.503906	2.128906	2.900391	1.420898
5.570000	3.247070	-2.299805	-2.402344	0.703125	1.420898
5.575000	5.043945	1.577148	-1.010742	-2.241211	1.420898
5.580000	1.787109	1.748047	1.381836	-0.830078	1.420898
5.585000	0.014648	-0.390625	0.454102	0.688477	1.420898
5.590000	0.922852	-0.336914	-0.795898	-0.195312	1.420898
5.595000	0.820312	0.834961	-0.200195	-1.284180	1.420898
5.600000	-0.620117	-0.180664	3.081055	2.119141	1.420898
5.605000	1.904297	-2.939453	-1.689453	1.816406	1.420898
5.610000	5.234375	0.678711	-1.835938	-1.884766	1.420898
5.615000	2.783203	2.167969	1.054688	-1.464844	1.420898
5.620000	0.112305	0.068359	0.932617	0.541992	1.420898
5.625000	0.639648	-0.600586	-0.639648	0.166016	1.420898
5.630000	1.059570	0.600586	-0.473633	-0.913086	1.416016
5.635000	-0.268555	0.683594	2.246094	-2.744141	1.420898
5.640000	0.605469	-3.007812	-0.502930	2.666016	1.416016
5.645000	4.912109	-0.444336	-2.407227	-1.157227	1.420898
5.650000	3.789062	2.280273	0.434570	-1.987305	1.420898
5.655000	0.502930	0.678711	1.284180	0.161133	1.420898
5.660000	0.327148	-0.703125	-0.332031	0.478516	1.425781
5.665000	1.147461	0.268555	-0.683594	-0.727539	1.420898
5.670000	0.166016	0.961914	0.854492	-4.365234	1.420898
5.675000	-0.341797	-2.373047	1.010742	3.032227	1.420898
5.680000	4.077148	-1.586914	-2.578125	-0.126953	1.420898
5.685000	4.638672	2.006836	-0.380859	-2.260742	1.420898
5.690000	1.166992	1.328125	1.440430	-0.380859	1.416016
5.695000	0.087891	-0.600586	0.102539	0.664062	1.420898
5.700000	1.064453	-0.092773	-0.800781	-0.444336	1.420898
5.705000	0.576172	0.927734	-0.004883	-3.056641	1.420898
5.710000	-0.688477	-1.113281	2.563477	2.749023	1.420898
5.715000	2.875977	-2.529297	-2.250977	1.035156	1.420898
5.720000	5.146484	1.352539	-1.254883	-2.182617	1.420898
5.725000	2.065430	1.889648	1.318359	-1.020508	1.420898
5.730000	0.019531	-0.278320	0.595703	0.664062	1.420898
5.735000	0.849609	-0.424805	-0.771484	-0.087891	1.420898
5.740000	0.903320	0.776367	-0.278320	-0.961914	1.420898
5.745000	-0.541992	0.136719	2.973633	0.756836	1.420898
5.750000	1.513672	-3.032227	-1.396484	2.099609	1.420898
5.755000	5.195312	0.371094	-2.021484	-1.718750	1.420898
5.760000	3.076172	2.231445	0.908203	-1.635742	1.420898
5.765000	0.195312	0.239258	1.049805	0.454102	1.420898
5.770000	0.546875	-0.644531	-0.576172	0.263672	1.416016
5.775000	1.103516	0.512695	-0.546875	-0.869141	1.420898
5.780000	-0.141602	0.815430	1.840820	-3.593750	1.420898
5.785000	0.283203	-2.900391	-0.087891	2.827148	1.420898
5.790000	4.716797	-0.786133	-2.500000	-0.878906	1.416016
5.795000	4.052734	2.241211	0.219727	-2.094727	1.420898
5.800000	0.664062	0.869141	1.352539	0.024414	1.420898
5.805000	0.249023	-0.693359	-0.219727	0.546875	1.420898
5.810000	1.137695	0.161133	-0.732422	-0.654297	1.416016
5.815000	0.288086	0.966797	0.517578	-4.218750	1.420898
5.820000	-0.507812	-2.060547	1.459961	3.022461	1.420898
5.825000	3.764648	-1.894531	-2.543945	0.205078	1.420898
5.830000	4.824219	1.860352	-0.629883	-2.270508	1.420898
5.835000	1.401367	1.508789	1.435547	-0.561523	1.420898
5.840000	0.048828	-0.532227	0.239258	0.688477	1.425781
5.845000	1.015625	-0.195312	-0.805664	-0.346680	1.420898
5.850000	0.683594	0.903320	-0.083008	-2.382812	1.420898
5.855000	-0.688477	-0.717773	2.915039	2.529297	1.420898
5.860000	2.490234	-2.724609	-2.055664	1.357422	1.420898
5.865000	5.209961	1.098633	-1.494141	-2.084961	1.420898
5.870000	2.353516	2.016602	1.235352	-1.206055	1.420898
5.875000	0.043945	-0.146484	0.737305	0.625000	1.420898
5.880000	0.766602	-0.507812	-0.727539	0.014648	1.420898
5.885000	0.971680	0.708008	-0.356445	-0.942383	1.420898
5.890000	-0.439453	0.395508	2.744141	-0.893555	1.420898
5.895000	1.132812	-3.056641	-1.054688	2.353516	1.420898
5.900000	5.107422	0.043945	-2.202148	-1.508789	1.420898
5.905000	3.369141	2.270508	0.727539	-1.791992	1.420898
5.910000	0.297852	0.410156	1.157227	0.346680	1.420898
5.915000	0.454102	-0.678711	-0.483398	0.356445	1.420898
5.920000	1.123047	0.415039	-0.610352	-0.820312	1.416016
5.925000	-0.019531	0.903320	1.420898	-4.121094	1.416016
5.930000	0.000000	-2.729492	0.346680	2.949219	1.416016
5.935000	4.487305	-1.118164	-2.568359	-0.590820	1.420898
5.940000	4.311523	2.172852	-0.019531	-2.182617	1.420898
5.945000	0.849609	1.054688	1.406250	-0.126953	1.420898
5.950000	0.175781	-0.673828	-0.097656	0.610352	1.420898
5.955000	1.118164	0.058594	-0.766602	-0.576172	1.420898
5.960000	0.410156	0.957031	0.249023	-3.862305	1.420898
5.965000	-0.615234	-1.699219	1.914062	2.954102	1.420898
5.970000	3.427734	-2.172852	-2.460938	0.537109	1.420898
5.975000	4.980469	1.679688	-0.883789	-2.265625	1.420898
5.980000	1.655273	1.674805	1.406250	-0.737305	1.416016
5.985000	0.024414	-0.439453	0.385742	0.693359	1.420898
5.990000	0.957031	-0.292969	-0.800781	-0.244141	1.420898
5.995000	0.781250	0.854492	-0.166016	-1.645508	1.420898
6.000000	-0.644531	-0.341797	3.066406	2.260742	1.420898
6.005000	2.094727	-2.880859	-1.826172	1.669922	1.420898
6.010000	5.234375	0.820312	-1.723633	-1.962891	1.416016
6.015000	2.641602	2.124023	1.118164	-1.386719	1.420898
6.020000	0.083008	0.000000	0.869141	0.571289	1.416016
6.025000	0.678711	-0.571289	-0.668945	0.117188	1.416016
6.030000	1.035156	0.634766	-0.434570	-0.922852	1.416016
6.035000	-0.322266	0.605469	2.431641	-2.211914	1.420898
6.040000	0.771484	-3.037109	-0.683594	2.568359	1.416016
6.045000	4.980469	-0.288086	-2.348633	-1.274414	1.420898
6.050000	3.662109	2.285156	0.537109	-1.923828	1.420898
6.055000	0.424805	0.590820	1.245117	0.229492	1.420898
6.060000	0.371094	-0.698242	-0.380859	0.439453	1.420898
6.065000	1.142578	0.317383	-0.659180	-0.761719	1.416016
6.070000	0.102539	0.947266	1.035156	-4.350586	1.420898
6.075000	-0.239258	-2.500000	0.791016	3.017578	1.420898
6.080000	4.223633	-1.435547	-2.587891	-0.278320	1.420898
6.085000	4.541016	2.070312	-0.263672	-2.236328	1.420898
6.090000	1.059570	1.245117	1.430664	-0.297852	1.420898
6.095000	0.112305	-0.629883	0.034180	0.649414	1.420898
6.100000	1.083984	-0.043945	-0.791016	-0.488281	1.420898
6.105000	0.522461	0.942383	0.058594	-3.344727	1.420898
6.110000	-0.673828	-1.298828	2.358398	2.827148	1.420898
6.115000	3.061523	-2.421875	-2.329102	0.874023	1.420898
6.120000	5.097656	1.459961	-1.137695	-2.216797	1.420898
6.125000	1.928711	1.826172	1.352539	-0.932617	1.420898
6.130000	0.014648	-0.332031	0.532227	0.683594	1.420898
6.135000	0.883789	-0.385742	-0.786133	-0.141602	1.420898
6.140000	0.864258	0.805664	-0.244141	-0.966797	1.420898
6.145000	-0.585938	-0.009766	3.041992	1.625977	1.416016
6.150000	1.699219	-2.993164	-1.542969	1.962891	1.420898
6.155000	5.214844	0.517578	-1.928711	-1.801758	1.420898
6.160000	2.934570	2.202148	0.981445	-1.557617	1.416016
6.165000	0.151367	0.156250	0.991211	0.493164	1.420898
6.170000	0.590820	-0.629883	-0.610352	0.219727	1.420898
6.175000	1.079102	0.551758	-0.507812	-0.888672	1.420898
6.180000	-0.205078	0.761719	2.041016	-3.222656	1.420898
6.185000	0.429688	-2.958984	-0.292969	2.753906	1.420898
6.190000	4.814453	-0.625000	-2.465820	-1.010742	1.420898
6.195000	3.930664	2.260742	0.322266	-2.041016	1.420898
6.200000	0.581055	0.781250	1.318359	0.097656	1.420898
6.205000	0.288086	-0.698242	-0.273438	0.512695	1.420898
6.210000	1.142578	0.209961	-0.712891	-0.693359	1.420898
6.215000	0.229492	0.966797	0.668945	-4.316406	1.420898
6.220000	-0.429688	-2.216797	1.245117	3.032227	1.420898
6.225000	3.920898	-1.752930	-2.568359	0.039062	1.420898
6.230000	4.736328	1.933594	-0.512695	-2.265625	1.420898
6.235000	1.284180	1.420898	1.440430	-0.473633	1.420898
6.240000	0.068359	-0.566406	0.175781	0.678711	1.420898
6.245000	1.040039	-0.146484	-0.805664	-0.395508	1.420898
6.250000	0.629883	0.922852	-0.043945	-2.719727	1.416016
6.255000	-0.693359	-0.903320	2.768555	2.641602	1.420898
6.260000	2.675781	-2.636719	-2.153320	1.206055	1.420898
6.265000	5.180664	1.220703	-1.381836	-2.133789	1.420898
6.270000	2.211914	1.958008	1.274414	-1.118164	1.420898
6.275000	0.024414	-0.214844	0.668945	0.649414	1.420898
6.280000	0.810547	-0.468750	-0.751953	-0.034180	1.420898
6.285000	0.942383	0.747070	-0.317383	-0.957031	1.416016
6.290000	-0.488281	0.278320	2.871094	-0.141602	1.420898
6.295000	1.308594	-3.051758	-1.220703	2.231445	1.420898
6.300000	5.151367	0.200195	-2.119141	-1.606445	1.420898
6.305000	3.232422	2.255859	0.810547	-1.718750	1.420898
6.310000	0.249023	0.327148	1.103516	0.605469	1.420898
6.315000	0.732422	-0.532227	-0.708008	0.058594	1.420898
6.320000	1.000977	0.683594	-0.390625	-0.942383	1.425781
6.325000	-0.395508	0.488281	2.612305	-1.489258	1.416016
6.330000	0.976562	-3.056641	-0.903320	2.451172	1.420898
6.335000	5.053711	-0.092773	-2.260742	-1.411133	1.420898
6.340000	3.496094	2.280273	0.649414	-1.850586	1.420898
6.345000	0.351562	0.488281	1.201172	0.302734	1.416016
6.350000	0.419922	-0.693359	-0.444336	0.390625	1.420898
6.355000	1.137695	0.371094	-0.629883	-0.795898	1.420898
6.360000	0.034180	0.927734	1.254883	-4.252930	1.420898
6.365000	-0.107422	-2.641602	0.532227	2.983398	1.416016
6.370000	4.375000	-1.250000	-2.583008	-0.463867	1.416016
6.375000	4.404297	2.133789	-0.112305	-2.207031	1.420898
6.380000	0.932617	1.137695	1.416016	-0.200195	1.420898
6.385000	0.146484	-0.654297	-0.039062	0.620117	1.420898
6.390000	1.108398	0.014648	-0.781250	-0.541992	1.425781
6.395000	0.458984	0.952148	0.161133	-3.657227	1.420898
6.400000	-0.639648	-1.528320	2.109375	2.910156	1.420898
6.405000	3.266602	-2.280273	-2.407227	0.678711	1.420898
6.410000	5.034180	1.586914	-0.991211	-2.241211	1.420898
6.415000	1.767578	1.738281	1.391602	-0.820312	1.420898
6.420000	0.019531	-0.400391	0.439453	0.683594	1.425781
6.425000	0.927734	-0.327148	-0.795898	-0.200195	1.420898
6.430000	0.815430	0.839844	-0.195312	-1.323242	1.420898
6.435000	-0.620117	-0.195312	3.081055	2.128906	1.420898
6.440000	1.918945	-2.934570	-1.704102	1.791992	1.420898
6.445000	5.229492	0.693359	-1.816406	-1.889648	1.420898
6.450000	2.763672	2.158203	1.059570	-1.459961	1.416016
6.455000	0.107422	0.063477	0.917969	0.541992	1.420898
6.460000	0.639648	-0.595703	-0.644531	0.161133	1.420898
6.465000	1.059570	0.600586	-0.468750	-0.908203	1.425781
6.470000	-0.278320	0.678711	2.265625	-2.685547	1.420898
6.475000	0.625000	-3.012695	-0.522461	2.651367	1.420898
6.480000	4.916992	-0.429688	-2.392578	-1.166992	1.420898
6.485000	3.769531	2.275391	0.444336	-1.977539	1.420898
6.490000	0.488281	0.668945	1.279297	0.170898	1.420898
6.495000	0.327148	-0.703125	-0.336914	0.473633	1.420898
6.500000	1.147461	0.278320	-0.683594	-0.727539	1.420898
6.505000	0.161133	0.957031	0.874023	-4.365234	1.416016
6.510000	-0.327148	-2.382812	0.991211	3.022461	1.420898
6.515000	4.091797	-1.572266	-2.583008	-0.141602	1.420898
6.520000	4.624023	2.011719	-0.366211	-2.255859	1.420898
6.525000	1.152344	1.318359	1.440430	-0.371094	1.416016
6.530000	0.092773	-0.605469	0.092773	0.664062	1.420898
6.535000	1.064453	-0.087891	-0.795898	-0.454102	1.420898
6.540000	0.571289	0.932617	0.000000	-3.090820	1.420898
6.545000	-0.688477	-1.132812	2.534180	2.753906	1.420898
6.550000	2.890625	-2.514648	-2.260742	1.015625	1.420898
6.555000	5.136719	1.362305	-1.245117	-2.182617	1.420898
6.560000	2.045898	1.879883	1.313477	-1.010742	1.420898
6.565000	0.019531	-0.283203	0.590820	0.668945	1.416016
6.570000	0.854492	-0.419922	-0.766602	-0.097656	1.420898
6.575000	0.898438	0.781250	-0.278320	-0.961914	1.416016
6.580000	-0.551758	0.117188	2.988281	0.854492	1.420898
6.585000	1.533203	-3.022461	-1.411133	2.080078	1.425781
6.590000	5.190430	0.390625	-2.011719	-1.723633	1.420898
6.595000	3.061523	2.226562	0.913086	-1.625977	1.425781
6.600000	0.190430	0.229492	1.035156	0.454102	1.420898
6.605000	0.551758	-0.639648	-0.576172	0.258789	1.420898
6.610000	1.098633	0.517578	-0.537109	-0.869141	1.420898
6.615000	-0.151367	0.810547	1.860352	-3.554688	1.420898
6.620000	0.297852	-2.900391	-0.107422	2.817383	1.420898
6.625000	4.721680	-0.766602	-2.495117	-0.898438	1.420898
6.630000	4.038086	2.241211	0.229492	-2.089844	1.420898
6.635000	0.654297	0.859375	1.352539	0.029297	1.420898
6.640000	0.253906	-0.693359	-0.224609	0.546875	1.420898
6.645000	1.142578	0.170898	-0.732422	-0.654297	1.420898
6.650000	0.283203	0.966797	0.532227	-4.228516	1.420898
6.655000	-0.498047	-2.075195	1.430664	3.022461	1.420898
6.660000	3.774414	-1.879883	-2.543945	0.185547	1.420898
6.665000	4.814453	1.865234	-0.615234	-2.270508	1.416016
6.670000	1.386719	1.499023	1.430664	-0.551758	1.420898
6.675000	0.048828	-0.537109	0.239258	0.683594	1.420898
6.680000	1.015625	-0.190430	-0.805664	-0.351562	1.416016
6.685000	0.678711	0.908203	-0.078125	-2.421875	1.420898
6.690000	-0.688477	-0.742188	2.895508	2.543945	1.420898
6.695000	2.509766	-2.719727	-2.060547	1.333008	1.420898
6.700000	5.205078	1.108398	-1.484375	-2.089844	1.420898
6.705000	2.338867	2.011719	1.240234	-1.191406	1.420898
6.710000	0.039062	-0.151367	0.727539	0.629883	1.420898
6.715000	0.771484	-0.498047	-0.727539	0.009766	1.420898
6.720000	0.971680	0.717773	-0.351562	-0.947266	1.416016
6.725000	-0.449219	0.380859	2.758789	-0.810547	1.420898
6.730000	1.152344	-3.056641	-1.074219	2.338867	1.420898
6.735000	5.112305	0.063477	-2.187500	-1.518555	1.420898
6.740000	3.354492	2.270508	0.737305	-1.782227	1.420898
6.745000	0.292969	0.400391	1.157227	0.351562	1.416016
6.750000	0.463867	-0.678711	-0.488281	0.351562	1.416016
6.755000	1.127930	0.424805	-0.605469	-0.820312	1.420898
6.760000	-0.019531	0.898438	1.440430	-4.101562	1.416016
6.765000	0.009766	-2.739258	0.322266	2.939453	1.416016
6.770000	4.497070	-1.103516	-2.563477	-0.605469	1.420898
6.775000	4.291992	2.177734	-0.009766	-2.177734	1.420898
6.780000	0.839844	1.049805	1.396484	-0.126953	1.420898
6.785000	0.180664	-0.673828	-0.102539	0.600586	1.420898
6.790000	1.118164	0.063477	-0.766602	-0.581055	1.420898
6.795000	0.400391	0.961914	0.263672	-3.881836	1.420898
6.800000	-0.610352	-1.713867	1.884766	2.954102	1.420898
6.805000	3.442383	-2.158203	-2.460938	0.517578	1.420898
6.810000	4.970703	1.684570	-0.869141	-2.260742	1.420898
6.815000	1.645508	1.665039	1.406250	-0.732422	1.416016
6.820000	0.019531	-0.444336	0.380859	0.693359	1.420898
6.825000	0.957031	-0.288086	-0.800781	-0.249023	1.416016
6.830000	0.771484	0.859375	-0.161133	-1.684570	1.420898
6.835000	-0.644531	-0.356445	3.066406	2.275391	1.420898
6.840000	2.109375	-2.875977	-1.831055	1.655273	1.420898
6.845000	5.224609	0.830078	-1.713867	-1.962891	1.416016
6.850000	2.622070	2.114258	1.118164	-1.376953	1.420898
6.855000	0.083008	-0.009766	0.859375	0.571289	1.420898
6.860000	0.683594	-0.571289	-0.673828	0.107422	1.420898
6.865000	1.030273	0.634766	-0.434570	-0.922852	1.420898
6.870000	-0.332031	0.595703	2.441406	-2.148438	1.420898
6.875000	0.786133	-3.041992	-0.703125	2.558594	1.420898
6.880000	4.985352	-0.268555	-2.338867	-1.284180	1.420898
6.885000	3.642578	2.280273	0.551758	-1.918945	1.420898
6.890000	0.419922	0.581055	1.240234	0.234375	1.420898
6.895000	0.375977	-0.698242	-0.390625	0.439453	1.420898
6.900000	1.142578	0.322266	-0.654297	-0.761719	1.420898
6.905000	0.102539	0.942383	1.049805	-4.345703	1.425781
6.910000	-0.229492	-2.514648	0.771484	3.012695	1.420898
6.915000	4.238281	-1.420898	-2.583008	-0.297852	1.420898
6.920000	4.521484	2.075195	-0.244141	-2.231445	1.420898
6.925000	1.049805	1.235352	1.430664	-0.292969	1.420898
6.930000	0.117188	-0.629883	0.034180	0.644531	1.420898
6.935000	1.088867	-0.039062	-0.791016	-0.493164	1.420898
6.940000	0.522461	0.942383	0.063477	-3.369141	1.420898
6.945000	-0.668945	-1.313477	2.338867	2.832031	1.420898
6.950000	3.071289	-2.412109	-2.333984	0.859375	1.416016
6.955000	5.092773	1.469727	-1.127930	-2.211914	1.420898
6.960000	1.914062	1.821289	1.357422	-0.922852	1.420898
6.965000	0.014648	-0.336914	0.522461	0.678711	1.420898
6.970000	0.888672	-0.380859	-0.786133	-0.146484	1.420898
6.975000	0.859375	0.805664	-0.239258	-0.971680	1.420898
6.980000	-0.585938	-0.029297	3.051758	1.718750	1.420898
6.985000	1.713867	-2.983398	-1.552734	1.948242	1.420898
6.990000	5.209961	0.532227	-1.923828	-1.811523	1.416016
6.995000	2.919922	2.197266	0.986328	-1.547852	1.420898
7.000000	0.151367	0.151367	0.986328	0.498047	1.420898
7.005000	0.595703	-0.629883	-0.610352	0.214844	1.420898
7.010000	1.083984	0.556641	-0.502930	-0.888672	1.420898
7.015000	-0.214844	0.756836	2.060547	-3.178711	1.420898
7.020000	0.449219	-2.963867	-0.307617	2.744141	1.420898
7.025000	4.829102	-0.605469	-2.456055	-1.030273	1.416016
7.030000	3.916016	2.260742	0.332031	-2.041016	1.416016
7.035000	0.576172	0.771484	1.318359	0.102539	1.420898
7.040000	0.292969	-0.698242	-0.278320	0.512695	1.416016
7.045000	1.142578	0.224609	-0.708008	-0.693359	1.416016
7.050000	0.229492	0.966797	0.683594	-4.321289	1.416016
7.055000	-0.424805	-2.231445	1.225586	3.027344	1.420898
7.060000	3.930664	-1.733398	-2.568359	0.029297	1.420898
7.065000	4.726562	1.938477	-0.498047	-2.265625	1.416016
7.070000	1.269531	1.416016	1.435547	-0.468750	1.420898
7.075000	0.063477	-0.571289	0.166016	0.673828	1.420898
7.080000	1.044922	-0.141602	-0.805664	-0.395508	1.420898
7.085000	0.625000	0.922852	-0.048828	-2.753906	1.420898
7.090000	-0.688477	-0.927734	2.749023	2.651367	1.420898
7.095000	2.690430	-2.626953	-2.167969	1.191406	1.416016
7.100000	5.175781	1.235352	-1.367188	-2.143555	1.420898
7.105000	2.192383	1.953125	1.279297	-1.108398	1.420898
7.110000	0.029297	-0.219727	0.659180	0.649414	1.416016
7.115000	0.810547	-0.468750	-0.751953	-0.043945	1.420898
7.120000	0.937500	0.747070	-0.317383	-0.957031	1.416016
7.125000	-0.493164	0.263672	2.880859	-0.053711	1.420898
7.130000	1.328125	-3.051758	-1.240234	2.221680	1.420898
7.135000	5.156250	0.219727	-2.109375	-1.621094	1.420898
7.140000	3.212891	2.255859	0.825195	-1.708984	1.420898
7.145000	0.244141	0.317383	1.098633	0.405273	1.420898
7.150000	0.507812	-0.664062	-0.532227	0.302734	1.420898
7.155000	1.113281	0.463867	-0.576172	-0.844727	1.420898
7.160000	-0.083008	0.864258	1.650391	-3.876953	1.420898
7.165000	0.141602	-2.822266	0.112305	2.885742	1.420898
7.170000	4.609375	-0.942383	-2.534180	-0.747070	1.420898
7.175000	4.169922	2.211914	0.107422	-2.138672	1.416016
7.180000	0.747070	0.961914	1.376953	-0.048828	1.420898
7.185000	0.214844	-0.688477	-0.161133	0.576172	1.416016
7.190000	1.127930	0.117188	-0.751953	-0.620117	1.420898
7.195000	0.341797	0.966797	0.380859	-4.072266	1.416016
7.200000	-0.561523	-1.894531	1.669922	2.998047	1.420898
7.205000	3.608398	-2.026367	-2.504883	0.361328	1.420898
7.210000	4.902344	1.777344	-0.751953	-2.265625	1.420898
7.215000	1.518555	1.586914	1.420898	-0.644531	1.420898
7.220000	0.029297	-0.488281	0.312500	0.688477	1.420898
7.225000	0.986328	-0.239258	-0.805664	-0.297852	1.420898
7.230000	0.727539	0.888672	-0.122070	-2.041016	1.420898
7.235000	-0.668945	-0.537109	3.012695	2.416992	1.420898
7.240000	2.304688	-2.802734	-1.948242	1.503906	1.416016
7.245000	5.219727	0.971680	-1.601562	-2.026367	1.420898
7.250000	2.485352	2.070312	1.181641	-1.289062	1.420898
7.255000	0.058594	-0.083008	0.795898	0.605469	1.416016
7.260000	0.727539	-0.537109	-0.703125	0.058594	1.420898
7.265000	1.000977	0.673828	-0.395508	-0.937500	1.420898
7.270000	-0.385742	0.502930	2.602539	-1.557617	1.416016
7.275000	0.957031	-3.051758	-0.883789	2.460938	1.420898
7.280000	5.048828	-0.107422	-2.275391	-1.396484	1.420898
7.285000	3.510742	2.280273	0.639648	-1.860352	1.420898
7.290000	0.356445	0.498047	1.201172	0.292969	1.420898
7.295000	0.415039	-0.693359	-0.439453	0.395508	1.420898
7.300000	1.137695	0.371094	-0.634766	-0.791016	1.420898
7.305000	0.039062	0.927734	1.240234	-4.262695	1.420898
7.310000	-0.122070	-2.631836	0.551758	2.988281	1.420898
7.315000	4.365234	-1.269531	-2.578125	-0.449219	1.420898
7.320000	4.414062	2.128906	-0.126953	-2.207031	1.420898
7.325000	0.947266	1.147461	1.416016	-0.205078	1.416016
7.330000	0.146484	-0.654297	-0.034180	0.625000	1.420898
7.335000	1.103516	0.009766	-0.781250	-0.537109	1.420898
7.340000	0.463867	0.957031	0.151367	-3.637695	1.420898
7.345000	-0.644531	-1.513672	2.128906	2.900391	1.420898
7.350000	3.251953	-2.290039	-2.402344	0.693359	1.420898
7.355000	5.039062	1.577148	-1.005859	-2.241211	1.420898
7.360000	1.782227	1.743164	1.381836	-0.830078	1.420898
7.365000	0.019531	-0.390625	0.454102	0.683594	1.420898
7.370000	0.922852	-0.336914	-0.795898	-0.195312	1.420898
7.375000	0.820312	0.834961	-0.195312	-1.289062	1.420898
7.380000	-0.620117	-0.180664	3.076172	2.114258	1.416016
7.385000	1.904297	-2.939453	-1.694336	1.811523	1.420898
7.390000	5.224609	0.678711	-1.826172	-1.879883	1.420898
7.395000	2.778320	2.163086	1.049805	-1.469727	1.420898
7.400000	0.117188	0.073242	0.922852	0.537109	1.420898
7.405000	0.634766	-0.595703	-0.639648	0.166016	1.420898
7.410000	1.059570	0.600586	-0.473633	-0.908203	1.416016
7.415000	-0.273438	0.683594	2.250977	-2.729492	1.420898
7.420000	0.605469	-3.007812	-0.507812	2.661133	1.420898
7.425000	4.912109	-0.444336	-2.402344	-1.157227	1.420898
7.430000	3.784180	2.275391	0.439453	-1.982422	1.416016
7.435000	0.493164	0.673828	1.279297	0.170898	1.420898
7.440000	0.332031	-0.703125	-0.332031	0.473633	1.420898
7.445000	1.142578	0.273438	-0.688477	-0.727539	1.420898
7.450000	0.166016	0.957031	0.854492	-4.360352	1.420898
7.455000	-0.336914	-2.377930	1.005859	3.027344	1.420898
7.460000	4.082031	-1.582031	-2.578125	-0.126953	1.416016
7.465000	4.633789	2.006836	-0.380859	-2.260742	1.420898
7.470000	1.162109	1.328125	1.435547	-0.380859	1.420898
7.475000	0.092773	-0.600586	0.102539	0.664062	1.420898
7.480000	1.064453	-0.092773	-0.795898	-0.444336	1.420898
7.485000	0.576172	0.927734	-0.004883	-3.061523	1.416016
7.490000	-0.688477	-1.118164	2.553711	2.744141	1.420898
7.495000	2.880859	-2.524414	-2.250977	1.030273	1.420898
7.500000	5.136719	1.352539	-1.254883	-2.182617	1.416016
7.505000	2.060547	1.889648	1.318359	-1.015625	1.420898
7.510000	0.019531	-0.278320	0.595703	0.668945	1.420898
7.515000	0.849609	-0.424805	-0.766602	-0.092773	1.420898
7.520000	0.903320	0.776367	-0.278320	-0.961914	1.420898
7.525000	-0.541992	0.131836	2.978516	0.771484	1.416016
7.530000	1.513672	-3.027344	-1.391602	2.094727	1.420898
7.535000	5.190430	0.375977	-2.016602	-1.718750	1.420898
7.540000	3.071289	2.231445	0.903320	-1.635742	1.420898
7.545000	0.195312	0.234375	1.049805	0.454102	1.420898
7.550000	0.546875	-0.644531	-0.571289	0.263672	1.420898
7.555000	1.098633	0.512695	-0.541992	-0.869141	1.420898
7.560000	-0.146484	0.815430	1.845703	-3.583984	1.416016
7.565000	0.283203	-2.895508	-0.097656	2.827148	1.420898
7.570000	4.721680	-0.776367	-2.500000	-0.883789	1.420898
7.575000	4.052734	2.241211	0.219727	-2.089844	1.425781
7.580000	0.659180	0.864258	1.352539	0.024414	1.420898
7.585000	0.253906	-0.693359	-0.219727	0.541992	1.416016
7.590000	1.142578	0.166016	-0.732422	-0.654297	1.420898
7.595000	0.292969	0.966797	0.517578	-4.218750	1.420898
7.600000	-0.498047	-2.065430	1.455078	3.017578	1.420898
7.605000	3.759766	-1.889648	-2.543945	0.200195	1.420898
7.610000	4.824219	1.855469	-0.629883	-2.270508	1.416016
7.615000	1.401367	1.503906	1.435547	-0.561523	1.420898
7.620000	0.048828	-0.527344	0.239258	0.678711	1.420898
7.625000	1.015625	-0.195312	-0.805664	-0.351562	1.420898
7.630000	0.678711	0.903320	-0.087891	-2.392578	1.416016
7.635000	-0.683594	-0.717773	2.915039	2.529297	1.420898
7.640000	2.495117	-2.724609	-2.055664	1.352539	1.420898
7.645000	5.205078	1.098633	-1.494141	-2.089844	1.420898
7.650000	2.348633	2.016602	1.235352	-1.206055	1.420898
7.655000	0.043945	-0.146484	0.737305	0.625000	1.416016
7.660000	0.766602	-0.502930	-0.727539	0.009766	1.420898
7.665000	0.976562	0.712891	-0.356445	-0.947266	1.420898
7.670000	-0.439453	0.395508	2.749023	-0.874023	1.420898
7.675000	1.137695	-3.051758	-1.059570	2.348633	1.420898
7.680000	5.107422	0.048828	-2.197266	-1.508789	1.420898
7.685000	3.369141	2.270508	0.727539	-1.791992	1.420898
7.690000	0.297852	0.410156	1.157227	0.351562	1.420898
7.695000	0.458984	-0.678711	-0.483398	0.351562	1.420898
7.700000	1.127930	0.415039	-0.610352	-0.820312	1.420898
7.705000	-0.019531	0.903320	1.430664	-4.116211	1.420898
7.710000	0.004883	-2.729492	0.336914	2.949219	1.420898
7.715000	4.492188	-1.113281	-2.573242	-0.595703	1.420898
7.720000	4.301758	2.172852	-0.014648	-2.177734	1.420898
7.725000	0.844727	1.059570	1.401367	-0.126953	1.420898
7.730000	0.175781	-0.673828	-0.092773	0.610352	1.416016
7.735000	1.123047	0.063477	-0.766602	-0.576172	1.420898
7.740000	0.405273	0.957031	0.249023	-3.872070	1.416016
7.745000	-0.615234	-1.699219	1.909180	2.954102	1.416016
7.750000	3.432617	-2.167969	-2.465820	0.532227	1.420898
7.755000	4.980469	1.679688	-0.883789	-2.265625	1.425781
7.760000	1.650391	1.669922	1.401367	-0.737305	1.420898
7.765000	0.024414	-0.444336	0.385742	0.688477	1.420898
7.770000	0.957031	-0.292969	-0.805664	-0.249023	1.420898
7.775000	0.776367	0.859375	-0.161133	-1.660156	1.420898
7.780000	-0.649414	-0.346680	3.071289	2.265625	1.420898
7.785000	2.099609	-2.885742	-1.821289	1.665039	1.420898
7.790000	5.234375	0.820312	-1.723633	-1.958008	1.420898
7.795000	2.636719	2.119141	1.118164	-1.386719	1.420898
7.800000	0.083008	0.000000	0.869141	0.571289	1.416016
7.805000	0.683594	-0.566406	-0.673828	0.112305	1.416016
7.810000	1.035156	0.639648	-0.434570	-0.922852	1.420898
7.815000	-0.327148	0.600586	2.431641	-2.202148	1.420898
7.820000	0.776367	-3.041992	-0.688477	2.568359	1.416016
7.825000	4.980469	-0.278320	-2.343750	-1.274414	1.420898
7.830000	3.657227	2.285156	0.537109	-1.923828	1.420898
7.835000	0.424805	0.590820	1.245117	0.229492	1.420898
7.840000	0.371094	-0.698242	-0.385742	0.439453	1.416016
7.845000	1.142578	0.317383	-0.659180	-0.756836	1.420898
7.850000	0.107422	0.947266	1.040039	-4.355469	1.420898
7.855000	-0.239258	-2.509766	0.786133	3.022461	1.420898
7.860000	4.223633	-1.430664	-2.587891	-0.288086	1.420898
7.865000	4.531250	2.075195	-0.253906	-2.241211	1.420898
7.870000	1.059570	1.240234	1.430664	-0.297852	1.420898
7.875000	0.112305	-0.634766	0.034180	0.649414	1.420898
7.880000	1.083984	-0.043945	-0.795898	-0.488281	1.420898
7.885000	0.522461	0.942383	0.058594	-3.359375	1.420898
7.890000	-0.673828	-1.308594	2.353516	2.827148	1.416016
7.895000	3.061523	-2.421875	-2.333984	0.874023	1.420898
7.900000	5.097656	1.464844	-1.132812	-2.216797	1.420898
7.905000	1.923828	1.821289	1.352539	-0.927734	1.420898
7.910000	0.019531	-0.336914	0.527344	0.678711	1.420898
7.915000	0.888672	-0.385742	-0.781250	-0.141602	1.416016
7.920000	0.864258	0.800781	-0.244141	-0.971680	1.420898
7.925000	-0.585938	-0.014648	3.051758	1.669922	1.420898
7.930000	1.708984	-2.993164	-1.542969	1.958008	1.420898
7.935000	5.219727	0.527344	-1.923828	-1.806641	1.420898
7.940000	2.929688	2.202148	0.981445	-1.557617	1.420898
7.945000	0.151367	0.151367	0.986328	0.498047	1.420898
7.950000	0.595703	-0.625000	-0.610352	0.214844	1.420898
7.955000	1.083984	0.551758	-0.507812	-0.888672	1.420898
7.960000	-0.209961	0.756836	2.050781	-3.203125	1.420898
7.965000	0.439453	-2.963867	-0.302734	2.753906	1.416016
7.970000	4.819336	-0.615234	-2.460938	-1.020508	1.416016
7.975000	3.925781	2.265625	0.327148	-2.045898	1.420898
7.980000	0.576172	0.776367	1.323242	0.097656	1.420898
7.985000	0.288086	-0.703125	-0.278320	0.512695	1.420898
7.990000	1.142578	0.219727	-0.708008	-0.688477	1.420898
7.995000	0.229492	0.966797	0.678711	-4.321289	1.420898
8.000000	-0.429688	-2.226562	1.240234	3.032227	1.420898
8.005000	3.925781	-1.748047	-2.573242	0.039062	1.420898
8.010000	4.736328	1.938477	-0.507812	-2.270508	1.420898
8.015000	1.279297	1.420898	1.440430	-0.468750	1.416016
8.020000	0.063477	-0.566406	0.170898	0.673828	1.420898
8.025000	1.040039	-0.146484	-0.805664	-0.395508	1.420898
8.030000	0.629883	0.922852	-0.048828	-2.729492	1.420898
8.035000	-0.688477	-0.913086	2.763672	2.646484	1.416016
8.040000	2.685547	-2.631836	-2.158203	1.201172	1.416016
8.045000	5.185547	1.230469	-1.381836	-2.138672	1.416016
8.050000	2.207031	1.958008	1.274414	-1.113281	1.420898
8.055000	0.024414	-0.214844	0.664062	0.649414	1.420898
8.060000	0.810547	-0.468750	-0.747070	-0.039062	1.420898
8.065000	0.942383	0.747070	-0.317383	-0.957031	1.416016
8.070000	-0.493164	0.273438	2.880859	-0.102539	1.420898
8.075000	1.318359	-3.051758	-1.225586	2.231445	1.420898
8.080000	5.156250	0.209961	-2.114258	-1.616211	1.420898
8.085000	3.227539	2.260742	0.815430	-1.713867	1.420898
8.090000	0.249023	0.322266	1.108398	0.400391	1.420898
8.095000	0.502930	-0.668945	-0.532227	0.312500	1.420898
8.100000	1.113281	0.468750	-0.576172	-0.844727	1.420898
8.105000	-0.083008	0.864258	1.630859	-3.891602	1.420898
8.110000	0.131836	-2.822266	0.126953	2.895508	1.420898
8.115000	4.609375	-0.952148	-2.543945	-0.737305	1.420898
8.120000	4.184570	2.211914	0.097656	-2.138672	1.420898
8.125000	0.756836	0.961914	1.381836	-0.048828	1.420898
8.130000	0.209961	-0.683594	-0.156250	0.576172	1.420898
8.135000	1.132812	0.117188	-0.751953	-0.615234	1.416016
8.140000	0.351562	0.966797	0.375977	-4.062500	1.420898
8.145000	-0.566406	-1.884766	1.689453	2.993164	1.416016
8.150000	3.608398	-2.031250	-2.500000	0.371094	1.420898
8.155000	4.912109	1.772461	-0.756836	-2.270508	1.420898
8.160000	1.528320	1.591797	1.425781	-0.649414	1.420898
8.165000	0.029297	-0.488281	0.312500	0.693359	1.420898
8.170000	0.986328	-0.244141	-0.805664	-0.292969	1.416016
8.175000	0.732422	0.883789	-0.122070	-2.021484	1.420898
8.180000	-0.668945	-0.527344	3.022461	2.412109	1.420898
8.185000	2.294922	-2.812500	-1.938477	1.513672	1.416016
8.190000	5.229492	0.961914	-1.611328	-2.026367	1.420898
8.195000	2.495117	2.075195	1.181641	-1.293945	1.420898
8.200000	0.063477	-0.078125	0.800781	0.600586	1.420898
8.205000	0.727539	-0.541992	-0.703125	0.068359	1.420898
8.210000	1.010742	0.673828	-0.395508	-0.942383	1.420898
8.215000	-0.385742	0.512695	2.597656	-1.601562	1.420898
8.220000	0.947266	-3.056641	-0.878906	2.470703	1.420898
8.225000	5.048828	-0.117188	-2.275391	-1.396484	1.416016
8.230000	3.520508	2.280273	0.629883	-1.860352	1.420898
8.235000	0.361328	0.498047	1.206055	0.292969	1.420898
8.240000	0.410156	-0.693359	-0.434570	0.400391	1.420898
8.245000	1.137695	0.366211	-0.629883	-0.791016	1.420898
8.250000	0.043945	0.927734	1.230469	-4.282227	1.420898
8.255000	-0.126953	-2.626953	0.561523	2.988281	1.420898
8.260000	4.360352	-1.279297	-2.578125	-0.439453	1.420898
8.265000	4.428711	2.124023	-0.136719	-2.211914	1.420898
8.270000	0.952148	1.152344	1.420898	-0.209961	1.420898
8.275000	0.141602	-0.649414	-0.029297	0.625000	1.420898
8.280000	1.108398	0.009766	-0.786133	-0.537109	1.420898
8.285000	0.468750	0.957031	0.146484	-3.623047	1.420898
8.290000	-0.644531	-1.503906	2.143555	2.900391	1.420898
8.295000	3.247070	-2.299805	-2.402344	0.708008	1.420898
8.300000	5.043945	1.577148	-1.010742	-2.241211	1.420898
8.305000	1.791992	1.752930	1.386719	-0.834961	1.420898
8.310000	0.014648	-0.390625	0.454102	0.683594	1.420898
8.315000	0.922852	-0.336914	-0.791016	-0.190430	1.420898
8.320000	0.825195	0.839844	-0.205078	-1.269531	1.420898
8.325000	-0.620117	-0.175781	3.081055	2.109375	1.420898
8.330000	1.899414	-2.944336	-1.684570	1.821289	1.420898
8.335000	5.234375	0.673828	-1.831055	-1.879883	1.420898
8.340000	2.788086	2.167969	1.049805	-1.474609	1.420898
8.345000	0.117188	0.073242	0.932617	0.537109	1.420898
8.350000	0.634766	-0.600586	-0.639648	0.166016	1.420898
8.355000	1.064453	0.600586	-0.473633	-0.908203	1.420898
8.360000	-0.268555	0.688477	2.246094	-2.758789	1.420898
8.365000	0.600586	-3.007812	-0.493164	2.670898	1.420898
8.370000	4.907227	-0.454102	-2.412109	-1.147461	1.420898
8.375000	3.798828	2.275391	0.434570	-1.992188	1.420898
8.380000	0.502930	0.683594	1.284180	0.161133	1.416016
8.385000	0.327148	-0.703125	-0.332031	0.478516	1.420898
8.390000	1.142578	0.263672	-0.683594	-0.727539	1.420898
8.395000	0.166016	0.957031	0.849609	-4.365234	1.420898
8.400000	-0.341797	-2.373047	1.015625	3.032227	1.420898
8.405000	4.077148	-1.591797	-2.583008	-0.122070	1.420898
8.410000	4.643555	2.006836	-0.390625	-2.260742	1.420898
8.415000	1.171875	1.333008	1.440430	-0.380859	1.420898
8.420000	0.087891	-0.600586	0.112305	0.668945	1.420898
8.425000	1.069336	-0.097656	-0.800781	-0.444336	1.420898
8.430000	0.581055	0.932617	-0.004883	-3.046875	1.420898
8.435000	-0.688477	-1.108398	2.573242	2.739258	1.420898
8.440000	2.871094	-2.534180	-2.246094	1.044922	1.420898
8.445000	5.146484	1.342773	-1.264648	-2.182617	1.416016
8.450000	2.070312	1.894531	1.313477	-1.025391	1.416016
8.455000	0.019531	-0.278320	0.605469	0.668945	1.420898
8.460000	0.849609	-0.424805	-0.766602	-0.087891	1.420898
8.465000	0.903320	0.776367	-0.278320	-0.961914	1.420898
8.470000	-0.541992	0.136719	2.973633	0.727539	1.420898
8.475000	1.503906	-3.027344	-1.381836	2.104492	1.420898
8.480000	5.195312	0.366211	-2.026367	-1.708984	1.420898
8.485000	3.085938	2.236328	0.898438	-1.645508	1.420898
8.490000	0.195312	0.239258	1.054688	0.449219	1.420898
8.495000	0.541992	-0.649414	-0.571289	0.263672	1.416016
8.500000	1.098633	0.507812	-0.546875	-0.869141	1.420898
8.505000	-0.141602	0.820312	1.835938	-3.603516	1.420898
8.510000	0.278320	-2.895508	-0.083008	2.827148	1.420898
8.515000	4.716797	-0.791016	-2.504883	-0.878906	1.420898
8.520000	4.062500	2.241211	0.214844	-2.104492	1.420898
8.525000	0.664062	0.874023	1.357422	0.019531	1.420898
8.530000	0.249023	-0.698242	-0.214844	0.546875	1.420898
8.535000	1.137695	0.161133	-0.727539	-0.649414	1.420898
8.540000	0.297852	0.966797	0.507812	-4.213867	1.420898
8.545000	-0.507812	-2.055664	1.474609	3.027344	1.420898
8.550000	3.759766	-1.894531	-2.543945	0.209961	1.416016
8.555000	4.829102	1.855469	-0.634766	-2.275391	1.420898
8.560000	1.406250	1.508789	1.430664	-0.566406	1.420898
8.565000	0.048828	-0.527344	0.249023	0.688477	1.420898
8.570000	1.010742	-0.200195	-0.810547	-0.346680	1.420898
8.575000	0.683594	0.898438	-0.087891	-2.373047	1.420898
8.580000	-0.683594	-0.712891	2.919922	2.524414	1.420898
8.585000	2.485352	-2.729492	-2.050781	1.362305	1.420898
8.590000	5.209961	1.093750	-1.499023	-2.084961	1.420898
8.595000	2.358398	2.021484	1.235352	-1.210938	1.420898
8.600000	0.043945	-0.146484	0.732422	0.625000	1.420898
8.605000	0.766602	-0.502930	-0.727539	0.014648	1.420898
8.610000	0.976562	0.708008	-0.361328	-0.942383	1.420898
8.615000	-0.444336	0.400391	2.744141	-0.908203	1.420898
8.620000	1.127930	-3.061523	-1.054688	2.358398	1.420898
8.625000	5.107422	0.043945	-2.202148	-1.503906	1.416016
8.630000	3.383789	2.275391	0.727539	-1.796875	1.420898
8.635000	0.302734	0.415039	1.157227	0.346680	1.420898
8.640000	0.454102	-0.683594	-0.483398	0.356445	1.416016
8.645000	1.127930	0.415039	-0.610352	-0.820312	1.420898
8.650000	-0.014648	0.908203	1.416016	-4.130859	1.420898
8.655000	-0.009766	-2.729492	0.356445	2.949219	1.420898
8.660000	4.487305	-1.123047	-2.568359	-0.585938	1.416016
8.665000	4.316406	2.167969	-0.024414	-2.182617	1.420898
8.670000	0.854492	1.064453	1.401367	-0.136719	1.420898
8.675000	0.175781	-0.668945	-0.087891	0.610352	1.420898
8.680000	1.118164	0.058594	-0.771484	-0.576172	1.420898
8.685000	0.410156	0.957031	0.244141	-3.857422	1.420898
8.690000	-0.615234	-1.689453	1.918945	2.954102	1.420898
8.695000	3.417969	-2.177734	-2.456055	0.546875	1.420898
8.700000	4.985352	1.669922	-0.888672	-2.265625	1.420898
8.705000	1.660156	1.679688	1.401367	-0.742188	1.420898
8.710000	0.024414	-0.444336	0.385742	0.688477	1.420898
8.715000	0.952148	-0.292969	-0.805664	-0.244141	1.420898
8.720000	0.781250	0.854492	-0.161133	-1.640625	1.420898
8.725000	-0.644531	-0.341797	3.071289	2.260742	1.416016
8.730000	2.089844	-2.885742	-1.821289	1.674805	1.420898
8.735000	5.239258	0.815430	-1.728516	-1.953125	1.420898
8.740000	2.646484	2.124023	1.113281	-1.391602	1.416016
8.745000	0.087891	0.000000	0.869141	0.571289	1.420898
8.750000	0.678711	-0.571289	-0.673828	0.117188	1.420898
8.755000	1.040039	0.634766	-0.439453	-0.922852	1.420898
8.760000	-0.322266	0.610352	2.421875	-2.241211	1.420898
8.765000	0.766602	-3.037109	-0.678711	2.573242	1.420898
8.770000	4.980469	-0.288086	-2.348633	-1.269531	1.420898
8.775000	3.666992	2.285156	0.532227	-1.928711	1.420898
8.780000	0.434570	0.595703	1.245117	0.224609	1.420898
8.785000	0.366211	-0.703125	-0.380859	0.444336	1.420898
8.790000	1.142578	0.317383	-0.659180	-0.751953	1.420898
8.795000	0.112305	0.947266	1.025391	-4.355469	1.420898
8.800000	-0.244141	-2.500000	0.800781	3.022461	1.420898
8.805000	4.218750	-1.445312	-2.587891	-0.273438	1.420898
8.810000	4.541016	2.070312	-0.263672	-2.241211	1.420898
8.815000	1.064453	1.250000	1.430664	-0.297852	1.420898
8.820000	0.112305	-0.629883	0.039062	0.644531	1.420898
8.825000	1.083984	-0.048828	-0.791016	-0.488281	1.420898
8.830000	0.527344	0.942383	0.058594	-3.339844	1.420898
8.835000	-0.673828	-1.293945	2.368164	2.827148	1.420898
8.840000	3.056641	-2.426758	-2.324219	0.883789	1.420898
8.845000	5.102539	1.459961	-1.142578	-2.216797	1.416016
8.850000	1.933594	1.831055	1.352539	-0.932617	1.420898
8.855000	0.014648	-0.327148	0.532227	0.678711	1.420898
8.860000	0.888672	-0.385742	-0.781250	-0.136719	1.420898
8.865000	0.869141	0.805664	-0.244141	-0.961914	1.420898
8.870000	-0.581055	-0.004883	3.046875	1.596680	1.416016
8.875000	1.694336	-2.993164	-1.533203	1.967773	1.420898
8.880000	5.209961	0.517578	-1.928711	-1.801758	1.420898
8.885000	2.944336	2.207031	0.971680	-1.562500	1.420898
8.890000	0.156250	0.161133	0.996094	0.493164	1.420898
8.895000	0.590820	-0.629883	-0.610352	0.219727	1.420898
8.900000	1.083984	0.551758	-0.512695	-0.888672	1.420898
8.905000	-0.205078	0.766602	2.031250	-3.242188	1.420898
8.910000	0.429688	-2.958984	-0.283203	2.763672	1.416016
8.915000	4.809570	-0.629883	-2.460938	-1.010742	1.420898
8.920000	3.935547	2.260742	0.317383	-2.045898	1.420898
8.925000	0.585938	0.781250	1.323242	0.092773	1.420898
8.930000	0.283203	-0.703125	-0.273438	0.517578	1.420898
8.935000	1.142578	0.214844	-0.708008	-0.688477	1.420898
8.940000	0.234375	0.966797	0.664062	-4.316406	1.420898
8.945000	-0.434570	-2.216797	1.250000	3.032227	1.420898
8.950000	3.916016	-1.757812	-2.568359	0.048828	1.420898
8.955000	4.746094	1.933594	-0.517578	-2.270508	1.420898
8.960000	1.289062	1.425781	1.440430	-0.478516	1.420898
8.965000	0.063477	-0.566406	0.180664	0.673828	1.420898
8.970000	1.044922	-0.151367	-0.810547	-0.395508	1.420898
8.975000	0.634766	0.922852	-0.048828	-2.705078	1.420898
8.980000	-0.688477	-0.898438	2.778320	2.636719	1.420898
8.985000	2.666016	-2.641602	-2.153320	1.210938	1.420898
8.990000	5.185547	1.220703	-1.386719	-2.138672	1.420898
8.995000	2.216797	1.967773	1.274414	-1.123047	1.416016
9.000000	0.029297	-0.209961	0.668945	0.644531	1.420898
9.005000	0.805664	-0.468750	-0.747070	-0.034180	1.420898
9.010000	0.942383	0.742188	-0.322266	-0.957031	1.420898
9.015000	-0.493164	0.283203	2.871094	-0.175781	1.420898
9.020000	1.298828	-3.056641	-1.215820	2.236328	1.420898
9.025000	5.151367	0.200195	-2.124023	-1.611328	1.416016
9.030000	3.242188	2.255859	0.810547	-1.723633	1.420898
9.035000	0.249023	0.332031	1.108398	0.400391	1.420898
9.040000	0.498047	-0.668945	-0.527344	0.312500	1.420898
9.045000	1.118164	0.463867	-0.581055	-0.844727	1.420898
9.050000	-0.078125	0.869141	1.616211	-3.920898	1.420898
9.055000	0.122070	-2.817383	0.136719	2.900391	1.420898
9.060000	4.599609	-0.966797	-2.543945	-0.722656	1.420898
9.065000	4.199219	2.207031	0.087891	-2.143555	1.420898
9.070000	0.756836	0.971680	1.386719	-0.058594	1.420898
9.075000	0.209961	-0.683594	-0.151367	0.581055	1.416016
9.080000	1.127930	0.112305	-0.751953	-0.615234	1.420898
9.085000	0.356445	0.966797	0.361328	-4.052734	1.416016
9.090000	-0.571289	-1.875000	1.708984	2.988281	1.420898
9.095000	3.588867	-2.045898	-2.504883	0.380859	1.420898
9.100000	4.912109	1.762695	-0.766602	-2.270508	1.420898
9.105000	1.538086	1.601562	1.420898	-0.654297	1.420898
9.110000	0.034180	-0.488281	0.322266	0.693359	1.420898
9.115000	0.986328	-0.249023	-0.805664	-0.292969	1.420898
9.120000	0.732422	0.883789	-0.126953	-1.992188	1.416016
9.125000	-0.673828	-0.512695	3.027344	2.397461	1.420898
9.130000	2.275391	-2.822266	-1.933594	1.528320	1.416016
9.135000	5.229492	0.952148	-1.621094	-2.021484	1.416016
9.140000	2.504883	2.080078	1.176758	-1.303711	1.420898
9.145000	0.063477	-0.073242	0.805664	0.605469	1.420898
9.150000	0.717773	-0.541992	-0.698242	0.068359	1.416016
9.155000	1.010742	0.668945	-0.400391	-0.942383	1.420898
9.160000	-0.380859	0.517578	2.578125	-1.650391	1.420898
9.165000	0.932617	-3.056641	-0.864258	2.475586	1.416016
9.170000	5.048828	-0.131836	-2.280273	-1.381836	1.420898
9.175000	3.530273	2.285156	0.625000	-1.865234	1.420898
9.180000	0.371094	0.507812	1.210938	0.283203	1.420898
9.185000	0.410156	-0.693359	-0.429688	0.405273	1.420898
9.190000	1.137695	0.361328	-0.639648	-0.786133	1.420898
9.195000	0.048828	0.932617	1.215820	-4.287109	1.420898
9.200000	-0.136719	-2.617188	0.585938	2.993164	1.420898
9.205000	4.350586	-1.289062	-2.578125	-0.424805	1.420898
9.210000	4.438477	2.119141	-0.146484	-2.216797	1.416016
9.215000	0.961914	1.162109	1.420898	-0.219727	1.420898
9.220000	0.141602	-0.649414	-0.024414	0.629883	1.420898
9.225000	1.103516	0.004883	-0.786133	-0.527344	1.420898
9.230000	0.468750	0.952148	0.136719	-3.603516	1.420898
9.235000	-0.654297	-1.484375	2.153320	2.890625	1.420898
9.240000	3.232422	-2.309570	-2.397461	0.717773	1.416016
9.245000	5.048828	1.567383	-1.020508	-2.236328	1.420898
9.250000	1.801758	1.757812	1.381836	-0.844727	1.416016
9.255000	0.014648	-0.385742	0.463867	0.683594	1.416016
9.260000	0.922852	-0.341797	-0.791016	-0.190430	1.425781
9.265000	0.825195	0.834961	-0.205078	-1.240234	1.420898
9.270000	-0.615234	-0.156250	3.081055	2.094727	1.420898
9.275000	1.879883	-2.949219	-1.674805	1.831055	1.420898
9.280000	5.229492	0.659180	-1.840820	-1.875000	1.420898
9.285000	2.797852	2.172852	1.044922	-1.479492	1.420898
9.290000	0.122070	0.083008	0.932617	0.532227	1.420898
9.295000	0.629883	-0.605469	-0.634766	0.175781	1.425781
9.300000	1.064453	0.590820	-0.478516	-0.908203	1.420898
9.305000	-0.263672	0.698242	2.226562	-2.802734	1.420898
9.310000	0.585938	-3.007812	-0.478516	2.675781	1.420898
9.315000	4.902344	-0.463867	-2.416992	-1.137695	1.420898
9.320000	3.803711	2.275391	0.424805	-1.992188	1.416016
9.325000	0.507812	0.693359	1.289062	0.156250	1.420898
9.330000	0.322266	-0.703125	-0.327148	0.483398	1.420898
9.335000	1.142578	0.263672	-0.688477	-0.722656	1.420898
9.340000	0.175781	0.961914	0.830078	-4.365234	1.420898
9.345000	-0.346680	-2.358398	1.040039	3.032227	1.420898
9.350000	4.062500	-1.606445	-2.583008	-0.102539	1.420898
9.355000	4.648438	2.001953	-0.395508	-2.265625	1.420898
9.360000	1.181641	1.342773	1.440430	-0.390625	1.420898
9.365000	0.083008	-0.600586	0.112305	0.668945	1.420898
9.370000	1.059570	-0.097656	-0.805664	-0.439453	1.420898
9.375000	0.585938	0.927734	-0.004883	-3.022461	1.420898
9.380000	-0.688477	-1.083984	2.587891	2.734375	1.420898
9.385000	2.851562	-2.543945	-2.241211	1.049805	1.420898
9.390000	5.151367	1.337891	-1.274414	-2.177734	1.420898
9.395000	2.084961	1.904297	1.308594	-1.030273	1.416016
9.400000	0.019531	-0.268555	0.600586	0.668945	1.420898
9.405000	0.849609	-0.429688	-0.761719	-0.083008	1.420898
9.410000	0.908203	0.771484	-0.283203	-0.961914	1.425781
9.415000	-0.532227	0.151367	2.973633	0.644531	1.420898
9.420000	1.484375	-3.032227	-1.372070	2.114258	1.420898
9.425000	5.190430	0.346680	-2.031250	-1.704102	1.420898
9.430000	3.100586	2.236328	0.893555	-1.645508	1.416016
9.435000	0.200195	0.249023	1.059570	0.444336	1.420898
9.440000	0.541992	-0.644531	-0.566406	0.268555	1.420898
9.445000	1.103516	0.507812	-0.546875	-0.864258	1.420898
9.450000	-0.136719	0.825195	1.821289	-3.637695	1.420898
9.455000	0.263672	-2.890625	-0.063477	2.841797	1.420898
9.460000	4.707031	-0.800781	-2.504883	-0.864258	1.420898
9.465000	4.077148	2.236328	0.205078	-2.104492	1.420898
9.470000	0.673828	0.883789	1.357422	0.014648	1.420898
9.475000	0.244141	-0.698242	-0.214844	0.551758	1.420898
9.480000	1.137695	0.156250	-0.732422	-0.649414	1.420898
9.485000	0.297852	0.961914	0.498047	-4.199219	1.425781
9.490000	-0.512695	-2.041016	1.489258	3.022461	1.420898
9.495000	3.745117	-1.909180	-2.539062	0.224609	1.420898
9.500000	4.838867	1.850586	-0.644531	-2.270508	1.420898
9.505000	1.416016	1.518555	1.425781	-0.571289	1.420898
9.510000	0.043945	-0.522461	0.253906	0.683594	1.416016
9.515000	1.010742	-0.200195	-0.805664	-0.336914	1.420898
9.520000	0.688477	0.898438	-0.087891	-2.333984	1.416016
9.525000	-0.683594	-0.693359	2.934570	2.514648	1.420898
9.530000	2.465820	-2.739258	-2.041016	1.372070	1.420898
9.535000	5.214844	1.079102	-1.513672	-2.080078	1.416016
9.540000	2.373047	2.026367	1.230469	-1.220703	1.420898
9.545000	0.043945	-0.136719	0.742188	0.620117	1.416016
9.550000	0.761719	-0.507812	-0.722656	0.019531	1.420898
9.555000	0.981445	0.708008	-0.361328	-0.942383	1.420898
9.560000	-0.434570	0.415039	2.729492	-0.976562	1.420898
9.565000	1.113281	-3.061523	-1.035156	2.368164	1.416016
9.570000	5.102539	0.024414	-2.211914	-1.499023	1.420898
9.575000	3.393555	2.275391	0.717773	-1.801758	1.420898
9.580000	0.307617	0.424805	1.166992	0.341797	1.420898
9.585000	0.449219	-0.683594	-0.478516	0.361328	1.416016
9.590000	1.132812	0.410156	-0.615234	-0.815430	1.416016
9.595000	-0.009766	0.908203	1.396484	-4.145508	1.420898
9.600000	-0.019531	-2.719727	0.371094	2.954102	1.420898
9.605000	4.472656	-1.137695	-2.568359	-0.571289	1.420898
9.610000	4.321289	2.167969	-0.034180	-2.187500	1.420898
9.615000	0.864258	1.074219	1.411133	-0.141602	1.420898
9.620000	0.170898	-0.673828	-0.083008	0.610352	1.420898
9.625000	1.118164	0.048828	-0.771484	-0.571289	1.420898
9.630000	0.419922	0.957031	0.234375	-3.837891	1.416016
9.635000	-0.620117	-1.674805	1.948242	2.944336	1.420898
9.640000	3.403320	-2.187500	-2.456055	0.561523	1.420898
9.645000	4.990234	1.660156	-0.908203	-2.260742	1.420898
9.650000	1.674805	1.684570	1.401367	-0.751953	1.420898
9.655000	0.019531	-0.434570	0.395508	0.693359	1.420898
9.660000	0.947266	-0.302734	-0.800781	-0.239258	1.420898
9.665000	0.786133	0.854492	-0.166016	-1.601562	1.420898
9.670000	-0.639648	-0.322266	3.071289	2.246094	1.420898
9.675000	2.070312	-2.895508	-1.806641	1.689453	1.420898
9.680000	5.239258	0.800781	-1.738281	-1.948242	1.420898
9.685000	2.656250	2.128906	1.108398	-1.391602	1.420898
9.690000	0.087891	0.004883	0.874023	0.571289	1.416016
9.695000	0.673828	-0.571289	-0.668945	0.122070	1.420898
9.700000	1.040039	0.634766	-0.439453	-0.922852	1.420898
9.705000	-0.317383	0.620117	2.402344	-2.299805	1.420898
9.710000	0.747070	-3.037109	-0.659180	2.583008	1.420898
9.715000	4.975586	-0.302734	-2.358398	-1.259766	1.416016
9.720000	3.681641	2.285156	0.522461	-1.933594	1.420898
9.725000	0.434570	0.605469	1.250000	0.219727	1.420898
9.730000	0.361328	-0.703125	-0.375977	0.444336	1.420898
9.735000	1.142578	0.312500	-0.664062	-0.751953	1.420898
9.740000	0.117188	0.952148	1.005859	-4.355469	1.420898
9.745000	-0.253906	-2.490234	0.820312	3.022461	1.420898
9.750000	4.204102	-1.459961	-2.587891	-0.258789	1.420898
9.755000	4.550781	2.060547	-0.278320	-2.241211	1.420898
9.760000	1.074219	1.254883	1.430664	-0.307617	1.420898
9.765000	0.107422	-0.625000	0.048828	0.649414	1.420898
9.770000	1.083984	-0.048828	-0.795898	-0.478516	1.420898
9.775000	0.532227	0.942383	0.048828	-3.310547	1.420898
9.780000	-0.673828	-1.274414	2.387695	2.817383	1.420898
9.785000	3.037109	-2.436523	-2.324219	0.893555	1.420898
9.790000	5.107422	1.450195	-1.157227	-2.207031	1.420898
9.795000	1.948242	1.835938	1.347656	-0.937500	1.425781
9.800000	0.014648	-0.327148	0.541992	0.678711	1.420898
9.805000	0.878906	-0.390625	-0.781250	-0.136719	1.420898
9.810000	0.874023	0.805664	-0.244141	-0.966797	1.420898
9.815000	-0.576172	0.009766	3.037109	1.503906	1.420898
9.820000	1.674805	-2.998047	-1.523438	1.982422	1.416016
9.825000	5.214844	0.498047	-1.943359	-1.791992	1.416016
9.830000	2.954102	2.207031	0.971680	-1.567383	1.420898
9.835000	0.156250	0.166016	1.000977	0.488281	1.420898
9.840000	0.585938	-0.629883	-0.605469	0.224609	1.420898
9.845000	1.083984	0.546875	-0.512695	-0.888672	1.420898
9.850000	-0.200195	0.771484	2.011719	-3.276367	1.416016
9.855000	0.415039	-2.949219	-0.263672	2.768555	1.420898
9.860000	4.799805	-0.644531	-2.465820	-0.996094	1.420898
9.865000	3.945312	2.260742	0.307617	-2.050781	1.420898
9.870000	0.590820	0.791016	1.323242	0.083008	1.420898
9.875000	0.283203	-0.703125	-0.268555	0.517578	1.420898
9.880000	1.142578	0.209961	-0.712891	-0.678711	1.420898
9.885000	0.239258	0.966797	0.649414	-4.311523	1.420898
9.890000	-0.444336	-2.202148	1.274414	3.032227	1.420898
9.895000	3.901367	-1.767578	-2.568359	0.063477	1.420898
9.900000	4.750977	1.923828	-0.532227	-2.270508	1.420898
9.905000	1.298828	1.435547	1.435547	-0.483398	1.420898
9.910000	0.063477	-0.561523	0.180664	0.678711	1.420898
9.915000	1.040039	-0.151367	-0.805664	-0.390625	1.420898
9.920000	0.639648	0.917969	-0.048828	-2.670898	1.420898
9.925000	-0.688477	-0.878906	2.792969	2.626953	1.420898
9.930000	2.651367	-2.646484	-2.143555	1.225586	1.416016
9.935000	5.185547	1.206055	-1.396484	-2.128906	1.416016
9.940000	2.231445	1.967773	1.264648	-1.132812	1.420898
9.945000	0.029297	-0.200195	0.678711	0.644531	1.420898
9.950000	0.800781	-0.473633	-0.747070	-0.029297	1.420898
9.955000	0.942383	0.737305	-0.327148	-0.952148	1.420898
9.960000	-0.488281	0.288086	2.861328	-0.239258	1.420898
9.965000	1.284180	-3.051758	-1.201172	2.250977	1.420898
9.970000	5.146484	0.185547	-2.128906	-1.596680	1.420898
9.975000	3.251953	2.260742	0.800781	-1.728516	1.420898
9.980000	0.253906	0.336914	1.113281	0.390625	1.420898
9.985000	0.488281	-0.673828	-0.522461	0.317383	1.420898
9.990000	1.118164	0.458984	-0.581055	-0.839844	1.420898
9.995000	-0.073242	0.874023	1.596680	-3.940430	1.420898
10.000000	0.112305	-2.807617	0.156250	2.905273	1.416016
