# Time_s	x	xdot	xddot	xdddot	dx
0.000000	-0.361328	-0.224609	1.420898	0.869141	-0.546875
0.005000	0.688477	-0.781250	1.420898	0.312500	-0.615234
0.010000	1.391602	0.307617	1.420898	-0.537109	-0.590820
0.015000	0.644531	0.585938	1.420898	-0.527344	1.069336
0.020000	-0.249023	0.166016	1.420898	-0.922852	0.200195
0.025000	0.297852	-0.952148	1.420898	0.600586	-0.610352
0.030000	1.396484	0.087891	1.420898	-0.419922	-0.595703
0.035000	0.883789	0.595703	1.420898	-0.571289	-0.488281
0.040000	-0.068359	0.405273	1.420898	-2.084961	2.163086
0.045000	-0.063477	-0.961914	1.420898	0.839844	-0.600586
0.050000	1.289062	-0.175781	1.420898	-0.249023	-0.605469
0.055000	1.103516	0.561523	1.420898	-0.595703	-0.541992
0.060000	0.141602	0.498047	1.420898	-2.158203	2.709961
0.065000	-0.302734	-0.727539	1.420898	0.966797	-0.585938
0.070000	1.074219	-0.468750	1.420898	-0.014648	-0.615234
0.075000	1.269531	0.478516	1.420898	-0.595703	-0.566406
0.080000	0.366211	0.546875	1.420898	-1.420898	2.304688
0.085000	-0.361328	-0.297852	1.420898	0.903320	-0.556641
0.090000	0.742188	-0.742188	1.420898	0.263672	-0.615234
0.095000	1.386719	0.332031	1.420898	-0.546875	-0.585938
0.100000	0.605469	0.581055	1.420898	-0.522461	1.269531
0.105000	-0.273438	0.112305	1.420898	-0.625000	-0.449219
0.110000	0.361328	-0.937500	1.420898	0.551758	-0.615234
0.115000	1.401367	0.126953	1.420898	-0.444336	-0.595703
0.120000	0.844727	0.595703	1.420898	-0.566406	-0.468750
0.125000	-0.102539	0.380859	1.420898	-1.967773	1.958008
0.130000	-0.009766	-0.976562	1.420898	0.805664	-0.605469
0.135000	1.313477	-0.126953	1.420898	-0.283203	-0.605469
0.140000	1.069336	0.571289	1.420898	-0.595703	-0.537109
0.145000	0.107422	0.488281	1.420898	-2.211914	2.700195
0.150000	-0.278320	-0.786133	1.420898	0.957031	-0.590820
0.155000	1.118164	-0.419922	1.420898	-0.053711	-0.615234
0.160000	1.245117	0.493164	1.416016	-0.595703	-0.561523
0.165000	0.327148	0.537109	1.420898	-1.577148	2.421875
0.170000	-0.361328	-0.375977	1.420898	0.932617	-0.556641
0.175000	0.810547	-0.698242	1.420898	0.214844	-0.615234
0.180000	1.372070	0.366211	1.420898	-0.556641	-0.585938
0.185000	0.566406	0.576172	1.420898	-0.517578	1.464844
0.190000	-0.297852	0.048828	1.420898	-0.312500	-0.488281
0.195000	0.424805	-0.913086	1.420898	0.502930	-0.615234
0.200000	1.406250	0.166016	1.420898	-0.468750	-0.595703
0.205000	0.805664	0.595703	1.420898	-0.556641	-0.439453
0.210000	-0.131836	0.346680	1.420898	-1.826172	1.728516
0.215000	0.043945	-0.986328	1.420898	0.771484	-0.605469
0.220000	1.337891	-0.083008	1.420898	-0.317383	-0.605469
0.225000	1.030273	0.576172	1.425781	-0.590820	-0.527344
0.230000	0.068359	0.478516	1.420898	-2.246094	2.651367
0.235000	-0.244141	-0.834961	1.420898	0.942383	-0.595703
0.240000	1.162109	-0.366211	1.420898	-0.092773	-0.615234
0.245000	1.225586	0.512695	1.420898	-0.600586	-0.561523
0.250000	0.292969	0.537109	1.416016	-1.728516	2.519531
0.255000	-0.361328	-0.449219	1.420898	0.952148	-0.566406
0.260000	0.864258	-0.654297	1.420898	0.166016	-0.615234
0.265000	1.352539	0.390625	1.420898	-0.561523	-0.576172
0.270000	0.527344	0.571289	1.420898	-0.673828	1.655273
0.275000	-0.317383	-0.009766	1.420898	0.029297	-0.507812
0.280000	0.493164	-0.878906	1.420898	0.463867	-0.615234
0.285000	1.411133	0.205078	1.420898	-0.483398	-0.595703
0.290000	0.766602	0.595703	1.420898	-0.551758	-0.190430
0.295000	-0.166016	0.307617	1.420898	-1.650391	1.464844
0.300000	0.102539	-0.986328	1.425781	0.732422	-0.605469
0.305000	1.357422	-0.039062	1.420898	-0.336914	-0.605469
0.310000	0.996094	0.581055	1.420898	-0.585938	-0.517578
0.315000	0.034180	0.463867	1.420898	-2.246094	2.578125
0.320000	-0.205078	-0.878906	1.420898	0.927734	-0.595703
0.325000	1.196289	-0.322266	1.420898	-0.136719	-0.610352
0.330000	1.196289	0.527344	1.425781	-0.595703	-0.556641
0.335000	0.249023	0.522461	1.425781	-1.860352	2.602539
0.340000	-0.356445	-0.522461	1.420898	0.961914	-0.571289
0.345000	0.922852	-0.610352	1.420898	0.122070	-0.615234
0.350000	1.342773	0.415039	1.420898	-0.576172	-0.576172
0.355000	0.488281	0.566406	1.420898	-0.869141	1.826172
0.360000	-0.327148	-0.078125	1.420898	0.390625	-0.522461
0.365000	0.556641	-0.859375	1.420898	0.410156	-0.615234
0.370000	1.406250	0.239258	1.420898	-0.502930	-0.595703
0.375000	0.727539	0.595703	1.420898	-0.546875	0.600586
0.380000	-0.195312	0.273438	1.420898	-1.445312	1.181641
0.385000	0.166016	-0.981445	1.420898	0.693359	-0.605469
0.390000	1.372070	0.000000	1.420898	-0.366211	-0.605469
0.395000	0.961914	0.585938	1.420898	-0.581055	-0.512695
0.400000	-0.004883	0.454102	1.420898	-2.226562	2.475586
0.405000	-0.166016	-0.913086	1.420898	0.903320	-0.595703
0.410000	1.235352	-0.278320	1.420898	-0.170898	-0.610352
0.415000	1.166992	0.537109	1.420898	-0.600586	-0.556641
0.420000	0.214844	0.517578	1.420898	-1.972656	2.661133
0.425000	-0.341797	-0.595703	1.420898	0.966797	-0.576172
0.430000	0.966797	-0.561523	1.420898	0.078125	-0.615234
0.435000	1.318359	0.439453	1.420898	-0.581055	-0.576172
0.440000	0.449219	0.561523	1.420898	-1.054688	1.997070
0.445000	-0.346680	-0.151367	1.420898	0.756836	-0.537109
0.450000	0.620117	-0.820312	1.420898	0.366211	-0.615234
0.455000	1.401367	0.268555	1.420898	-0.517578	-0.590820
0.460000	0.688477	0.590820	1.420898	-0.537109	0.834961
0.465000	-0.219727	0.224609	1.420898	-1.210938	0.849609
0.470000	0.224609	-0.971680	1.420898	0.644531	-0.605469
0.475000	1.391602	0.043945	1.420898	-0.395508	-0.600586
0.480000	0.922852	0.590820	1.420898	-0.576172	-0.498047
0.485000	-0.034180	0.434570	1.420898	-2.177734	2.343750
0.490000	-0.122070	-0.942383	1.420898	0.874023	-0.600586
0.495000	1.259766	-0.229492	1.420898	-0.209961	-0.605469
0.500000	1.137695	0.551758	1.425781	-0.600586	-0.551758
0.505000	0.180664	0.507812	1.420898	-2.075195	2.700195
0.510000	-0.322266	-0.654297	1.420898	0.966797	-0.581055
0.515000	1.015625	-0.517578	1.420898	0.034180	-0.615234
0.520000	1.293945	0.458984	1.420898	-0.585938	-0.571289
0.525000	0.410156	0.551758	1.420898	-1.215820	2.133789
0.530000	-0.351562	-0.590820	1.420898	0.966797	-0.576172
0.535000	0.961914	-0.566406	1.420898	0.083008	-0.615234
0.540000	1.313477	0.429688	1.420898	-0.581055	-0.576172
0.545000	0.449219	0.556641	1.420898	-1.040039	1.977539
0.550000	-0.341797	-0.141602	1.420898	0.732422	-0.537109
0.555000	0.615234	-0.820312	1.420898	0.366211	-0.615234
0.560000	1.396484	0.268555	1.420898	-0.517578	-0.590820
0.565000	0.688477	0.585938	1.416016	-0.537109	0.815430
0.570000	-0.219727	0.229492	1.420898	-1.225586	0.874023
0.575000	0.219727	-0.966797	1.420898	0.649414	-0.610352
0.580000	1.381836	0.039062	1.420898	-0.390625	-0.605469
0.585000	0.922852	0.590820	1.420898	-0.576172	-0.498047
0.590000	-0.029297	0.429688	1.420898	-2.172852	2.353516
0.595000	-0.122070	-0.937500	1.420898	0.874023	-0.600586
0.600000	1.250000	-0.229492	1.420898	-0.205078	-0.605469
0.605000	1.137695	0.546875	1.420898	-0.595703	-0.546875
0.610000	0.180664	0.502930	1.420898	-2.055664	2.695312
0.615000	-0.327148	-0.644531	1.420898	0.966797	-0.581055
0.620000	1.010742	-0.522461	1.420898	0.034180	-0.615234
0.625000	1.293945	0.454102	1.420898	-0.585938	-0.571289
0.630000	0.410156	0.546875	1.416016	-1.215820	2.133789
0.635000	-0.351562	-0.214844	1.420898	0.859375	-0.546875
0.640000	0.673828	-0.781250	1.420898	0.317383	-0.615234
0.645000	1.386719	0.302734	1.420898	-0.527344	-0.585938
0.650000	0.649414	0.581055	1.420898	-0.522461	1.030273
0.655000	-0.244141	0.175781	1.420898	-0.966797	0.478516
0.660000	0.283203	-0.952148	1.420898	0.605469	-0.610352
0.665000	1.391602	0.078125	1.420898	-0.410156	-0.600586
0.670000	0.883789	0.595703	1.420898	-0.571289	-0.488281
0.675000	-0.063477	0.410156	1.416016	-2.099609	2.182617
0.680000	-0.073242	-0.952148	1.420898	0.844727	-0.605469
0.685000	1.279297	-0.185547	1.420898	-0.244141	-0.610352
0.690000	1.103516	0.561523	1.420898	-0.595703	-0.541992
0.695000	0.141602	0.498047	1.420898	-2.153320	2.714844
0.700000	-0.302734	-0.722656	1.420898	0.966797	-0.585938
0.705000	1.069336	-0.473633	1.420898	-0.009766	-0.615234
0.710000	1.274414	0.478516	1.420898	-0.595703	-0.566406
0.715000	0.371094	0.546875	1.420898	-1.396484	2.280273
0.720000	-0.361328	-0.292969	1.420898	0.898438	-0.556641
0.725000	0.737305	-0.742188	1.420898	0.268555	-0.615234
0.730000	1.381836	0.332031	1.420898	-0.546875	-0.585938
0.735000	0.610352	0.581055	1.420898	-0.522461	1.250000
0.740000	-0.273438	0.117188	1.420898	-0.654297	-0.444336
0.745000	0.356445	-0.937500	1.420898	0.556641	-0.610352
0.750000	1.406250	0.126953	1.416016	-0.439453	-0.600586
0.755000	0.849609	0.595703	1.420898	-0.566406	-0.473633
0.760000	-0.097656	0.380859	1.420898	-1.987305	1.982422
0.765000	-0.019531	-0.976562	1.420898	0.810547	-0.605469
0.770000	1.313477	-0.136719	1.420898	-0.273438	-0.605469
0.775000	1.074219	0.571289	1.420898	-0.595703	-0.537109
0.780000	0.107422	0.483398	1.420898	-2.207031	2.700195
0.785000	-0.278320	-0.781250	1.420898	0.957031	-0.590820
0.790000	1.113281	-0.424805	1.420898	-0.048828	-0.615234
0.795000	1.250000	0.493164	1.420898	-0.595703	-0.561523
0.800000	0.332031	0.537109	1.420898	-1.557617	2.407227
0.805000	-0.361328	-0.361328	1.420898	0.927734	-0.556641
0.810000	0.795898	-0.703125	1.420898	0.219727	-0.615234
0.815000	1.372070	0.356445	1.420898	-0.556641	-0.585938
0.820000	0.571289	0.576172	1.416016	-0.517578	1.440430
0.825000	-0.292969	0.058594	1.420898	-0.346680	-0.483398
0.830000	0.419922	-0.913086	1.420898	0.512695	-0.615234
0.835000	1.406250	0.161133	1.420898	-0.463867	-0.595703
0.840000	0.810547	0.595703	1.420898	-0.556641	-0.444336
0.845000	-0.126953	0.351562	1.420898	-1.845703	1.762695
0.850000	0.034180	-0.986328	1.420898	0.771484	-0.605469
0.855000	1.333008	-0.087891	1.420898	-0.307617	-0.605469
0.860000	1.035156	0.576172	1.420898	-0.595703	-0.527344
0.865000	0.073242	0.478516	1.420898	-2.241211	2.661133
0.870000	-0.249023	-0.830078	1.420898	0.942383	-0.595703
0.875000	1.152344	-0.375977	1.420898	-0.087891	-0.610352
0.880000	1.230469	0.512695	1.420898	-0.595703	-0.561523
0.885000	0.297852	0.537109	1.420898	-1.708984	2.504883
0.890000	-0.361328	-0.439453	1.420898	0.947266	-0.566406
0.895000	0.854492	-0.664062	1.420898	0.170898	-0.615234
0.900000	1.352539	0.380859	1.420898	-0.566406	-0.576172
0.905000	0.532227	0.576172	1.420898	-0.654297	1.625977
0.910000	-0.312500	-0.004883	1.420898	-0.019531	-0.507812
0.915000	0.483398	-0.883789	1.420898	0.463867	-0.615234
0.920000	1.411133	0.200195	1.420898	-0.478516	-0.595703
0.925000	0.771484	0.595703	1.420898	-0.556641	-0.356445
0.930000	-0.161133	0.312500	1.420898	-1.679688	1.499023
0.935000	0.097656	-0.986328	1.420898	0.737305	-0.605469
0.940000	1.352539	-0.048828	1.420898	-0.332031	-0.605469
0.945000	1.000977	0.576172	1.420898	-0.590820	-0.522461
0.950000	0.039062	0.463867	1.420898	-2.246094	2.587891
0.955000	-0.214844	-0.874023	1.420898	0.927734	-0.595703
0.960000	1.191406	-0.327148	1.420898	-0.131836	-0.610352
0.965000	1.201172	0.527344	1.420898	-0.595703	-0.556641
0.970000	0.258789	0.527344	1.420898	-1.845703	2.592773
0.975000	-0.356445	-0.512695	1.420898	0.961914	-0.571289
0.980000	0.913086	-0.615234	1.420898	0.131836	-0.615234
0.985000	1.337891	0.410156	1.420898	-0.576172	-0.576172
0.990000	0.493164	0.571289	1.420898	-0.844727	1.806641
0.995000	-0.327148	-0.068359	1.420898	0.336914	-0.522461
1.000000	0.546875	-0.859375	1.416016	0.419922	-0.615234
1.005000	1.406250	0.234375	1.420898	-0.498047	-0.595703
1.010000	0.732422	0.590820	1.416016	-0.546875	0.561523
1.015000	-0.190430	0.273438	1.420898	-1.474609	1.215820
1.020000	0.156250	-0.981445	1.420898	0.693359	-0.605469
1.025000	1.372070	-0.004883	1.420898	-0.361328	-0.605469
1.030000	0.966797	0.585938	1.420898	-0.581055	-0.517578
1.035000	0.004883	0.454102	1.420898	-2.231445	2.490234
1.040000	-0.170898	-0.913086	1.420898	0.903320	-0.595703
1.045000	1.230469	-0.283203	1.420898	-0.166016	-0.610352
1.050000	1.171875	0.537109	1.420898	-0.600586	-0.556641
1.055000	0.219727	0.517578	1.420898	-1.958008	2.656250
1.060000	-0.341797	-0.581055	1.420898	0.966797	-0.576172
1.065000	0.961914	-0.571289	1.420898	0.078125	-0.615234
1.070000	1.318359	0.434570	1.420898	-0.581055	-0.576172
1.075000	0.449219	0.561523	1.420898	-1.030273	1.972656
1.080000	-0.341797	-0.141602	1.420898	0.712891	-0.532227
1.085000	0.610352	-0.825195	1.420898	0.371094	-0.615234
1.090000	1.401367	0.263672	1.416016	-0.517578	-0.590820
1.095000	0.688477	0.590820	1.420898	-0.537109	0.800781
1.100000	-0.214844	0.229492	1.420898	-1.245117	0.898438
1.105000	0.214844	-0.971680	1.416016	0.649414	-0.605469
1.110000	1.386719	0.039062	1.420898	-0.390625	-0.600586
1.115000	0.927734	0.590820	1.420898	-0.576172	-0.502930
1.120000	-0.029297	0.434570	1.420898	-2.187500	2.363281
1.125000	-0.126953	-0.942383	1.420898	0.878906	-0.595703
1.130000	1.250000	-0.234375	1.420898	-0.205078	-0.605469
1.135000	1.137695	0.546875	1.416016	-0.600586	-0.551758
1.140000	0.180664	0.502930	1.420898	-2.060547	2.700195
1.145000	-0.322266	-0.649414	1.420898	0.971680	-0.581055
1.150000	1.010742	-0.522461	1.420898	0.039062	-0.615234
1.155000	1.298828	0.454102	1.420898	-0.590820	-0.571289
1.160000	0.410156	0.551758	1.420898	-1.215820	2.124023
1.165000	-0.356445	-0.209961	1.420898	0.859375	-0.546875
1.170000	0.668945	-0.786133	1.420898	0.317383	-0.615234
1.175000	1.391602	0.297852	1.420898	-0.532227	-0.590820
1.180000	0.654297	0.585938	1.420898	-0.527344	1.020508
1.185000	-0.244141	0.180664	1.420898	-0.981445	0.502930
1.190000	0.283203	-0.957031	1.420898	0.605469	-0.610352
1.195000	1.391602	0.078125	1.420898	-0.415039	-0.600586
1.200000	0.888672	0.590820	1.420898	-0.571289	-0.488281
1.205000	-0.063477	0.410156	1.420898	-2.109375	2.202148
1.210000	-0.078125	-0.957031	1.420898	0.844727	-0.600586
1.215000	1.279297	-0.185547	1.420898	-0.239258	-0.605469
1.220000	1.108398	0.556641	1.420898	-0.595703	-0.546875
1.225000	0.141602	0.498047	1.420898	-2.143555	2.714844
1.230000	-0.307617	-0.717773	1.420898	0.966797	-0.585938
1.235000	1.059570	-0.478516	1.420898	-0.004883	-0.615234
1.240000	1.274414	0.473633	1.420898	-0.595703	-0.566406
1.245000	0.375977	0.546875	1.420898	-1.376953	2.265625
1.250000	-0.361328	-0.283203	1.420898	0.893555	-0.551758
1.255000	0.732422	-0.751953	1.420898	0.273438	-0.615234
1.260000	1.386719	0.327148	1.420898	-0.546875	-0.585938
1.265000	0.615234	0.581055	1.420898	-0.522461	1.225586
1.270000	-0.268555	0.126953	1.420898	-0.693359	-0.434570
1.275000	0.346680	-0.942383	1.420898	0.561523	-0.615234
1.280000	1.401367	0.117188	1.420898	-0.439453	-0.595703
1.285000	0.849609	0.595703	1.420898	-0.566406	-0.473633
1.290000	-0.092773	0.385742	1.420898	-2.001953	2.006836
1.295000	-0.019531	-0.971680	1.420898	0.815430	-0.605469
1.300000	1.308594	-0.141602	1.420898	-0.273438	-0.605469
1.305000	1.079102	0.566406	1.420898	-0.595703	-0.537109
1.310000	0.112305	0.488281	1.420898	-2.202148	2.705078
1.315000	-0.283203	-0.771484	1.420898	0.961914	-0.585938
1.320000	1.108398	-0.429688	1.420898	-0.043945	-0.615234
1.325000	1.250000	0.493164	1.420898	-0.595703	-0.566406
1.330000	0.336914	0.537109	1.420898	-1.542969	2.392578
1.335000	-0.361328	-0.356445	1.420898	0.922852	-0.556641
1.340000	0.791016	-0.708008	1.420898	0.229492	-0.615234
1.345000	1.372070	0.356445	1.420898	-0.556641	-0.581055
1.350000	0.571289	0.576172	1.420898	-0.517578	1.416016
1.355000	-0.288086	0.063477	1.420898	-0.390625	-0.478516
1.360000	0.410156	-0.917969	1.420898	0.517578	-0.615234
1.365000	1.406250	0.156250	1.420898	-0.458984	-0.600586
1.370000	0.815430	0.595703	1.420898	-0.556641	-0.449219
1.375000	-0.126953	0.356445	1.416016	-1.865234	1.782227
1.380000	0.029297	-0.986328	1.420898	0.776367	-0.605469
1.385000	1.333008	-0.092773	1.420898	-0.302734	-0.605469
1.390000	1.040039	0.576172	1.420898	-0.590820	-0.527344
1.395000	0.073242	0.483398	1.420898	-2.236328	2.666016
1.400000	-0.249023	-0.825195	1.420898	0.947266	-0.590820
1.405000	1.147461	-0.380859	1.420898	-0.087891	-0.610352
1.410000	1.235352	0.507812	1.420898	-0.595703	-0.556641
1.415000	0.302734	0.537109	1.420898	-1.694336	2.495117
1.420000	-0.361328	-0.429688	1.420898	0.942383	-0.566406
1.425000	0.849609	-0.668945	1.420898	0.175781	-0.615234
1.430000	1.352539	0.380859	1.420898	-0.566406	-0.581055
1.435000	0.537109	0.576172	1.420898	-0.634766	1.606445
1.440000	-0.312500	0.004883	1.420898	-0.053711	-0.502930
1.445000	0.478516	-0.888672	1.420898	0.468750	-0.610352
1.450000	1.406250	0.195312	1.420898	-0.478516	-0.595703
1.455000	0.771484	0.595703	1.425781	-0.551758	-0.380859
1.460000	-0.156250	0.322266	1.420898	-1.699219	1.533203
1.465000	0.087891	-0.986328	1.420898	0.737305	-0.605469
1.470000	1.352539	-0.048828	1.420898	-0.332031	-0.605469
1.475000	1.000977	0.581055	1.420898	-0.585938	-0.522461
1.480000	0.039062	0.468750	1.420898	-2.246094	2.597656
1.485000	-0.214844	-0.869141	1.420898	0.927734	-0.595703
1.490000	1.191406	-0.332031	1.420898	-0.126953	-0.610352
1.495000	1.206055	0.522461	1.420898	-0.595703	-0.556641
1.500000	0.263672	0.527344	1.420898	-1.831055	2.583008
1.505000	-0.361328	-0.507812	1.420898	0.961914	-0.571289
1.510000	0.903320	-0.625000	1.420898	0.136719	-0.615234
1.515000	1.342773	0.405273	1.420898	-0.576172	-0.576172
1.520000	0.498047	0.566406	1.425781	-0.825195	1.787109
1.525000	-0.322266	-0.058594	1.420898	0.297852	-0.517578
1.530000	0.537109	-0.864258	1.420898	0.424805	-0.615234
1.535000	1.406250	0.229492	1.420898	-0.498047	-0.595703
1.540000	0.737305	0.595703	1.420898	-0.546875	0.532227
1.545000	-0.185547	0.278320	1.416016	-1.499023	1.250000
1.550000	0.146484	-0.981445	1.420898	0.698242	-0.605469
1.555000	1.367188	-0.009766	1.420898	-0.366211	-0.605469
1.560000	0.966797	0.585938	1.420898	-0.585938	-0.517578
1.565000	0.009766	0.454102	1.416016	-2.231445	2.500000
1.570000	-0.175781	-0.908203	1.425781	0.908203	-0.595703
1.575000	1.225586	-0.288086	1.420898	-0.161133	-0.610352
1.580000	1.176758	0.537109	1.420898	-0.600586	-0.556641
1.585000	0.219727	0.517578	1.420898	-1.948242	2.651367
1.590000	-0.346680	-0.576172	1.420898	0.966797	-0.576172
1.595000	0.957031	-0.576172	1.420898	0.087891	-0.615234
1.600000	1.318359	0.429688	1.420898	-0.576172	-0.576172
1.605000	0.458984	0.561523	1.420898	-1.015625	1.953125
1.610000	-0.346680	-0.131836	1.420898	0.673828	-0.532227
1.615000	0.600586	-0.830078	1.420898	0.371094	-0.615234
1.620000	1.396484	0.263672	1.420898	-0.512695	-0.595703
1.625000	0.693359	0.590820	1.420898	-0.541992	0.781250
1.630000	-0.214844	0.234375	1.420898	-1.269531	0.932617
1.635000	0.214844	-0.971680	1.420898	0.654297	-0.605469
1.640000	1.381836	0.034180	1.420898	-0.385742	-0.600586
1.645000	0.932617	0.590820	1.420898	-0.576172	-0.507812
1.650000	-0.024414	0.434570	1.420898	-2.187500	2.377930
1.655000	-0.131836	-0.937500	1.420898	0.878906	-0.595703
1.660000	1.250000	-0.239258	1.420898	-0.200195	-0.605469
1.665000	1.147461	0.541992	1.420898	-0.595703	-0.546875
1.670000	0.185547	0.507812	1.420898	-2.050781	2.695312
1.675000	-0.327148	-0.639648	1.420898	0.971680	-0.581055
1.680000	1.005859	-0.532227	1.420898	0.043945	-0.615234
1.685000	1.303711	0.454102	1.420898	-0.590820	-0.576172
1.690000	0.415039	0.556641	1.420898	-1.196289	2.114258
1.695000	-0.356445	-0.200195	1.420898	0.854492	-0.541992
1.700000	0.664062	-0.791016	1.420898	0.327148	-0.615234
1.705000	1.391602	0.292969	1.420898	-0.527344	-0.590820
1.710000	0.654297	0.585938	1.420898	-0.527344	1.000977
1.715000	-0.244141	0.185547	1.416016	-1.010742	0.551758
1.720000	0.278320	-0.961914	1.420898	0.615234	-0.610352
1.725000	1.391602	0.073242	1.420898	-0.415039	-0.600586
1.730000	0.893555	0.590820	1.420898	-0.571289	-0.493164
1.735000	-0.053711	0.415039	1.420898	-2.114258	2.221680
1.740000	-0.083008	-0.957031	1.420898	0.849609	-0.600586
1.745000	1.279297	-0.190430	1.420898	-0.234375	-0.605469
1.750000	1.113281	0.556641	1.420898	-0.595703	-0.546875
1.755000	0.151367	0.498047	1.420898	-2.133789	2.714844
1.760000	-0.312500	-0.708008	1.416016	0.966797	-0.585938
1.765000	1.054688	-0.483398	1.416016	0.000000	-0.615234
1.770000	1.274414	0.468750	1.420898	-0.590820	-0.566406
1.775000	0.375977	0.546875	1.420898	-1.362305	2.250977
1.780000	-0.361328	-0.273438	1.420898	0.893555	-0.551758
1.785000	0.727539	-0.751953	1.420898	0.278320	-0.615234
1.790000	1.391602	0.327148	1.420898	-0.541992	-0.585938
1.795000	0.615234	0.576172	1.420898	-0.522461	1.206055
1.800000	-0.268555	0.131836	1.420898	-0.727539	-0.424805
1.805000	0.341797	-0.942383	1.420898	0.571289	-0.615234
1.810000	1.401367	0.112305	1.420898	-0.439453	-0.595703
1.815000	0.854492	0.595703	1.420898	-0.566406	-0.478516
1.820000	-0.087891	0.385742	1.416016	-2.011719	2.031250
1.825000	-0.029297	-0.971680	1.420898	0.815430	-0.605469
1.830000	1.308594	-0.146484	1.420898	-0.268555	-0.605469
1.835000	1.079102	0.566406	1.420898	-0.595703	-0.541992
1.840000	0.117188	0.493164	1.420898	-2.192383	2.709961
1.845000	-0.283203	-0.766602	1.420898	0.961914	-0.590820
1.850000	1.103516	-0.434570	1.420898	-0.043945	-0.615234
1.855000	1.254883	0.488281	1.420898	-0.595703	-0.566406
1.860000	0.336914	0.537109	1.420898	-1.523438	2.382812
1.865000	-0.361328	-0.346680	1.416016	0.922852	-0.556641
1.870000	0.786133	-0.712891	1.420898	0.229492	-0.615234
1.875000	1.372070	0.351562	1.420898	-0.556641	-0.585938
1.880000	0.576172	0.576172	1.420898	-0.517578	1.396484
1.885000	-0.288086	0.073242	1.420898	-0.424805	-0.478516
1.890000	0.400391	-0.917969	1.420898	0.522461	-0.615234
1.895000	1.406250	0.151367	1.416016	-0.458984	-0.595703
1.900000	0.820312	0.595703	1.420898	-0.556641	-0.454102
1.905000	-0.122070	0.361328	1.420898	-1.875000	1.811523
1.910000	0.024414	-0.981445	1.420898	0.781250	-0.605469
1.915000	1.328125	-0.097656	1.420898	-0.297852	-0.605469
1.920000	1.044922	0.576172	1.420898	-0.595703	-0.532227
1.925000	0.078125	0.483398	1.416016	-2.236328	2.670898
1.930000	-0.253906	-0.820312	1.420898	0.947266	-0.595703
1.935000	1.147461	-0.390625	1.420898	-0.083008	-0.615234
1.940000	1.235352	0.502930	1.420898	-0.600586	-0.561523
1.945000	0.302734	0.537109	1.420898	-1.679688	2.485352
1.950000	-0.361328	-0.424805	1.420898	0.942383	-0.566406
1.955000	0.839844	-0.673828	1.420898	0.185547	-0.615234
1.960000	1.357422	0.375977	1.420898	-0.561523	-0.581055
1.965000	0.541992	0.576172	1.420898	-0.615234	1.586914
1.970000	-0.307617	0.009766	1.420898	-0.087891	-0.502930
1.975000	0.468750	-0.893555	1.420898	0.473633	-0.615234
1.980000	1.406250	0.190430	1.420898	-0.478516	-0.595703
1.985000	0.776367	0.595703	1.420898	-0.556641	-0.400391
1.990000	-0.151367	0.327148	1.420898	-1.718750	1.557617
1.995000	0.083008	-0.986328	1.420898	0.742188	-0.605469
2.000000	1.352539	-0.058594	1.420898	-0.327148	-0.605469
2.005000	1.005859	0.581055	1.420898	-0.585938	-0.522461
2.010000	0.043945	0.468750	1.420898	-2.250977	2.607422
2.015000	-0.219727	-0.864258	1.420898	0.927734	-0.595703
2.020000	1.181641	-0.336914	1.420898	-0.122070	-0.610352
2.025000	1.206055	0.522461	1.420898	-0.600586	-0.556641
2.030000	0.263672	0.522461	1.420898	-1.816406	2.573242
2.035000	-0.356445	-0.498047	1.420898	0.961914	-0.571289
2.040000	0.898438	-0.629883	1.420898	0.141602	-0.615234
2.045000	1.342773	0.405273	1.420898	-0.576172	-0.576172
2.050000	0.498047	0.566406	1.420898	-0.800781	1.767578
2.055000	-0.327148	-0.048828	1.420898	0.258789	-0.522461
2.060000	0.532227	-0.864258	1.420898	0.429688	-0.615234
2.065000	1.406250	0.224609	1.420898	-0.493164	-0.595703
2.070000	0.742188	0.595703	1.420898	-0.546875	0.498047
2.075000	-0.180664	0.288086	1.420898	-1.523438	1.279297
2.080000	0.141602	-0.986328	1.420898	0.703125	-0.605469
2.085000	1.372070	-0.009766	1.420898	-0.361328	-0.605469
2.090000	0.971680	0.585938	1.420898	-0.581055	-0.517578
2.095000	0.009766	0.458984	1.420898	-2.231445	2.514648
2.100000	-0.175781	-0.903320	1.420898	0.908203	-0.595703
2.105000	1.220703	-0.292969	1.420898	-0.156250	-0.610352
2.110000	1.176758	0.537109	1.420898	-0.595703	-0.556641
2.115000	0.224609	0.517578	1.420898	-1.938477	2.646484
2.120000	-0.346680	-0.566406	1.420898	0.966797	-0.576172
2.125000	0.957031	-0.581055	1.416016	0.092773	-0.615234
2.130000	1.323242	0.424805	1.420898	-0.576172	-0.576172
2.135000	0.458984	0.561523	1.420898	-0.991211	1.938477
2.140000	-0.341797	-0.122070	1.425781	0.629883	-0.532227
2.145000	0.595703	-0.830078	1.420898	0.380859	-0.615234
2.150000	1.401367	0.258789	1.420898	-0.512695	-0.595703
2.155000	0.703125	0.590820	1.420898	-0.537109	0.751953
2.160000	-0.209961	0.239258	1.420898	-1.293945	0.971680
2.165000	0.205078	-0.971680	1.420898	0.664062	-0.610352
2.170000	1.381836	0.029297	1.420898	-0.385742	-0.605469
2.175000	0.937500	0.590820	1.420898	-0.576172	-0.507812
2.180000	-0.019531	0.439453	1.420898	-2.197266	2.397461
2.185000	-0.131836	-0.932617	1.420898	0.878906	-0.600586
2.190000	1.245117	-0.244141	1.420898	-0.195312	-0.605469
2.195000	1.147461	0.546875	1.420898	-0.600586	-0.546875
2.200000	0.190430	0.507812	1.420898	-2.041016	2.695312
2.205000	-0.332031	-0.634766	1.420898	0.971680	-0.581055
2.210000	1.000977	-0.537109	1.420898	0.048828	-0.615234
2.215000	1.303711	0.449219	1.420898	-0.585938	-0.571289
2.220000	0.419922	0.556641	1.420898	-1.171875	2.094727
2.225000	-0.351562	-0.190430	1.420898	0.854492	-0.546875
2.230000	0.659180	-0.795898	1.420898	0.332031	-0.615234
2.235000	1.391602	0.292969	1.420898	-0.527344	-0.590820
2.240000	0.659180	0.585938	1.420898	-0.527344	0.976562
2.245000	-0.239258	0.190430	1.420898	-1.044922	0.605469
2.250000	0.268555	-0.961914	1.420898	0.615234	-0.610352
2.255000	1.391602	0.073242	1.420898	-0.410156	-0.600586
2.260000	0.898438	0.595703	1.420898	-0.576172	-0.498047
2.265000	-0.053711	0.419922	1.420898	-2.124023	2.241211
2.270000	-0.087891	-0.947266	1.420898	0.854492	-0.605469
2.275000	1.274414	-0.195312	1.420898	-0.234375	-0.610352
2.280000	1.113281	0.556641	1.420898	-0.600586	-0.546875
2.285000	0.156250	0.498047	1.420898	-2.128906	2.714844
2.290000	-0.317383	-0.703125	1.420898	0.966797	-0.585938
2.295000	1.049805	-0.488281	1.420898	0.000000	-0.615234
2.300000	1.279297	0.468750	1.420898	-0.595703	-0.571289
2.305000	0.380859	0.546875	1.420898	-1.347656	2.241211
2.310000	-0.356445	-0.263672	1.420898	0.888672	-0.556641
2.315000	0.717773	-0.756836	1.420898	0.283203	-0.615234
2.320000	1.386719	0.322266	1.420898	-0.541992	-0.585938
2.325000	0.620117	0.581055	1.420898	-0.522461	1.191406
2.330000	-0.263672	0.136719	1.420898	-0.751953	-0.419922
2.335000	0.332031	-0.947266	1.420898	0.576172	-0.615234
2.340000	1.401367	0.112305	1.420898	-0.434570	-0.595703
2.345000	0.859375	0.595703	1.420898	-0.566406	-0.478516
2.350000	-0.087891	0.390625	1.420898	-2.021484	2.050781
2.355000	-0.034180	-0.971680	1.420898	0.820312	-0.605469
2.360000	1.303711	-0.151367	1.420898	-0.263672	-0.605469
2.365000	1.083984	0.566406	1.416016	-0.595703	-0.537109
2.370000	0.117188	0.493164	1.420898	-2.192383	2.709961
2.375000	-0.288086	-0.761719	1.420898	0.961914	-0.585938
2.380000	1.098633	-0.439453	1.420898	-0.039062	-0.615234
2.385000	1.254883	0.488281	1.420898	-0.600586	-0.566406
2.390000	0.346680	0.537109	1.420898	-1.513672	2.368164
2.395000	-0.361328	-0.341797	1.420898	0.922852	-0.561523
2.400000	0.781250	-0.712891	1.420898	0.239258	-0.615234
2.405000	1.376953	0.351562	1.420898	-0.556641	-0.585938
2.410000	0.581055	0.576172	1.420898	-0.517578	1.376953
2.415000	-0.288086	0.078125	1.420898	-0.454102	-0.478516
2.420000	0.395508	-0.917969	1.420898	0.527344	-0.615234
2.425000	1.406250	0.146484	1.420898	-0.454102	-0.595703
2.430000	0.825195	0.595703	1.416016	-0.556641	-0.454102
2.435000	-0.122070	0.361328	1.420898	-1.894531	1.835938
2.440000	0.019531	-0.981445	1.420898	0.786133	-0.605469
2.445000	1.328125	-0.102539	1.420898	-0.297852	-0.605469
2.450000	1.049805	0.576172	1.420898	-0.595703	-0.532227
2.455000	0.083008	0.483398	1.420898	-2.231445	2.675781
2.460000	-0.258789	-0.815430	1.420898	0.947266	-0.595703
2.465000	1.142578	-0.390625	1.420898	-0.078125	-0.615234
2.470000	1.240234	0.502930	1.420898	-0.600586	-0.556641
2.475000	0.307617	0.537109	1.420898	-1.665039	2.480469
2.480000	-0.361328	-0.415039	1.425781	0.942383	-0.561523
2.485000	0.839844	-0.673828	1.420898	0.190430	-0.615234
2.490000	1.362305	0.375977	1.420898	-0.561523	-0.581055
2.495000	0.541992	0.576172	1.420898	-0.595703	1.572266
2.500000	-0.307617	0.014648	1.420898	-0.117188	-0.502930
2.505000	0.463867	-0.898438	1.420898	0.478516	-0.615234
2.510000	1.411133	0.185547	1.420898	-0.478516	-0.595703
2.515000	0.781250	0.595703	1.420898	-0.556641	-0.405273
2.520000	-0.151367	0.327148	1.420898	-1.733398	1.582031
2.525000	0.073242	-0.986328	1.425781	0.747070	-0.605469
2.530000	1.352539	-0.058594	1.420898	-0.327148	-0.605469
2.535000	1.010742	0.576172	1.420898	-0.590820	-0.527344
2.540000	0.048828	0.468750	1.420898	-2.250977	2.617188
2.545000	-0.224609	-0.864258	1.420898	0.932617	-0.595703
2.550000	1.181641	-0.346680	1.420898	-0.117188	-0.610352
2.555000	1.215820	0.522461	1.420898	-0.600586	-0.556641
2.560000	0.273438	0.527344	1.416016	-1.806641	2.568359
2.565000	-0.361328	-0.493164	1.420898	0.957031	-0.566406
2.570000	0.893555	-0.629883	1.420898	0.141602	-0.615234
2.575000	1.347656	0.405273	1.420898	-0.571289	-0.576172
2.580000	0.502930	0.566406	1.420898	-0.786133	1.752930
2.585000	-0.322266	-0.048828	1.420898	0.229492	-0.517578
2.590000	0.527344	-0.869141	1.420898	0.434570	-0.615234
2.595000	1.406250	0.219727	1.420898	-0.493164	-0.595703
2.600000	0.742188	0.590820	1.420898	-0.546875	0.473633
2.605000	-0.180664	0.288086	1.416016	-1.542969	1.303711
2.610000	0.136719	-0.986328	1.420898	0.708008	-0.605469
2.615000	1.367188	-0.014648	1.416016	-0.356445	-0.605469
2.620000	0.976562	0.585938	1.420898	-0.585938	-0.517578
2.625000	0.014648	0.458984	1.420898	-2.241211	2.524414
2.630000	-0.180664	-0.903320	1.420898	0.913086	-0.595703
2.635000	1.215820	-0.302734	1.420898	-0.156250	-0.610352
2.640000	1.181641	0.537109	1.420898	-0.595703	-0.556641
2.645000	0.229492	0.517578	1.420898	-1.923828	2.641602
2.650000	-0.351562	-0.561523	1.420898	0.966797	-0.576172
2.655000	0.947266	-0.585938	1.420898	0.097656	-0.615234
2.660000	1.328125	0.424805	1.420898	-0.581055	-0.576172
2.665000	0.463867	0.566406	1.416016	-0.976562	1.923828
2.670000	-0.341797	-0.117188	1.420898	0.595703	-0.532227
2.675000	0.590820	-0.834961	1.420898	0.380859	-0.615234
2.680000	1.401367	0.253906	1.420898	-0.512695	-0.595703
2.685000	0.703125	0.590820	1.420898	-0.541992	0.732422
2.690000	-0.209961	0.244141	1.420898	-1.313477	1.000977
2.695000	0.200195	-0.976562	1.420898	0.664062	-0.610352
2.700000	1.381836	0.024414	1.420898	-0.385742	-0.605469
2.705000	0.937500	0.590820	1.420898	-0.576172	-0.507812
2.710000	-0.014648	0.439453	1.420898	-2.202148	2.407227
2.715000	-0.136719	-0.932617	1.420898	0.883789	-0.595703
2.720000	1.245117	-0.249023	1.420898	-0.195312	-0.610352
2.725000	1.152344	0.546875	1.420898	-0.600586	-0.551758
2.730000	0.195312	0.512695	1.420898	-2.031250	2.685547
2.735000	-0.332031	-0.629883	1.420898	0.966797	-0.576172
2.740000	1.000977	-0.541992	1.420898	0.053711	-0.615234
2.745000	1.303711	0.449219	1.420898	-0.585938	-0.576172
2.750000	0.429688	0.556641	1.420898	-1.157227	2.084961
2.755000	-0.351562	-0.185547	1.420898	0.849609	-0.541992
2.760000	0.649414	-0.795898	1.416016	0.336914	-0.615234
2.765000	1.396484	0.288086	1.420898	-0.522461	-0.590820
2.770000	0.668945	0.585938	1.420898	-0.532227	0.957031
2.775000	-0.239258	0.195312	1.420898	-1.064453	0.644531
2.780000	0.263672	-0.957031	1.420898	0.620117	-0.610352
2.785000	1.391602	0.063477	1.420898	-0.410156	-0.600586
2.790000	0.903320	0.595703	1.420898	-0.576172	-0.498047
2.795000	-0.053711	0.415039	1.420898	-2.138672	2.250977
2.800000	-0.092773	-0.952148	1.420898	0.854492	-0.600586
2.805000	1.274414	-0.200195	1.420898	-0.229492	-0.605469
2.810000	1.118164	0.556641	1.420898	-0.595703	-0.546875
2.815000	0.156250	0.498047	1.420898	-2.124023	2.714844
2.820000	-0.317383	-0.698242	1.420898	0.966797	-0.585938
2.825000	1.044922	-0.493164	1.420898	0.004883	-0.615234
2.830000	1.284180	0.463867	1.420898	-0.590820	-0.571289
2.835000	0.385742	0.546875	1.420898	-1.333008	2.226562
2.840000	-0.361328	-0.263672	1.420898	0.888672	-0.556641
2.845000	0.712891	-0.761719	1.416016	0.288086	-0.615234
2.850000	1.386719	0.317383	1.420898	-0.537109	-0.585938
2.855000	0.625000	0.581055	1.420898	-0.522461	1.166992
2.860000	-0.263672	0.141602	1.420898	-0.786133	-0.400391
2.865000	0.327148	-0.947266	1.420898	0.581055	-0.615234
2.870000	1.401367	0.107422	1.420898	-0.434570	-0.600586
2.875000	0.859375	0.595703	1.420898	-0.566406	-0.478516
2.880000	-0.083008	0.390625	1.416016	-2.031250	2.070312
2.885000	-0.039062	-0.966797	1.420898	0.825195	-0.605469
2.890000	1.298828	-0.156250	1.420898	-0.263672	-0.605469
2.895000	1.083984	0.566406	1.416016	-0.595703	-0.537109
2.900000	0.122070	0.493164	1.420898	-2.187500	2.714844
2.905000	-0.292969	-0.756836	1.420898	0.961914	-0.585938
2.910000	1.093750	-0.444336	1.420898	-0.034180	-0.615234
2.915000	1.259766	0.488281	1.420898	-0.600586	-0.566406
2.920000	0.346680	0.537109	1.425781	-1.499023	2.358398
2.925000	-0.361328	-0.332031	1.420898	0.922852	-0.556641
2.930000	0.776367	-0.717773	1.420898	0.239258	-0.615234
2.935000	1.381836	0.346680	1.420898	-0.551758	-0.585938
2.940000	0.585938	0.576172	1.420898	-0.517578	1.362305
2.945000	-0.288086	0.083008	1.416016	-0.488281	-0.473633
2.950000	0.390625	-0.922852	1.420898	0.532227	-0.615234
2.955000	1.406250	0.141602	1.420898	-0.454102	-0.595703
2.960000	0.825195	0.595703	1.420898	-0.561523	-0.458984
2.965000	-0.122070	0.366211	1.420898	-1.904297	1.855469
2.970000	0.014648	-0.981445	1.420898	0.791016	-0.605469
2.975000	1.328125	-0.107422	1.420898	-0.292969	-0.605469
2.980000	1.049805	0.576172	1.420898	-0.595703	-0.532227
2.985000	0.083008	0.488281	1.420898	-2.231445	2.680664
2.990000	-0.258789	-0.810547	1.420898	0.952148	-0.595703
2.995000	1.137695	-0.395508	1.416016	-0.078125	-0.615234
3.000000	1.240234	0.502930	1.420898	-0.600586	-0.561523
3.005000	0.307617	0.537109	1.420898	-1.650391	2.470703
3.010000	-0.361328	-0.410156	1.420898	0.942383	-0.566406
3.015000	0.834961	-0.678711	1.420898	0.195312	-0.615234
3.020000	1.362305	0.375977	1.420898	-0.561523	-0.581055
3.025000	0.541992	0.576172	1.420898	-0.576172	1.552734
3.030000	-0.312500	0.024414	1.420898	-0.156250	-0.498047
3.035000	0.458984	-0.898438	1.420898	0.488281	-0.615234
3.040000	1.411133	0.185547	1.420898	-0.473633	-0.595703
3.045000	0.786133	0.595703	1.420898	-0.556641	-0.415039
3.050000	-0.146484	0.332031	1.420898	-1.752930	1.611328
3.055000	0.073242	-0.986328	1.420898	0.751953	-0.610352
3.060000	1.347656	-0.063477	1.416016	-0.322266	-0.605469
3.065000	1.010742	0.576172	1.416016	-0.590820	-0.527344
3.070000	0.048828	0.468750	1.420898	-2.250977	2.622070
3.075000	-0.224609	-0.859375	1.420898	0.932617	-0.595703
3.080000	1.176758	-0.351562	1.420898	-0.117188	-0.615234
3.085000	1.215820	0.522461	1.420898	-0.595703	-0.556641
3.090000	0.268555	0.527344	1.420898	-1.791992	2.563477
3.095000	-0.361328	-0.483398	1.420898	0.957031	-0.566406
3.100000	0.888672	-0.634766	1.420898	0.146484	-0.620117
3.105000	1.347656	0.400391	1.420898	-0.571289	-0.576172
3.110000	0.507812	0.571289	1.420898	-0.766602	1.733398
3.115000	-0.322266	-0.039062	1.420898	0.195312	-0.517578
3.120000	0.522461	-0.869141	1.420898	0.434570	-0.615234
3.125000	1.411133	0.219727	1.420898	-0.493164	-0.595703
3.130000	0.747070	0.595703	1.420898	-0.546875	0.439453
3.135000	-0.175781	0.292969	1.420898	-1.562500	1.333008
3.140000	0.131836	-0.986328	1.420898	0.712891	-0.610352
3.145000	1.367188	-0.019531	1.420898	-0.356445	-0.605469
3.150000	0.981445	0.585938	1.420898	-0.585938	-0.517578
3.155000	0.014648	0.458984	1.420898	-2.246094	2.534180
3.160000	-0.185547	-0.898438	1.420898	0.917969	-0.595703
3.165000	1.215820	-0.302734	1.420898	-0.151367	-0.610352
3.170000	1.186523	0.532227	1.420898	-0.600586	-0.556641
3.175000	0.234375	0.517578	1.420898	-1.914062	2.636719
3.180000	-0.351562	-0.556641	1.420898	0.966797	-0.576172
3.185000	0.942383	-0.590820	1.420898	0.102539	-0.615234
3.190000	1.328125	0.424805	1.420898	-0.576172	-0.576172
3.195000	0.468750	0.566406	1.420898	-0.961914	1.909180
3.200000	-0.341797	-0.107422	1.420898	0.561523	-0.527344
3.205000	0.585938	-0.834961	1.420898	0.390625	-0.615234
3.210000	1.401367	0.258789	1.420898	-0.507812	-0.595703
3.215000	0.708008	0.590820	1.420898	-0.541992	0.712891
3.220000	-0.205078	0.253906	1.420898	-1.342773	1.030273
3.225000	0.190430	-0.976562	1.420898	0.668945	-0.610352
3.230000	1.381836	0.019531	1.420898	-0.380859	-0.605469
3.235000	0.942383	0.590820	1.416016	-0.581055	-0.512695
3.240000	-0.014648	0.439453	1.420898	-2.207031	2.421875
3.245000	-0.141602	-0.927734	1.416016	0.888672	-0.600586
3.250000	1.245117	-0.253906	1.420898	-0.190430	-0.610352
3.255000	1.152344	0.546875	1.420898	-0.595703	-0.551758
3.260000	0.200195	0.512695	1.420898	-2.021484	2.685547
3.265000	-0.336914	-0.625000	1.420898	0.971680	-0.576172
3.270000	0.991211	-0.541992	1.420898	0.058594	-0.615234
3.275000	1.313477	0.449219	1.420898	-0.585938	-0.576172
3.280000	0.429688	0.556641	1.420898	-1.142578	2.070312
3.285000	-0.351562	-0.180664	1.420898	0.844727	-0.546875
3.290000	0.644531	-0.800781	1.420898	0.341797	-0.615234
3.295000	1.396484	0.288086	1.420898	-0.522461	-0.595703
3.300000	0.668945	0.585938	1.416016	-0.532227	0.942383
3.305000	-0.234375	0.200195	1.420898	-1.088867	0.678711
3.310000	0.258789	-0.966797	1.420898	0.625000	-0.610352
3.315000	1.391602	0.063477	1.420898	-0.405273	-0.605469
3.320000	0.903320	0.590820	1.420898	-0.576172	-0.498047
3.325000	-0.048828	0.419922	1.420898	-2.138672	2.270508
3.330000	-0.097656	-0.947266	1.420898	0.859375	-0.600586
3.335000	1.274414	-0.205078	1.420898	-0.224609	-0.610352
3.340000	1.123047	0.556641	1.420898	-0.595703	-0.546875
3.345000	0.161133	0.502930	1.420898	-2.114258	2.714844
3.350000	-0.317383	-0.688477	1.420898	0.966797	-0.585938
3.355000	1.044922	-0.498047	1.420898	0.009766	-0.615234
3.360000	1.289062	0.463867	1.420898	-0.590820	-0.571289
3.365000	0.390625	0.546875	1.420898	-1.313477	2.216797
3.370000	-0.361328	-0.253906	1.420898	0.883789	-0.556641
3.375000	0.708008	-0.766602	1.420898	0.292969	-0.615234
3.380000	1.391602	0.312500	1.420898	-0.537109	-0.590820
3.385000	0.629883	0.581055	1.420898	-0.522461	1.152344
3.390000	-0.263672	0.146484	1.420898	-0.805664	-0.380859
3.395000	0.317383	-0.947266	1.420898	0.581055	-0.615234
3.400000	1.401367	0.102539	1.420898	-0.429688	-0.600586
3.405000	0.869141	0.595703	1.420898	-0.566406	-0.483398
3.410000	-0.078125	0.395508	1.420898	-2.045898	2.089844
3.415000	-0.043945	-0.971680	1.420898	0.830078	-0.605469
3.420000	1.298828	-0.161133	1.420898	-0.258789	-0.605469
3.425000	1.083984	0.566406	1.420898	-0.595703	-0.541992
3.430000	0.126953	0.493164	1.420898	-2.182617	2.709961
3.435000	-0.292969	-0.751953	1.420898	0.961914	-0.590820
3.440000	1.088867	-0.449219	1.420898	-0.029297	-0.615234
3.445000	1.259766	0.488281	1.420898	-0.595703	-0.566406
3.450000	0.351562	0.541992	1.420898	-1.484375	2.353516
3.455000	-0.361328	-0.327148	1.420898	0.913086	-0.556641
3.460000	0.766602	-0.722656	1.420898	0.244141	-0.615234
3.465000	1.381836	0.341797	1.425781	-0.551758	-0.585938
3.470000	0.590820	0.576172	1.416016	-0.517578	1.347656
3.475000	-0.283203	0.092773	1.420898	-0.512695	-0.473633
3.480000	0.385742	-0.927734	1.420898	0.532227	-0.615234
3.485000	1.401367	0.141602	1.420898	-0.454102	-0.595703
3.490000	0.830078	0.595703	1.416016	-0.561523	-0.458984
3.495000	-0.112305	0.366211	1.420898	-1.918945	1.875000
3.500000	0.004883	-0.981445	1.420898	0.791016	-0.605469
3.505000	1.323242	-0.112305	1.420898	-0.292969	-0.605469
3.510000	1.049805	0.576172	1.420898	-0.595703	-0.532227
3.515000	0.087891	0.483398	1.420898	-2.231445	2.685547
3.520000	-0.263672	-0.805664	1.420898	0.952148	-0.590820
3.525000	1.132812	-0.400391	1.420898	-0.073242	-0.615234
3.530000	1.240234	0.498047	1.420898	-0.600586	-0.561523
3.535000	0.312500	0.537109	1.420898	-1.640625	2.465820
3.540000	-0.366211	-0.405273	1.420898	0.937500	-0.561523
3.545000	0.830078	-0.678711	1.420898	0.200195	-0.615234
3.550000	1.362305	0.371094	1.420898	-0.556641	-0.585938
3.555000	0.551758	0.571289	1.420898	-0.561523	1.538086
3.560000	-0.302734	0.029297	1.420898	-0.180664	-0.498047
3.565000	0.454102	-0.903320	1.416016	0.488281	-0.615234
3.570000	1.411133	0.180664	1.420898	-0.478516	-0.595703
3.575000	0.791016	0.595703	1.420898	-0.556641	-0.419922
3.580000	-0.141602	0.332031	1.420898	-1.767578	1.630859
3.585000	0.063477	-0.986328	1.420898	0.756836	-0.605469
3.590000	1.342773	-0.068359	1.420898	-0.322266	-0.605469
3.595000	1.015625	0.581055	1.420898	-0.590820	-0.532227
3.600000	0.053711	0.473633	1.420898	-2.250977	2.626953
3.605000	-0.229492	-0.854492	1.420898	0.932617	-0.595703
3.610000	1.176758	-0.351562	1.420898	-0.112305	-0.615234
3.615000	1.215820	0.517578	1.420898	-0.600586	-0.556641
3.620000	0.273438	0.527344	1.420898	-1.782227	2.553711
3.625000	-0.361328	-0.478516	1.420898	0.957031	-0.571289
3.630000	0.888672	-0.639648	1.420898	0.151367	-0.615234
3.635000	1.352539	0.395508	1.420898	-0.571289	-0.576172
3.640000	0.512695	0.571289	1.420898	-0.751953	1.723633
3.645000	-0.327148	-0.034180	1.420898	0.166016	-0.517578
3.650000	0.517578	-0.874023	1.420898	0.439453	-0.615234
3.655000	1.406250	0.219727	1.420898	-0.488281	-0.595703
3.660000	0.751953	0.590820	1.420898	-0.551758	0.366211
3.665000	-0.175781	0.297852	1.416016	-1.577148	1.357422
3.670000	0.126953	-0.986328	1.420898	0.712891	-0.610352
3.675000	1.367188	-0.024414	1.420898	-0.351562	-0.605469
3.680000	0.986328	0.585938	1.420898	-0.585938	-0.522461
3.685000	0.019531	0.458984	1.420898	-2.246094	2.539062
3.690000	-0.190430	-0.893555	1.420898	0.917969	-0.595703
3.695000	1.210938	-0.307617	1.420898	-0.151367	-0.610352
3.700000	1.191406	0.532227	1.420898	-0.600586	-0.556641
3.705000	0.239258	0.522461	1.425781	-1.904297	2.631836
3.710000	-0.346680	-0.551758	1.420898	0.966797	-0.576172
3.715000	0.937500	-0.595703	1.420898	0.102539	-0.615234
3.720000	1.328125	0.419922	1.420898	-0.576172	-0.576172
3.725000	0.468750	0.566406	1.420898	-0.942383	1.894531
3.730000	-0.336914	-0.102539	1.420898	0.532227	-0.532227
3.735000	0.581055	-0.839844	1.420898	0.390625	-0.615234
3.740000	1.401367	0.253906	1.420898	-0.512695	-0.595703
3.745000	0.712891	0.590820	1.420898	-0.541992	0.693359
3.750000	-0.209961	0.253906	1.420898	-1.362305	1.054688
3.755000	0.190430	-0.976562	1.420898	0.668945	-0.610352
3.760000	1.381836	0.014648	1.416016	-0.375977	-0.605469
3.765000	0.947266	0.590820	1.420898	-0.576172	-0.512695
3.770000	-0.009766	0.444336	1.420898	-2.211914	2.426758
3.775000	-0.146484	-0.927734	1.420898	0.888672	-0.600586
3.780000	1.245117	-0.253906	1.420898	-0.185547	-0.610352
3.785000	1.157227	0.541992	1.420898	-0.595703	-0.556641
3.790000	0.200195	0.512695	1.420898	-2.016602	2.680664
3.795000	-0.336914	-0.620117	1.416016	0.971680	-0.576172
3.800000	0.991211	-0.551758	1.420898	0.058594	-0.615234
3.805000	1.313477	0.444336	1.425781	-0.585938	-0.576172
3.810000	0.429688	0.556641	1.420898	-1.127930	2.060547
3.815000	-0.351562	-0.175781	1.420898	0.839844	-0.541992
3.820000	0.639648	-0.805664	1.420898	0.346680	-0.615234
3.825000	1.396484	0.288086	1.420898	-0.522461	-0.590820
3.830000	0.673828	0.590820	1.420898	-0.532227	0.917969
3.835000	-0.229492	0.205078	1.425781	-1.113281	0.712891
3.840000	0.253906	-0.966797	1.420898	0.625000	-0.610352
3.845000	1.391602	0.058594	1.420898	-0.405273	-0.600586
3.850000	0.908203	0.590820	1.420898	-0.576172	-0.498047
3.855000	-0.048828	0.424805	1.420898	-2.148438	2.285156
3.860000	-0.097656	-0.947266	1.420898	0.859375	-0.605469
3.865000	1.269531	-0.209961	1.420898	-0.224609	-0.610352
3.870000	1.123047	0.556641	1.416016	-0.595703	-0.546875
3.875000	0.166016	0.502930	1.420898	-2.109375	2.709961
3.880000	-0.322266	-0.683594	1.420898	0.966797	-0.585938
3.885000	1.040039	-0.502930	1.416016	0.014648	-0.615234
3.890000	1.289062	0.463867	1.420898	-0.595703	-0.571289
3.895000	0.390625	0.546875	1.420898	-1.298828	2.202148
3.900000	-0.361328	-0.249023	1.416016	0.883789	-0.551758
3.905000	0.703125	-0.766602	1.420898	0.297852	-0.620117
3.910000	1.391602	0.312500	1.420898	-0.537109	-0.590820
3.915000	0.634766	0.585938	1.420898	-0.522461	1.132812
3.920000	-0.258789	0.151367	1.420898	-0.834961	-0.258789
3.925000	0.312500	-0.947266	1.416016	0.585938	-0.615234
3.930000	1.396484	0.102539	1.420898	-0.429688	-0.600586
3.935000	0.869141	0.590820	1.420898	-0.566406	-0.483398
3.940000	-0.078125	0.395508	1.420898	-2.055664	2.104492
3.945000	-0.048828	-0.966797	1.420898	0.830078	-0.605469
3.950000	1.298828	-0.161133	1.420898	-0.258789	-0.610352
3.955000	1.088867	0.566406	1.420898	-0.595703	-0.541992
3.960000	0.131836	0.493164	1.416016	-2.182617	2.714844
3.965000	-0.292969	-0.747070	1.420898	0.966797	-0.590820
3.970000	1.083984	-0.454102	1.420898	-0.024414	-0.615234
3.975000	1.264648	0.483398	1.420898	-0.595703	-0.566406
3.980000	0.356445	0.541992	1.420898	-1.464844	2.338867
3.985000	-0.361328	-0.322266	1.420898	0.913086	-0.556641
3.990000	0.761719	-0.727539	1.416016	0.249023	-0.615234
3.995000	1.381836	0.341797	1.420898	-0.551758	-0.585938
4.000000	0.595703	0.576172	1.420898	-0.517578	1.328125
4.005000	-0.283203	0.097656	1.420898	-0.541992	-0.463867
4.010000	0.380859	-0.932617	1.420898	0.541992	-0.615234
4.015000	1.406250	0.141602	1.420898	-0.449219	-0.595703
4.020000	0.834961	0.595703	1.420898	-0.561523	-0.463867
4.025000	-0.112305	0.371094	1.420898	-1.928711	1.894531
4.030000	0.000000	-0.986328	1.416016	0.791016	-0.605469
4.035000	1.318359	-0.117188	1.420898	-0.288086	-0.610352
4.040000	1.059570	0.576172	1.420898	-0.595703	-0.537109
4.045000	0.092773	0.488281	1.420898	-2.226562	2.690430
4.050000	-0.268555	-0.800781	1.420898	0.957031	-0.595703
4.055000	1.127930	-0.405273	1.420898	-0.068359	-0.615234
4.060000	1.240234	0.498047	1.420898	-0.595703	-0.566406
4.065000	0.312500	0.537109	1.420898	-1.621094	2.456055
4.070000	-0.361328	-0.395508	1.420898	0.937500	-0.561523
4.075000	0.825195	-0.683594	1.420898	0.200195	-0.615234
4.080000	1.367188	0.371094	1.420898	-0.556641	-0.585938
4.085000	0.556641	0.571289	1.420898	-0.546875	1.518555
4.090000	-0.302734	0.039062	1.420898	-0.214844	-0.498047
4.095000	0.444336	-0.903320	1.420898	0.493164	-0.615234
4.100000	1.406250	0.180664	1.420898	-0.473633	-0.595703
4.105000	0.795898	0.595703	1.420898	-0.556641	-0.424805
4.110000	-0.141602	0.336914	1.420898	-1.782227	1.655273
4.115000	0.063477	-0.986328	1.420898	0.761719	-0.605469
4.120000	1.347656	-0.073242	1.425781	-0.322266	-0.595703
4.125000	0.834961	0.595703	1.420898	-0.561523	-0.463867
4.130000	-0.107422	0.371094	1.420898	-1.933594	1.899414
4.135000	0.000000	-0.981445	1.420898	0.795898	-0.605469
4.140000	1.318359	-0.117188	1.420898	-0.288086	-0.605469
4.145000	1.059570	0.571289	1.416016	-0.590820	-0.532227
4.150000	0.092773	0.488281	1.420898	-2.226562	2.690430
4.155000	-0.263672	-0.800781	1.420898	0.957031	-0.590820
4.160000	1.127930	-0.405273	1.420898	-0.063477	-0.615234
4.165000	1.245117	0.502930	1.420898	-0.600586	-0.566406
4.170000	0.317383	0.537109	1.420898	-1.621094	2.456055
4.175000	-0.361328	-0.395508	1.420898	0.937500	-0.566406
4.180000	0.820312	-0.688477	1.420898	0.200195	-0.615234
4.185000	1.367188	0.371094	1.420898	-0.561523	-0.585938
4.190000	0.551758	0.576172	1.420898	-0.546875	1.518555
4.195000	-0.302734	0.034180	1.420898	-0.219727	-0.498047
4.200000	0.444336	-0.903320	1.420898	0.493164	-0.615234
4.205000	1.406250	0.175781	1.420898	-0.473633	-0.595703
4.210000	0.791016	0.595703	1.420898	-0.556641	-0.424805
4.215000	-0.141602	0.336914	1.420898	-1.782227	1.660156
4.220000	0.063477	-0.986328	1.420898	0.756836	-0.605469
4.225000	1.347656	-0.073242	1.420898	-0.322266	-0.605469
4.230000	1.025391	0.576172	1.420898	-0.595703	-0.527344
4.235000	0.058594	0.473633	1.420898	-2.246094	2.636719
4.240000	-0.234375	-0.849609	1.420898	0.932617	-0.595703
4.245000	1.166992	-0.356445	1.420898	-0.107422	-0.615234
4.250000	1.220703	0.517578	1.420898	-0.600586	-0.561523
4.255000	0.283203	0.527344	1.420898	-1.767578	2.543945
4.260000	-0.361328	-0.468750	1.420898	0.957031	-0.571289
4.265000	0.878906	-0.639648	1.420898	0.151367	-0.615234
4.270000	1.352539	0.395508	1.416016	-0.571289	-0.576172
4.275000	0.517578	0.571289	1.420898	-0.732422	1.699219
4.280000	-0.322266	-0.029297	1.416016	0.122070	-0.517578
4.285000	0.507812	-0.874023	1.420898	0.444336	-0.615234
4.290000	1.411133	0.214844	1.420898	-0.488281	-0.595703
4.295000	0.756836	0.595703	1.420898	-0.551758	0.214844
4.300000	-0.170898	0.297852	1.420898	-1.596680	1.386719
4.305000	0.117188	-0.986328	1.420898	0.722656	-0.605469
4.310000	1.362305	-0.029297	1.420898	-0.346680	-0.605469
4.315000	0.986328	0.581055	1.420898	-0.585938	-0.517578
4.320000	0.029297	0.458984	1.420898	-2.246094	2.548828
4.325000	-0.195312	-0.888672	1.420898	0.922852	-0.595703
4.330000	1.206055	-0.312500	1.420898	-0.146484	-0.615234
4.335000	1.191406	0.537109	1.420898	-0.595703	-0.556641
4.340000	0.244141	0.517578	1.420898	-1.889648	2.626953
4.345000	-0.356445	-0.541992	1.420898	0.966797	-0.576172
4.350000	0.932617	-0.600586	1.420898	0.112305	-0.615234
4.355000	1.333008	0.424805	1.420898	-0.581055	-0.576172
4.360000	0.478516	0.566406	1.420898	-0.922852	1.879883
4.365000	-0.336914	-0.092773	1.420898	0.493164	-0.527344
4.370000	0.576172	-0.844727	1.420898	0.395508	-0.615234
4.375000	1.406250	0.249023	1.420898	-0.507812	-0.595703
4.380000	0.712891	0.595703	1.420898	-0.541992	0.668945
4.385000	-0.200195	0.258789	1.420898	-1.381836	1.093750
4.390000	0.180664	-0.976562	1.420898	0.678711	-0.610352
4.395000	1.376953	0.014648	1.416016	-0.375977	-0.605469
4.400000	0.952148	0.590820	1.420898	-0.581055	-0.512695
4.405000	-0.009766	0.444336	1.420898	-2.211914	2.441406
4.410000	-0.151367	-0.922852	1.420898	0.888672	-0.595703
4.415000	1.240234	-0.263672	1.420898	-0.180664	-0.610352
4.420000	1.162109	0.541992	1.420898	-0.595703	-0.556641
4.425000	0.209961	0.517578	1.420898	-2.006836	2.680664
4.430000	-0.336914	-0.615234	1.420898	0.971680	-0.576172
4.435000	0.981445	-0.551758	1.420898	0.063477	-0.610352
4.440000	1.313477	0.439453	1.420898	-0.585938	-0.576172
4.445000	0.434570	0.556641	1.420898	-1.108398	2.041016
4.450000	-0.346680	-0.166016	1.420898	0.830078	-0.537109
4.455000	0.634766	-0.810547	1.420898	0.346680	-0.615234
4.460000	1.396484	0.278320	1.420898	-0.522461	-0.595703
4.465000	0.673828	0.585938	1.420898	-0.537109	0.898438
4.470000	-0.229492	0.209961	1.420898	-1.137695	0.747070
4.475000	0.249023	-0.966797	1.420898	0.634766	-0.610352
4.480000	1.391602	0.053711	1.420898	-0.400391	-0.605469
4.485000	0.917969	0.595703	1.420898	-0.576172	-0.498047
4.490000	-0.043945	0.424805	1.420898	-2.158203	2.299805
4.495000	-0.102539	-0.947266	1.420898	0.864258	-0.600586
4.500000	1.269531	-0.214844	1.420898	-0.219727	-0.610352
4.505000	1.127930	0.551758	1.420898	-0.595703	-0.546875
4.510000	0.170898	0.502930	1.420898	-2.099609	2.709961
4.515000	-0.322266	-0.678711	1.420898	0.966797	-0.585938
4.520000	1.035156	-0.507812	1.420898	0.019531	-0.615234
4.525000	1.293945	0.463867	1.420898	-0.590820	-0.571289
4.530000	0.395508	0.546875	1.420898	-1.284180	2.187500
4.535000	-0.356445	-0.239258	1.420898	0.878906	-0.551758
4.540000	0.698242	-0.771484	1.420898	0.297852	-0.615234
4.545000	1.391602	0.307617	1.420898	-0.537109	-0.585938
4.550000	0.639648	0.581055	1.420898	-0.527344	1.108398
4.555000	-0.253906	0.156250	1.420898	-0.864258	-0.112305
4.560000	0.307617	-0.947266	1.420898	0.590820	-0.615234
4.565000	1.396484	0.097656	1.420898	-0.424805	-0.605469
4.570000	0.874023	0.595703	1.420898	-0.571289	-0.483398
4.575000	-0.073242	0.400391	1.420898	-2.065430	2.124023
4.580000	-0.053711	-0.966797	1.420898	0.834961	-0.605469
4.585000	1.298828	-0.166016	1.420898	-0.253906	-0.610352
4.590000	1.093750	0.566406	1.420898	-0.595703	-0.541992
4.595000	0.131836	0.498047	1.420898	-2.172852	2.714844
4.600000	-0.297852	-0.742188	1.420898	0.966797	-0.590820
4.605000	1.083984	-0.458984	1.420898	-0.019531	-0.615234
4.610000	1.269531	0.483398	1.420898	-0.595703	-0.566406
4.615000	0.361328	0.541992	1.420898	-1.455078	2.329102
4.620000	-0.361328	-0.312500	1.420898	0.908203	-0.556641
4.625000	0.756836	-0.727539	1.420898	0.253906	-0.615234
4.630000	1.381836	0.341797	1.420898	-0.551758	-0.585938
4.635000	0.600586	0.581055	1.420898	-0.522461	1.308594
4.640000	-0.283203	0.102539	1.420898	-0.571289	-0.463867
4.645000	0.371094	-0.932617	1.420898	0.546875	-0.615234
4.650000	1.401367	0.136719	1.420898	-0.449219	-0.595703
4.655000	0.834961	0.595703	1.420898	-0.566406	-0.468750
4.660000	-0.107422	0.371094	1.420898	-1.943359	1.918945
4.665000	0.000000	-0.976562	1.420898	0.800781	-0.605469
4.670000	1.318359	-0.122070	1.420898	-0.288086	-0.605469
4.675000	1.064453	0.571289	1.420898	-0.595703	-0.537109
4.680000	0.097656	0.488281	1.420898	-2.221680	2.695312
4.685000	-0.268555	-0.795898	1.420898	0.957031	-0.595703
4.690000	1.127930	-0.410156	1.420898	-0.063477	-0.615234
4.695000	1.245117	0.498047	1.420898	-0.595703	-0.566406
4.700000	0.322266	0.537109	1.420898	-1.611328	2.441406
4.705000	-0.361328	-0.390625	1.416016	0.932617	-0.561523
4.710000	0.815430	-0.693359	1.420898	0.209961	-0.615234
4.715000	1.372070	0.366211	1.420898	-0.556641	-0.581055
4.720000	0.556641	0.576172	1.420898	-0.532227	1.503906
4.725000	-0.297852	0.043945	1.416016	-0.249023	-0.493164
4.730000	0.439453	-0.908203	1.420898	0.498047	-0.615234
4.735000	1.411133	0.175781	1.420898	-0.468750	-0.595703
4.740000	0.795898	0.595703	1.420898	-0.556641	-0.429688
4.745000	-0.136719	0.341797	1.420898	-1.801758	1.679688
4.750000	0.053711	-0.986328	1.420898	0.761719	-0.605469
4.755000	1.342773	-0.078125	1.420898	-0.317383	-0.605469
4.760000	1.025391	0.571289	1.420898	-0.590820	-0.527344
4.765000	0.063477	0.473633	1.420898	-2.246094	2.641602
4.770000	-0.239258	-0.844727	1.420898	0.942383	-0.595703
4.775000	1.166992	-0.361328	1.420898	-0.102539	-0.610352
4.780000	1.225586	0.517578	1.420898	-0.600586	-0.556641
4.785000	0.283203	0.532227	1.420898	-1.757812	2.539062
4.790000	-0.361328	-0.463867	1.420898	0.957031	-0.566406
4.795000	0.874023	-0.644531	1.420898	0.161133	-0.615234
4.800000	1.352539	0.390625	1.420898	-0.571289	-0.581055
4.805000	0.522461	0.571289	1.420898	-0.717773	1.684570
4.810000	-0.322266	-0.019531	1.420898	0.092773	-0.517578
4.815000	0.502930	-0.878906	1.420898	0.449219	-0.615234
4.820000	1.406250	0.214844	1.420898	-0.488281	-0.595703
4.825000	0.756836	0.590820	1.420898	-0.551758	0.058594
4.830000	-0.166016	0.302734	1.420898	-1.616211	1.416016
4.835000	0.117188	-0.986328	1.420898	0.722656	-0.605469
4.840000	1.357422	-0.029297	1.420898	-0.346680	-0.605469
4.845000	0.991211	0.581055	1.420898	-0.585938	-0.517578
4.850000	0.024414	0.458984	1.420898	-2.250977	2.558594
4.855000	-0.200195	-0.883789	1.416016	0.922852	-0.595703
4.860000	1.206055	-0.312500	1.420898	-0.141602	-0.610352
4.865000	1.196289	0.532227	1.420898	-0.595703	-0.556641
4.870000	0.249023	0.522461	1.425781	-1.884766	2.617188
4.875000	-0.351562	-0.537109	1.420898	0.966797	-0.576172
4.880000	0.927734	-0.600586	1.416016	0.112305	-0.615234
4.885000	1.333008	0.415039	1.420898	-0.576172	-0.576172
4.890000	0.478516	0.566406	1.420898	-0.908203	1.860352
4.895000	-0.332031	-0.092773	1.420898	0.458984	-0.527344
4.900000	0.566406	-0.849609	1.420898	0.400391	-0.615234
4.905000	1.401367	0.244141	1.420898	-0.507812	-0.595703
4.910000	0.717773	0.590820	1.420898	-0.541992	0.639648
4.915000	-0.200195	0.263672	1.420898	-1.406250	1.123047
4.920000	0.175781	-0.981445	1.420898	0.683594	-0.610352
4.925000	1.376953	0.009766	1.420898	-0.371094	-0.605469
4.930000	0.957031	0.585938	1.420898	-0.581055	-0.512695
4.935000	-0.009766	0.449219	1.420898	-2.221680	2.456055
4.940000	-0.156250	-0.917969	1.420898	0.893555	-0.600586
4.945000	1.240234	-0.268555	1.420898	-0.180664	-0.610352
4.950000	1.162109	0.537109	1.420898	-0.600586	-0.556641
4.955000	0.209961	0.493164	1.420898	-2.197266	2.709961
4.960000	-0.283203	-0.766602	1.425781	0.961914	-0.590820
4.965000	1.098633	-0.439453	1.420898	-0.043945	-0.615234
4.970000	1.254883	0.488281	1.420898	-0.595703	-0.566406
4.975000	0.341797	0.537109	1.420898	-1.523438	2.377930
4.980000	-0.361328	-0.346680	1.420898	0.922852	-0.556641
4.985000	0.781250	-0.712891	1.420898	0.234375	-0.615234
4.990000	1.376953	0.351562	1.420898	-0.556641	-0.585938
4.995000	0.581055	0.576172	1.420898	-0.517578	1.391602
5.000000	-0.288086	0.073242	1.420898	-0.434570	-0.478516
5.005000	0.400391	-0.922852	1.420898	0.527344	-0.615234
5.010000	1.406250	0.151367	1.420898	-0.454102	-0.595703
5.015000	0.820312	0.595703	1.420898	-0.556641	-0.449219
5.020000	-0.117188	0.361328	1.420898	-1.884766	1.816406
5.025000	0.024414	-0.981445	1.420898	0.781250	-0.605469
5.030000	1.328125	-0.102539	1.420898	-0.297852	-0.610352
5.035000	1.044922	0.576172	1.420898	-0.595703	-0.532227
5.040000	0.078125	0.483398	1.420898	-2.236328	2.670898
5.045000	-0.258789	-0.820312	1.420898	0.947266	-0.590820
5.050000	1.142578	-0.390625	1.420898	-0.083008	-0.615234
5.055000	1.240234	0.502930	1.420898	-0.595703	-0.561523
5.060000	0.302734	0.537109	1.420898	-1.674805	2.485352
5.065000	-0.361328	-0.419922	1.420898	0.942383	-0.566406
5.070000	0.844727	-0.673828	1.420898	0.185547	-0.615234
5.075000	1.357422	0.375977	1.420898	-0.561523	-0.581055
5.080000	0.537109	0.576172	1.420898	-0.610352	1.586914
5.085000	-0.312500	0.014648	1.420898	-0.102539	-0.502930
5.090000	0.468750	-0.893555	1.420898	0.478516	-0.615234
5.095000	1.411133	0.190430	1.420898	-0.478516	-0.595703
5.100000	0.781250	0.595703	1.420898	-0.556641	-0.400391
5.105000	-0.151367	0.327148	1.416016	-1.723633	1.567383
5.110000	0.083008	-0.986328	1.420898	0.747070	-0.605469
5.115000	1.347656	-0.058594	1.420898	-0.327148	-0.605469
5.120000	1.010742	0.581055	1.420898	-0.590820	-0.522461
5.125000	0.048828	0.473633	1.420898	-2.250977	2.607422
5.130000	-0.219727	-0.864258	1.420898	0.927734	-0.595703
5.135000	1.181641	-0.346680	1.420898	-0.122070	-0.610352
5.140000	1.210938	0.522461	1.420898	-0.600586	-0.556641
5.145000	0.268555	0.527344	1.420898	-1.816406	2.568359
5.150000	-0.361328	-0.493164	1.420898	0.957031	-0.571289
5.155000	0.898438	-0.629883	1.420898	0.141602	-0.615234
5.160000	1.347656	0.405273	1.420898	-0.571289	-0.576172
5.165000	0.502930	0.566406	1.420898	-0.795898	1.762695
5.170000	-0.322266	-0.053711	1.420898	0.249023	-0.522461
5.175000	0.532227	-0.864258	1.420898	0.429688	-0.615234
5.180000	1.406250	0.224609	1.416016	-0.493164	-0.600586
5.185000	0.742188	0.595703	1.420898	-0.546875	0.493164
5.190000	-0.180664	0.288086	1.420898	-1.528320	1.284180
5.195000	0.141602	-0.986328	1.416016	0.703125	-0.605469
5.200000	1.367188	-0.014648	1.420898	-0.356445	-0.605469
5.205000	0.976562	0.585938	1.420898	-0.585938	-0.517578
5.210000	0.014648	0.454102	1.420898	-2.236328	2.519531
5.215000	-0.180664	-0.903320	1.420898	0.913086	-0.595703
5.220000	1.220703	-0.292969	1.420898	-0.161133	-0.610352
5.225000	1.181641	0.537109	1.420898	-0.600586	-0.556641
5.230000	0.229492	0.517578	1.420898	-1.933594	2.646484
5.235000	-0.346680	-0.566406	1.420898	0.966797	-0.576172
5.240000	0.952148	-0.585938	1.420898	0.092773	-0.615234
5.245000	1.323242	0.424805	1.420898	-0.576172	-0.576172
5.250000	0.458984	0.561523	1.420898	-0.986328	1.933594
5.255000	-0.341797	-0.117188	1.420898	0.620117	-0.532227
5.260000	0.595703	-0.830078	1.420898	0.380859	-0.610352
5.265000	1.401367	0.258789	1.420898	-0.512695	-0.595703
5.270000	0.703125	0.590820	1.420898	-0.541992	0.747070
5.275000	-0.209961	0.244141	1.420898	-1.303711	0.981445
5.280000	0.205078	-0.971680	1.420898	0.659180	-0.610352
5.285000	1.381836	0.029297	1.420898	-0.390625	-0.600586
5.290000	0.937500	0.590820	1.420898	-0.576172	-0.507812
5.295000	-0.019531	0.439453	1.420898	-2.197266	2.402344
5.300000	-0.136719	-0.932617	1.420898	0.883789	-0.595703
5.305000	1.245117	-0.249023	1.420898	-0.195312	-0.610352
5.310000	1.152344	0.546875	1.420898	-0.600586	-0.551758
5.315000	0.190430	0.507812	1.420898	-2.036133	2.690430
5.320000	-0.327148	-0.634766	1.420898	0.971680	-0.576172
5.325000	1.000977	-0.537109	1.420898	0.048828	-0.615234
5.330000	1.303711	0.449219	1.416016	-0.585938	-0.576172
5.335000	0.424805	0.556641	1.420898	-1.166992	2.089844
5.340000	-0.356445	-0.190430	1.416016	0.849609	-0.546875
5.345000	0.654297	-0.795898	1.420898	0.332031	-0.615234
5.350000	1.396484	0.292969	1.420898	-0.527344	-0.590820
5.355000	0.664062	0.585938	1.420898	-0.532227	0.971680
5.360000	-0.239258	0.195312	1.420898	-1.049805	0.620117
5.365000	0.268555	-0.961914	1.416016	0.620117	-0.610352
5.370000	1.386719	0.068359	1.420898	-0.410156	-0.600586
5.375000	0.903320	0.595703	1.420898	-0.571289	-0.498047
5.380000	-0.053711	0.419922	1.420898	-2.128906	2.241211
5.385000	-0.087891	-0.952148	1.420898	0.854492	-0.605469
5.390000	1.274414	-0.200195	1.420898	-0.229492	-0.610352
5.395000	1.118164	0.556641	1.420898	-0.600586	-0.546875
5.400000	0.156250	0.498047	1.420898	-2.124023	2.714844
5.405000	-0.317383	-0.698242	1.420898	0.966797	-0.585938
5.410000	1.049805	-0.488281	1.420898	0.004883	-0.615234
5.415000	1.279297	0.468750	1.420898	-0.590820	-0.566406
5.420000	0.385742	0.546875	1.420898	-1.337891	2.236328
5.425000	-0.361328	-0.263672	1.420898	0.888672	-0.551758
5.430000	0.717773	-0.761719	1.420898	0.288086	-0.615234
5.435000	1.386719	0.322266	1.420898	-0.541992	-0.585938
5.440000	0.620117	0.581055	1.420898	-0.522461	1.181641
5.445000	-0.263672	0.141602	1.420898	-0.771484	-0.410156
5.450000	0.327148	-0.947266	1.420898	0.576172	-0.610352
5.455000	1.396484	0.112305	1.420898	-0.434570	-0.595703
5.460000	0.864258	0.595703	1.420898	-0.566406	-0.478516
5.465000	-0.083008	0.385742	1.420898	-2.026367	2.060547
5.470000	-0.039062	-0.966797	1.420898	0.820312	-0.605469
5.475000	1.303711	-0.151367	1.420898	-0.268555	-0.605469
5.480000	1.083984	0.566406	1.416016	-0.600586	-0.541992
5.485000	0.122070	0.493164	1.420898	-2.187500	2.709961
5.490000	-0.288086	-0.761719	1.420898	0.966797	-0.585938
5.495000	1.093750	-0.444336	1.420898	-0.034180	-0.615234
5.500000	1.254883	0.488281	1.420898	-0.595703	-0.566406
5.505000	0.346680	0.537109	1.420898	-1.503906	2.368164
5.510000	-0.361328	-0.336914	1.420898	0.922852	-0.556641
5.515000	0.776367	-0.717773	1.420898	0.234375	-0.615234
5.520000	1.376953	0.346680	1.420898	-0.551758	-0.590820
5.525000	0.585938	0.576172	1.420898	-0.517578	1.372070
5.530000	-0.283203	0.083008	1.420898	-0.468750	-0.473633
5.535000	0.395508	-0.922852	1.420898	0.532227	-0.615234
5.540000	1.406250	0.146484	1.420898	-0.458984	-0.600586
5.545000	0.825195	0.595703	1.420898	-0.561523	-0.454102
5.550000	-0.117188	0.361328	1.416016	-1.899414	1.845703
5.555000	0.014648	-0.981445	1.420898	0.786133	-0.605469
5.560000	1.323242	-0.107422	1.416016	-0.297852	-0.605469
5.565000	1.049805	0.576172	1.420898	-0.595703	-0.532227
5.570000	0.083008	0.483398	1.420898	-2.231445	2.675781
5.575000	-0.258789	-0.810547	1.420898	0.952148	-0.595703
5.580000	1.137695	-0.395508	1.420898	-0.078125	-0.615234
5.585000	1.240234	0.502930	1.420898	-0.595703	-0.561523
5.590000	0.307617	0.537109	1.420898	-1.660156	2.475586
5.595000	-0.361328	-0.415039	1.420898	0.942383	-0.566406
5.600000	0.839844	-0.673828	1.420898	0.190430	-0.615234
5.605000	1.362305	0.371094	1.416016	-0.561523	-0.585938
5.610000	0.546875	0.576172	1.420898	-0.590820	1.562500
5.615000	-0.307617	0.019531	1.425781	-0.136719	-0.502930
5.620000	0.458984	-0.898438	1.420898	0.483398	-0.615234
5.625000	1.411133	0.185547	1.420898	-0.478516	-0.595703
5.630000	0.786133	0.590820	1.420898	-0.556641	-0.405273
5.635000	-0.151367	0.327148	1.420898	-1.743164	1.596680
5.640000	0.073242	-0.986328	1.420898	0.751953	-0.605469
5.645000	1.352539	-0.058594	1.420898	-0.327148	-0.605469
5.650000	1.010742	0.576172	1.420898	-0.590820	-0.527344
5.655000	0.048828	0.468750	1.420898	-2.255859	2.617188
5.660000	-0.229492	-0.859375	1.420898	0.932617	-0.590820
5.665000	1.181641	-0.346680	1.420898	-0.117188	-0.610352
5.670000	1.210938	0.517578	1.420898	-0.595703	-0.556641
5.675000	0.268555	0.527344	1.420898	-1.796875	2.568359
5.680000	-0.361328	-0.483398	1.420898	0.957031	-0.571289
5.685000	0.893555	-0.634766	1.420898	0.146484	-0.615234
5.690000	1.347656	0.400391	1.420898	-0.576172	-0.576172
5.695000	0.507812	0.566406	1.420898	-0.776367	1.748047
5.700000	-0.327148	-0.039062	1.420898	0.209961	-0.517578
5.705000	0.527344	-0.869141	1.420898	0.434570	-0.615234
5.710000	1.411133	0.219727	1.425781	-0.493164	-0.595703
5.715000	0.742188	0.595703	1.420898	-0.551758	0.454102
5.720000	-0.175781	0.292969	1.420898	-1.552734	1.318359
5.725000	0.136719	-0.981445	1.416016	0.708008	-0.610352
5.730000	1.367188	-0.019531	1.420898	-0.356445	-0.605469
5.735000	0.976562	0.585938	1.420898	-0.585938	-0.517578
5.740000	0.014648	0.458984	1.420898	-2.236328	2.529297
5.745000	-0.185547	-0.898438	1.420898	0.913086	-0.595703
5.750000	1.215820	-0.297852	1.420898	-0.156250	-0.610352
5.755000	1.186523	0.537109	1.420898	-0.600586	-0.556641
5.760000	0.234375	0.517578	1.420898	-1.923828	2.636719
5.765000	-0.346680	-0.556641	1.420898	0.966797	-0.576172
5.770000	0.947266	-0.585938	1.420898	0.102539	-0.615234
5.775000	1.323242	0.424805	1.420898	-0.576172	-0.576172
5.780000	0.468750	0.561523	1.420898	-0.966797	1.914062
5.785000	-0.341797	-0.112305	1.416016	0.576172	-0.532227
5.790000	0.590820	-0.834961	1.420898	0.385742	-0.615234
5.795000	1.406250	0.258789	1.420898	-0.512695	-0.595703
5.800000	0.703125	0.590820	1.416016	-0.541992	0.722656
5.805000	-0.205078	0.249023	1.420898	-1.328125	1.015625
5.810000	0.195312	-0.976562	1.420898	0.664062	-0.610352
5.815000	1.376953	0.024414	1.420898	-0.380859	-0.605469
5.820000	0.942383	0.590820	1.420898	-0.576172	-0.507812
5.825000	-0.014648	0.439453	1.420898	-2.202148	2.416992
5.830000	-0.141602	-0.932617	1.420898	0.883789	-0.595703
5.835000	1.245117	-0.253906	1.420898	-0.190430	-0.610352
5.840000	1.157227	0.541992	1.420898	-0.600586	-0.551758
5.845000	0.195312	0.512695	1.420898	-2.026367	2.685547
5.850000	-0.332031	-0.625000	1.420898	0.966797	-0.581055
5.855000	0.996094	-0.546875	1.420898	0.053711	-0.615234
5.860000	1.308594	0.449219	1.420898	-0.585938	-0.576172
5.865000	0.424805	0.556641	1.420898	-1.147461	2.080078
5.870000	-0.351562	-0.180664	1.420898	0.844727	-0.541992
5.875000	0.649414	-0.800781	1.420898	0.336914	-0.615234
5.880000	1.396484	0.288086	1.420898	-0.527344	-0.590820
5.885000	0.668945	0.585938	1.416016	-0.532227	0.947266
5.890000	-0.234375	0.195312	1.420898	-1.083984	0.664062
5.895000	0.258789	-0.961914	1.420898	0.625000	-0.610352
5.900000	1.391602	0.063477	1.416016	-0.410156	-0.600586
5.905000	0.903320	0.590820	1.416016	-0.576172	-0.498047
5.910000	-0.048828	0.419922	1.420898	-2.138672	2.260742
5.915000	-0.092773	-0.947266	1.420898	0.859375	-0.600586
5.920000	1.269531	-0.205078	1.420898	-0.229492	-0.610352
5.925000	1.118164	0.556641	1.416016	-0.595703	-0.546875
5.930000	0.156250	0.498047	1.420898	-2.114258	2.714844
5.935000	-0.312500	-0.693359	1.420898	0.966797	-0.585938
5.940000	1.044922	-0.498047	1.420898	0.009766	-0.615234
5.945000	1.284180	0.468750	1.420898	-0.595703	-0.571289
5.950000	0.385742	0.546875	1.420898	-1.323242	2.221680
5.955000	-0.361328	-0.258789	1.420898	0.883789	-0.551758
5.960000	0.712891	-0.761719	1.420898	0.288086	-0.615234
5.965000	1.391602	0.317383	1.420898	-0.541992	-0.585938
5.970000	0.625000	0.585938	1.420898	-0.522461	1.162109
5.975000	-0.258789	0.146484	1.420898	-0.800781	-0.390625
5.980000	0.322266	-0.947266	1.420898	0.581055	-0.610352
5.985000	1.401367	0.107422	1.420898	-0.434570	-0.595703
5.990000	0.864258	0.595703	1.420898	-0.566406	-0.478516
5.995000	-0.083008	0.395508	1.420898	-2.041016	2.080078
6.000000	-0.039062	-0.966797	1.420898	0.825195	-0.605469
6.005000	1.303711	-0.156250	1.420898	-0.258789	-0.605469
6.010000	1.088867	0.566406	1.425781	-0.590820	-0.522461
6.015000	0.034180	0.463867	1.420898	-2.250977	2.583008
6.020000	-0.209961	-0.874023	1.420898	0.927734	-0.595703
6.025000	1.196289	-0.322266	1.420898	-0.131836	-0.610352
6.030000	1.201172	0.527344	1.420898	-0.600586	-0.556641
6.035000	0.258789	0.522461	1.420898	-1.855469	2.597656
6.040000	-0.356445	-0.517578	1.420898	0.961914	-0.571289
6.045000	0.917969	-0.615234	1.420898	0.122070	-0.615234
6.050000	1.337891	0.415039	1.420898	-0.576172	-0.581055
6.055000	0.488281	0.566406	1.420898	-0.859375	1.821289
6.060000	-0.327148	-0.073242	1.420898	0.371094	-0.527344
6.065000	0.551758	-0.859375	1.420898	0.410156	-0.615234
6.070000	1.406250	0.234375	1.420898	-0.502930	-0.595703
6.075000	0.727539	0.590820	1.420898	-0.546875	0.585938
6.080000	-0.190430	0.273438	1.420898	-1.459961	1.191406
6.085000	0.161133	-0.981445	1.420898	0.688477	-0.605469
6.090000	1.372070	0.000000	1.420898	-0.366211	-0.605469
6.095000	0.961914	0.585938	1.420898	-0.585938	-0.517578
6.100000	0.000000	0.454102	1.416016	-2.231445	2.485352
6.105000	-0.166016	-0.917969	1.420898	0.903320	-0.595703
6.110000	1.235352	-0.278320	1.416016	-0.170898	-0.610352
6.115000	1.171875	0.537109	1.420898	-0.600586	-0.556641
6.120000	0.214844	0.517578	1.420898	-1.977539	2.670898
6.125000	-0.341797	-0.590820	1.416016	0.971680	-0.581055
6.130000	0.971680	-0.566406	1.420898	0.078125	-0.615234
6.135000	1.318359	0.434570	1.420898	-0.581055	-0.581055
6.140000	0.454102	0.556641	1.420898	-1.044922	1.982422
6.145000	-0.341797	-0.141602	1.420898	0.732422	-0.537109
6.150000	0.610352	-0.820312	1.420898	0.366211	-0.615234
6.155000	1.396484	0.268555	1.420898	-0.517578	-0.595703
6.160000	0.688477	0.590820	1.420898	-0.537109	0.830078
6.165000	-0.219727	0.229492	1.420898	-1.220703	0.859375
6.170000	0.224609	-0.966797	1.420898	0.649414	-0.610352
6.175000	1.391602	0.043945	1.420898	-0.395508	-0.600586
6.180000	0.927734	0.595703	1.420898	-0.581055	-0.502930
6.185000	-0.029297	0.429688	1.420898	-2.177734	2.353516
6.190000	-0.122070	-0.942383	1.420898	0.878906	-0.600586
6.195000	1.254883	-0.229492	1.420898	-0.209961	-0.610352
6.200000	1.137695	0.551758	1.416016	-0.600586	-0.546875
6.205000	0.175781	0.507812	1.420898	-2.080078	2.705078
6.210000	-0.322266	-0.659180	1.420898	0.971680	-0.576172
6.215000	1.020508	-0.522461	1.420898	0.029297	-0.615234
6.220000	1.298828	0.458984	1.420898	-0.595703	-0.571289
6.225000	0.410156	0.556641	1.420898	-1.250000	2.163086
6.230000	-0.356445	-0.224609	1.420898	0.869141	-0.546875
6.235000	0.688477	-0.786133	1.420898	0.312500	-0.615234
6.240000	1.401367	0.302734	1.420898	-0.532227	-0.590820
6.245000	0.649414	0.585938	1.420898	-0.527344	1.030273
6.250000	-0.249023	0.180664	1.420898	-0.971680	0.488281
6.255000	0.283203	-0.947266	1.420898	0.605469	-0.615234
6.260000	1.386719	0.083008	1.420898	-0.415039	-0.600586
6.265000	0.878906	0.590820	1.420898	-0.571289	-0.483398
6.270000	-0.078125	0.405273	1.420898	-2.080078	2.138672
6.275000	-0.053711	-0.966797	1.420898	0.839844	-0.605469
6.280000	1.298828	-0.170898	1.420898	-0.249023	-0.610352
6.285000	1.108398	0.561523	1.420898	-0.600586	-0.546875
6.290000	0.141602	0.498047	1.420898	-2.148438	2.714844
6.295000	-0.302734	-0.717773	1.420898	0.961914	-0.585938
6.300000	1.069336	-0.468750	1.420898	-0.009766	-0.615234
6.305000	1.264648	0.478516	1.420898	-0.595703	-0.566406
6.310000	0.361328	0.541992	1.420898	-1.430664	2.304688
6.315000	-0.361328	-0.302734	1.420898	0.908203	-0.556641
6.320000	0.751953	-0.742188	1.420898	0.263672	-0.615234
6.325000	1.386719	0.336914	1.420898	-0.546875	-0.585938
6.330000	0.610352	0.576172	1.420898	-0.522461	1.254883
6.335000	-0.268555	0.117188	1.420898	-0.649414	-0.449219
6.340000	0.356445	-0.937500	1.420898	0.551758	-0.615234
6.345000	1.396484	0.126953	1.420898	-0.439453	-0.595703
6.350000	0.844727	0.590820	1.420898	-0.566406	-0.468750
6.355000	-0.097656	0.380859	1.420898	-1.972656	1.958008
6.360000	-0.009766	-0.976562	1.420898	0.800781	-0.605469
6.365000	1.313477	-0.131836	1.420898	-0.283203	-0.605469
6.370000	1.069336	0.571289	1.420898	-0.595703	-0.537109
6.375000	0.107422	0.488281	1.420898	-2.207031	2.700195
6.380000	-0.278320	-0.781250	1.420898	0.957031	-0.590820
6.385000	1.113281	-0.419922	1.416016	-0.053711	-0.615234
6.390000	1.245117	0.493164	1.420898	-0.595703	-0.566406
6.395000	0.327148	0.537109	1.420898	-1.577148	2.421875
6.400000	-0.361328	-0.371094	1.420898	0.932617	-0.561523
6.405000	0.805664	-0.698242	1.420898	0.214844	-0.615234
6.410000	1.372070	0.361328	1.420898	-0.556641	-0.585938
6.415000	0.566406	0.576172	1.420898	-0.517578	1.455078
6.420000	-0.297852	0.053711	1.420898	-0.332031	-0.488281
6.425000	0.424805	-0.913086	1.416016	0.507812	-0.615234
6.430000	1.406250	0.166016	1.420898	-0.463867	-0.595703
6.435000	0.800781	0.595703	1.420898	-0.551758	-0.439453
6.440000	-0.131836	0.346680	1.420898	-1.831055	1.733398
6.445000	0.043945	-0.986328	1.420898	0.771484	-0.605469
6.450000	1.337891	-0.087891	1.420898	-0.312500	-0.605469
6.455000	1.035156	0.576172	1.420898	-0.595703	-0.527344
6.460000	0.068359	0.478516	1.420898	-2.241211	2.656250
6.465000	-0.244141	-0.830078	1.416016	0.942383	-0.595703
6.470000	1.157227	-0.371094	1.420898	-0.092773	-0.615234
6.475000	1.230469	0.512695	1.420898	-0.600586	-0.561523
6.480000	0.288086	0.532227	1.420898	-1.728516	2.519531
6.485000	-0.361328	-0.444336	1.420898	0.947266	-0.566406
6.490000	0.859375	-0.654297	1.420898	0.170898	-0.615234
6.495000	1.352539	0.385742	1.420898	-0.566406	-0.581055
6.500000	0.532227	0.576172	1.420898	-0.664062	1.635742
6.505000	-0.312500	-0.004883	1.420898	0.000000	-0.512695
6.510000	0.483398	-0.883789	1.420898	0.463867	-0.620117
6.515000	1.401367	0.200195	1.420898	-0.478516	-0.595703
6.520000	0.766602	0.595703	1.420898	-0.556641	-0.224609
6.525000	-0.166016	0.307617	1.420898	-1.660156	1.474609
6.530000	0.097656	-0.986328	1.420898	0.732422	-0.610352
6.535000	1.352539	-0.043945	1.420898	-0.341797	-0.605469
6.540000	0.996094	0.581055	1.420898	-0.585938	-0.522461
6.545000	0.034180	0.463867	1.420898	-2.246094	2.578125
6.550000	-0.209961	-0.874023	1.420898	0.927734	-0.595703
6.555000	1.196289	-0.322266	1.420898	-0.136719	-0.615234
6.560000	1.201172	0.527344	1.416016	-0.600586	-0.556641
6.565000	0.253906	0.522461	1.420898	-1.850586	2.597656
6.570000	-0.356445	-0.517578	1.420898	0.961914	-0.576172
6.575000	0.917969	-0.615234	1.420898	0.122070	-0.615234
6.580000	1.333008	0.415039	1.420898	-0.576172	-0.576172
6.585000	0.488281	0.566406	1.420898	-0.854492	1.816406
6.590000	-0.327148	-0.073242	1.420898	0.361328	-0.522461
6.595000	0.551758	-0.854492	1.420898	0.410156	-0.615234
6.600000	1.401367	0.234375	1.420898	-0.498047	-0.595703
6.605000	0.727539	0.590820	1.420898	-0.546875	0.581055
6.610000	-0.195312	0.273438	1.420898	-1.459961	1.196289
6.615000	0.161133	-0.976562	1.420898	0.688477	-0.605469
6.620000	1.372070	0.000000	1.416016	-0.366211	-0.605469
6.625000	0.961914	0.585938	1.420898	-0.581055	-0.517578
6.630000	0.000000	0.454102	1.420898	-2.045898	2.084961
6.635000	-0.043945	-0.966797	1.420898	0.825195	-0.600586
6.640000	1.298828	-0.156250	1.420898	-0.258789	-0.605469
6.645000	1.088867	0.566406	1.420898	-0.595703	-0.541992
6.650000	0.126953	0.493164	1.420898	-2.182617	2.709961
6.655000	-0.292969	-0.751953	1.420898	0.961914	-0.585938
6.660000	1.088867	-0.449219	1.420898	-0.029297	-0.615234
6.665000	1.264648	0.483398	1.420898	-0.595703	-0.566406
6.670000	0.351562	0.537109	1.420898	-1.474609	2.343750
6.675000	-0.361328	-0.327148	1.420898	0.917969	-0.556641
6.680000	0.766602	-0.722656	1.420898	0.244141	-0.615234
6.685000	1.372070	0.341797	1.420898	-0.551758	-0.585938
6.690000	0.585938	0.576172	1.420898	-0.522461	1.362305
6.695000	-0.288086	0.083008	1.420898	-0.483398	-0.473633
6.700000	0.390625	-0.927734	1.420898	0.532227	-0.615234
6.705000	1.406250	0.146484	1.420898	-0.454102	-0.595703
6.710000	0.825195	0.595703	1.420898	-0.556641	0.585938
6.715000	-0.195312	0.273438	1.420898	-1.455078	1.191406
6.720000	0.161133	-0.981445	1.420898	0.688477	-0.610352
6.725000	1.372070	0.000000	1.420898	-0.366211	-0.610352
6.730000	0.961914	0.585938	1.420898	-0.585938	-0.517578
6.735000	0.000000	0.449219	1.420898	-2.226562	2.480469
6.740000	-0.166016	-0.913086	1.420898	0.903320	-0.595703
6.745000	1.235352	-0.273438	1.420898	-0.170898	-0.610352
6.750000	1.166992	0.537109	1.420898	-0.595703	-0.556641
6.755000	0.219727	0.517578	1.420898	-1.967773	2.661133
6.760000	-0.341797	-0.590820	1.420898	0.966797	-0.576172
6.765000	0.966797	-0.566406	1.420898	0.078125	-0.615234
6.770000	1.318359	0.434570	1.416016	-0.581055	-0.576172
6.775000	0.449219	0.556641	1.420898	-1.049805	1.987305
6.780000	-0.346680	-0.146484	1.420898	0.747070	-0.537109
6.785000	0.615234	-0.820312	1.420898	0.366211	-0.615234
6.790000	1.401367	0.268555	1.420898	-0.517578	-0.595703
6.795000	0.688477	0.585938	1.420898	-0.537109	0.825195
6.800000	-0.219727	0.224609	1.420898	-1.220703	0.864258
6.805000	0.224609	-0.966797	1.420898	0.649414	-0.610352
6.810000	1.386719	0.043945	1.420898	-0.395508	-0.605469
6.815000	0.927734	0.585938	1.420898	-0.576172	-0.502930
6.820000	-0.034180	0.429688	1.420898	-2.177734	2.348633
6.825000	-0.122070	-0.942383	1.420898	0.874023	-0.600586
6.830000	1.254883	-0.229492	1.420898	-0.209961	-0.610352
6.835000	1.137695	0.546875	1.420898	-0.600586	-0.551758
6.840000	0.175781	0.507812	1.420898	-2.070312	2.700195
6.845000	-0.327148	-0.654297	1.420898	0.966797	-0.581055
6.850000	1.015625	-0.522461	1.420898	0.034180	-0.615234
6.855000	1.298828	0.454102	1.420898	-0.585938	-0.576172
6.860000	0.410156	0.551758	1.420898	-1.225586	2.143555
6.865000	-0.356445	-0.214844	1.420898	0.859375	-0.546875
6.870000	0.678711	-0.786133	1.420898	0.317383	-0.615234
6.875000	1.391602	0.302734	1.416016	-0.532227	-0.590820
6.880000	0.649414	0.581055	1.420898	-0.527344	1.040039
6.885000	-0.244141	0.175781	1.420898	-0.961914	0.419922
6.890000	0.454102	-0.903320	1.420898	0.483398	-0.615234
6.895000	1.406250	0.180664	1.420898	-0.473633	-0.595703
6.900000	0.791016	0.595703	1.420898	-0.556641	-0.419922
6.905000	-0.146484	0.332031	1.420898	-1.757812	1.625977
6.910000	0.063477	-0.986328	1.420898	0.751953	-0.600586
6.915000	1.347656	-0.068359	1.420898	-0.322266	-0.605469
6.920000	1.015625	0.576172	1.420898	-0.590820	-0.527344
6.925000	0.053711	0.473633	1.420898	-2.246094	2.626953
6.930000	-0.229492	-0.854492	1.416016	0.932617	-0.595703
6.935000	1.171875	-0.351562	1.416016	-0.112305	-0.615234
6.940000	1.215820	0.512695	1.420898	-0.600586	-0.556641
6.945000	0.273438	0.527344	1.420898	-1.782227	2.553711
6.950000	-0.361328	-0.478516	1.420898	0.957031	-0.571289
6.955000	0.883789	-0.639648	1.416016	0.146484	-0.620117
6.960000	1.352539	0.395508	1.420898	-0.566406	-0.576172
6.965000	0.507812	0.571289	1.420898	-0.756836	1.723633
6.970000	-0.322266	-0.034180	1.420898	0.170898	-0.517578
6.975000	0.517578	-0.874023	1.420898	0.439453	-0.615234
6.980000	1.406250	0.219727	1.425781	-0.488281	-0.595703
6.985000	0.751953	0.595703	1.420898	-0.551758	0.395508
6.990000	-0.175781	0.297852	1.420898	-1.572266	1.352539
6.995000	0.122070	-0.986328	1.420898	0.717773	-0.605469
7.000000	1.362305	-0.024414	1.420898	-0.351562	-0.605469
7.005000	0.981445	0.581055	1.420898	-0.585938	-0.517578
7.010000	0.019531	0.458984	1.420898	-2.241211	2.543945
7.015000	-0.190430	-0.888672	1.420898	0.917969	-0.595703
7.020000	1.210938	-0.302734	1.420898	-0.151367	-0.615234
7.025000	1.186523	0.532227	1.420898	-0.595703	-0.556641
7.030000	0.239258	0.517578	1.420898	-1.904297	2.631836
7.035000	-0.351562	-0.551758	1.420898	0.966797	-0.576172
7.040000	0.937500	-0.595703	1.420898	0.107422	-0.615234
7.045000	1.328125	0.419922	1.420898	-0.576172	-0.576172
7.050000	0.468750	0.566406	1.420898	-0.942383	1.894531
7.055000	-0.341797	-0.102539	1.420898	0.541992	-0.532227
7.060000	0.581055	-0.834961	1.420898	0.390625	-0.615234
7.065000	1.401367	0.249023	1.420898	-0.507812	-0.590820
7.070000	0.712891	0.590820	1.420898	-0.541992	0.698242
7.075000	-0.205078	0.253906	1.420898	-1.347656	1.049805
7.080000	0.190430	-0.976562	1.420898	0.673828	-0.610352
7.085000	1.376953	0.014648	1.420898	-0.375977	-0.605469
7.090000	0.947266	0.585938	1.420898	-0.581055	-0.512695
7.095000	-0.009766	0.444336	1.420898	-2.207031	2.426758
7.100000	-0.146484	-0.922852	1.420898	0.888672	-0.600586
7.105000	1.240234	-0.258789	1.420898	-0.185547	-0.610352
7.110000	1.157227	0.537109	1.420898	-0.600586	-0.551758
7.115000	0.200195	0.512695	1.416016	-2.011719	2.685547
7.120000	-0.336914	-0.620117	1.420898	0.966797	-0.576172
7.125000	0.991211	-0.546875	1.420898	0.058594	-0.615234
7.130000	1.308594	0.444336	1.420898	-0.585938	-0.576172
7.135000	0.429688	0.556641	1.420898	-1.127930	2.055664
7.140000	-0.351562	-0.175781	1.416016	0.839844	-0.541992
7.145000	0.639648	-0.800781	1.420898	0.346680	-0.615234
7.150000	1.396484	0.283203	1.420898	-0.522461	-0.590820
7.155000	0.668945	0.585938	1.420898	-0.532227	0.922852
7.160000	-0.234375	0.200195	1.420898	-1.108398	0.708008
7.165000	0.249023	-0.961914	1.420898	0.629883	-0.610352
7.170000	1.391602	0.063477	1.420898	-0.405273	-0.600586
7.175000	0.908203	0.595703	1.420898	-0.576172	-0.498047
7.180000	-0.043945	0.419922	1.420898	-2.143555	2.280273
7.185000	-0.097656	-0.947266	1.420898	0.859375	-0.600586
7.190000	1.269531	-0.209961	1.420898	-0.224609	-0.605469
7.195000	1.123047	0.551758	1.420898	-0.595703	-0.551758
7.200000	0.166016	0.502930	1.420898	-2.109375	2.714844
7.205000	-0.317383	-0.683594	1.420898	0.966797	-0.585938
7.210000	1.040039	-0.502930	1.420898	0.014648	-0.615234
7.215000	1.289062	0.463867	1.420898	-0.590820	-0.571289
7.220000	0.390625	0.546875	1.420898	-1.298828	2.202148
7.225000	-0.361328	-0.249023	1.420898	0.878906	-0.551758
7.230000	0.703125	-0.766602	1.420898	0.297852	-0.615234
7.235000	1.391602	0.307617	1.420898	-0.537109	-0.590820
7.240000	0.629883	0.581055	1.420898	-0.522461	1.132812
7.245000	-0.258789	0.151367	1.420898	-0.834961	-0.249023
7.250000	0.317383	-0.947266	1.420898	0.585938	-0.615234
7.255000	1.396484	0.097656	1.420898	-0.429688	-0.600586
7.260000	0.869141	0.595703	1.420898	-0.571289	-0.483398
7.265000	-0.078125	0.395508	1.420898	-2.050781	2.099609
7.270000	-0.048828	-0.966797	1.420898	0.830078	-0.605469
7.275000	1.293945	-0.161133	1.420898	-0.258789	-0.605469
7.280000	1.088867	0.561523	1.420898	-0.595703	-0.541992
7.285000	0.126953	0.498047	1.420898	-2.177734	2.714844
7.290000	-0.292969	-0.747070	1.420898	0.961914	-0.585938
7.295000	1.083984	-0.454102	1.416016	-0.024414	-0.615234
7.300000	1.259766	0.483398	1.420898	-0.595703	-0.566406
7.305000	0.356445	0.537109	1.420898	-1.464844	2.333984
7.310000	-0.361328	-0.322266	1.416016	0.913086	-0.556641
7.315000	0.761719	-0.727539	1.420898	0.249023	-0.615234
7.320000	1.381836	0.341797	1.420898	-0.546875	-0.585938
7.325000	0.595703	0.576172	1.420898	-0.517578	1.323242
7.330000	-0.283203	0.097656	1.420898	-0.541992	-0.468750
7.335000	0.380859	-0.927734	1.420898	0.541992	-0.615234
7.340000	1.401367	0.141602	1.420898	-0.449219	-0.600586
7.345000	0.830078	0.595703	1.420898	-0.561523	-0.463867
7.350000	-0.112305	0.371094	1.420898	-1.928711	1.889648
7.355000	0.004883	-0.976562	1.420898	0.795898	-0.605469
7.360000	1.318359	-0.117188	1.420898	-0.288086	-0.605469
7.365000	1.054688	0.571289	1.420898	-0.595703	-0.537109
7.370000	0.092773	0.488281	1.420898	-2.226562	2.685547
7.375000	-0.263672	-0.800781	1.420898	0.957031	-0.595703
7.380000	1.127930	-0.405273	1.420898	-0.068359	-0.615234
7.385000	1.171875	0.537109	1.420898	-0.600586	-0.556641
7.390000	0.219727	0.512695	1.420898	-1.953125	2.656250
7.395000	-0.341797	-0.581055	1.420898	0.966797	-0.576172
7.400000	0.961914	-0.576172	1.420898	0.083008	-0.615234
7.405000	1.318359	0.429688	1.420898	-0.581055	-0.576172
7.410000	0.454102	0.556641	1.420898	-1.020508	1.962891
7.415000	-0.341797	-0.136719	1.420898	0.693359	-0.537109
7.420000	0.610352	-0.825195	1.420898	0.371094	-0.615234
7.425000	1.396484	0.263672	1.420898	-0.517578	-0.595703
7.430000	0.693359	0.590820	1.420898	-0.537109	0.795898
7.435000	-0.214844	0.229492	1.420898	-1.254883	0.908203
7.440000	0.214844	-0.971680	1.420898	0.654297	-0.610352
7.445000	1.386719	0.034180	1.416016	-0.390625	-0.605469
7.450000	0.927734	0.590820	1.420898	-0.576172	-0.502930
7.455000	-0.024414	0.439453	1.420898	-2.187500	2.373047
7.460000	-0.126953	-0.937500	1.420898	0.874023	-0.600586
7.465000	1.250000	-0.234375	1.420898	-0.205078	-0.610352
7.470000	1.142578	0.546875	1.420898	-0.600586	-0.551758
7.475000	0.185547	0.507812	1.420898	-2.055664	2.695312
7.480000	-0.327148	-0.644531	1.420898	0.966797	-0.581055
7.485000	1.010742	-0.527344	1.420898	0.043945	-0.615234
7.490000	1.298828	0.454102	1.420898	-0.585938	-0.576172
7.495000	0.415039	0.551758	1.420898	-1.206055	2.119141
7.500000	-0.356445	-0.205078	1.416016	0.859375	-0.546875
7.505000	0.668945	-0.791016	1.420898	0.322266	-0.615234
7.510000	1.391602	0.297852	1.420898	-0.527344	-0.590820
7.515000	0.654297	0.581055	1.420898	-0.532227	1.010742
7.520000	-0.244141	0.180664	1.420898	-0.996094	0.532227
7.525000	0.278320	-0.952148	1.420898	0.610352	-0.610352
7.530000	1.386719	0.078125	1.420898	-0.415039	-0.600586
7.535000	0.893555	0.590820	1.420898	-0.571289	-0.493164
7.540000	-0.058594	0.410156	1.420898	-2.109375	2.207031
7.545000	-0.078125	-0.957031	1.420898	0.844727	-0.600586
7.550000	1.279297	-0.190430	1.420898	-0.239258	-0.610352
7.555000	1.108398	0.556641	1.420898	-0.595703	-0.546875
7.560000	0.146484	0.498047	1.420898	-2.138672	2.714844
7.565000	-0.307617	-0.932617	1.420898	0.878906	-0.600586
7.570000	1.250000	-0.239258	1.420898	-0.205078	-0.610352
7.575000	1.147461	0.546875	1.420898	-0.600586	-0.551758
7.580000	0.185547	0.507812	1.420898	-2.055664	2.700195
7.585000	-0.322266	-0.644531	1.420898	0.971680	-0.581055
7.590000	1.010742	-0.527344	1.420898	0.039062	-0.615234
7.595000	1.303711	0.454102	1.420898	-0.585938	-0.576172
7.600000	0.415039	0.551758	1.420898	-1.196289	2.119141
7.605000	-0.351562	-0.205078	1.420898	0.854492	-0.546875
7.610000	0.664062	-0.791016	1.420898	0.322266	-0.615234
7.615000	1.391602	0.297852	1.420898	-0.527344	-0.590820
7.620000	0.654297	0.581055	1.420898	-0.527344	1.005859
7.625000	-0.244141	0.185547	1.420898	-1.005859	0.541992
7.630000	0.278320	-0.957031	1.420898	0.610352	-0.615234
7.635000	1.391602	0.078125	1.420898	-0.415039	-0.600586
7.640000	0.893555	0.595703	1.420898	-0.571289	-0.493164
7.645000	-0.058594	0.415039	1.420898	-2.114258	2.216797
7.650000	-0.083008	-0.952148	1.420898	0.849609	-0.605469
7.655000	1.279297	-0.190430	1.420898	-0.239258	-0.605469
7.660000	1.113281	0.556641	1.416016	-0.600586	-0.546875
7.665000	0.151367	0.498047	1.420898	-2.138672	2.714844
7.670000	-0.312500	-0.708008	1.420898	0.966797	-0.585938
7.675000	1.054688	-0.483398	1.420898	0.000000	-0.615234
7.680000	1.279297	0.468750	1.420898	-0.595703	-0.566406
7.685000	0.375977	0.546875	1.420898	-1.367188	2.260742
7.690000	-0.361328	-0.278320	1.420898	0.888672	-0.556641
7.695000	0.727539	-0.751953	1.420898	0.278320	-0.615234
7.700000	1.386719	0.327148	1.420898	-0.541992	-0.585938
7.705000	0.615234	0.576172	1.420898	-0.522461	1.215820
7.710000	-0.268555	0.131836	1.420898	-0.717773	-0.429688
7.715000	0.341797	-0.942383	1.420898	0.566406	-0.610352
7.720000	1.401367	0.117188	1.420898	-0.439453	-0.600586
7.725000	0.849609	0.595703	1.420898	-0.566406	-0.478516
7.730000	-0.092773	0.385742	1.420898	-2.006836	2.026367
7.735000	-0.029297	-0.971680	1.420898	0.815430	-0.605469
7.740000	1.308594	-0.146484	1.416016	-0.268555	-0.605469
7.745000	1.079102	0.571289	1.420898	-0.595703	-0.537109
7.750000	0.112305	0.488281	1.420898	-2.202148	2.709961
7.755000	-0.288086	-0.766602	1.420898	0.961914	-0.590820
7.760000	1.103516	-0.439453	1.420898	-0.043945	-0.615234
7.765000	1.254883	0.488281	1.420898	-0.595703	-0.566406
7.770000	0.336914	0.537109	1.420898	-1.533203	2.382812
7.775000	-0.366211	-0.346680	1.420898	0.922852	-0.556641
7.780000	0.786133	-0.712891	1.420898	0.229492	-0.615234
7.785000	1.376953	0.356445	1.416016	-0.556641	-0.585938
7.790000	0.576172	0.576172	1.420898	-0.522461	1.406250
7.795000	-0.288086	0.068359	1.420898	-0.415039	-0.478516
7.800000	0.405273	-0.917969	1.420898	0.522461	-0.615234
7.805000	1.406250	0.156250	1.420898	-0.458984	-0.595703
7.810000	0.815430	0.595703	1.420898	-0.561523	-0.449219
7.815000	-0.122070	0.356445	1.420898	-1.875000	1.806641
7.820000	0.024414	-0.981445	1.420898	0.781250	-0.605469
7.825000	1.328125	-0.097656	1.420898	-0.302734	-0.605469
7.830000	1.040039	0.576172	1.416016	-0.595703	-0.532227
7.835000	0.078125	0.483398	1.420898	-2.231445	2.666016
7.840000	-0.249023	-0.820312	1.420898	0.947266	-0.595703
7.845000	1.142578	-0.385742	1.420898	-0.083008	-0.615234
7.850000	1.235352	0.502930	1.420898	-0.595703	-0.561523
7.855000	0.297852	0.532227	1.420898	-1.684570	2.490234
7.860000	-0.361328	-0.424805	1.420898	0.942383	-0.561523
7.865000	0.839844	-0.668945	1.420898	0.180664	-0.615234
7.870000	1.357422	0.380859	1.420898	-0.561523	-0.581055
7.875000	0.537109	0.576172	1.420898	-0.615234	1.596680
7.880000	-0.312500	0.004883	1.420898	-0.083008	-0.502930
7.885000	0.473633	-0.893555	1.420898	0.468750	-0.610352
7.890000	1.406250	0.190430	1.420898	-0.473633	-0.595703
7.895000	0.776367	0.595703	1.420898	-0.556641	-0.390625
7.900000	-0.156250	0.322266	1.420898	-1.713867	1.552734
7.905000	0.083008	-0.986328	1.420898	0.742188	-0.605469
7.910000	1.352539	-0.053711	1.420898	-0.400391	-0.600586
7.915000	0.917969	0.590820	1.416016	-0.576172	-0.498047
7.920000	-0.039062	0.424805	1.420898	-2.163086	2.309570
7.925000	-0.107422	-0.942383	1.420898	0.864258	-0.600586
7.930000	1.264648	-0.214844	1.420898	-0.214844	-0.605469
7.935000	1.127930	0.551758	1.420898	-0.600586	-0.546875
7.940000	0.170898	0.498047	1.420898	-2.089844	2.709961
7.945000	-0.322266	-0.673828	1.420898	0.966797	-0.581055
7.950000	1.030273	-0.507812	1.420898	0.024414	-0.615234
7.955000	1.293945	0.458984	1.420898	-0.590820	-0.571289
7.960000	0.400391	0.546875	1.420898	-1.274414	2.182617
7.965000	-0.361328	-0.234375	1.420898	0.874023	-0.546875
7.970000	0.693359	-0.776367	1.420898	0.302734	-0.615234
7.975000	1.391602	0.307617	1.416016	-0.532227	-0.590820
7.980000	0.639648	0.585938	1.420898	-0.527344	1.098633
7.985000	-0.249023	0.161133	1.420898	-0.888672	0.004883
7.990000	0.302734	-0.952148	1.420898	0.590820	-0.615234
7.995000	1.396484	0.097656	1.420898	-0.424805	-0.600586
8.000000	0.878906	0.595703	1.420898	-0.571289	-0.483398
8.005000	-0.073242	0.405273	1.416016	-2.070312	2.138672
8.010000	-0.058594	-0.966797	1.420898	0.834961	-0.605469
8.015000	1.293945	-0.170898	1.420898	-0.249023	-0.605469
8.020000	1.093750	0.561523	1.420898	-0.595703	-0.541992
8.025000	0.136719	0.498047	1.420898	-2.167969	2.714844
8.030000	-0.297852	-0.737305	1.420898	0.966797	-0.590820
8.035000	1.079102	-0.463867	1.420898	-0.019531	-0.615234
8.040000	1.269531	0.483398	1.420898	-0.595703	-0.566406
8.045000	0.361328	0.541992	1.420898	-1.440430	2.314453
8.050000	-0.361328	-0.307617	1.420898	0.908203	-0.556641
8.055000	0.756836	-0.732422	1.420898	0.258789	-0.615234
8.060000	1.381836	0.336914	1.420898	-0.546875	-0.585938
8.065000	0.600586	0.576172	1.420898	-0.517578	1.293945
8.070000	-0.278320	0.107422	1.420898	-0.590820	-0.458984
8.075000	0.366211	-0.932617	1.420898	0.546875	-0.615234
8.080000	1.401367	0.131836	1.420898	-0.444336	-0.595703
8.085000	0.839844	0.590820	1.420898	-0.561523	-0.468750
8.090000	-0.102539	0.375977	1.420898	-1.953125	1.933594
8.095000	-0.004883	-0.976562	1.420898	0.800781	-0.605469
8.100000	1.318359	-0.126953	1.420898	-0.283203	-0.605469
8.105000	1.064453	0.571289	1.420898	-0.595703	-0.537109
8.110000	0.102539	0.488281	1.420898	-2.216797	2.695312
8.115000	-0.273438	-0.795898	1.420898	0.957031	-0.590820
8.120000	1.123047	-0.410156	1.420898	-0.058594	-0.615234
8.125000	1.245117	0.498047	1.416016	-0.595703	-0.566406
8.130000	0.322266	0.537109	1.420898	-1.596680	2.436523
8.135000	-0.361328	-0.385742	1.420898	0.932617	-0.561523
8.140000	0.815430	-0.693359	1.420898	0.209961	-0.615234
8.145000	1.367188	0.366211	1.420898	-0.556641	-0.581055
8.150000	0.561523	0.576172	1.420898	-0.522461	1.484375
8.155000	-0.297852	0.048828	1.420898	-0.273438	-0.488281
8.160000	0.434570	-0.908203	1.420898	0.498047	-0.615234
8.165000	1.406250	0.170898	1.420898	-0.468750	-0.595703
8.170000	0.800781	0.595703	1.420898	-0.556641	-0.434570
8.175000	-0.136719	0.341797	1.420898	-1.811523	1.699219
8.180000	0.048828	-0.991211	1.416016	0.761719	-0.610352
8.185000	1.342773	-0.083008	1.420898	-0.317383	-0.605469
8.190000	1.025391	0.576172	1.420898	-0.595703	-0.527344
8.195000	0.063477	0.473633	1.420898	-2.246094	2.641602
8.200000	-0.239258	-0.839844	1.420898	0.937500	-0.595703
8.205000	1.162109	-0.361328	1.420898	-0.097656	-0.615234
8.210000	1.220703	0.517578	1.420898	-0.595703	-0.561523
8.215000	0.288086	0.532227	1.420898	-1.743164	2.529297
8.220000	-0.361328	-0.458984	1.420898	0.952148	-0.571289
8.225000	0.874023	-0.649414	1.420898	0.161133	-0.615234
8.230000	1.347656	0.390625	1.420898	-0.566406	-0.576172
8.235000	0.522461	0.571289	1.420898	-0.703125	1.669922
8.240000	-0.322266	-0.014648	1.420898	0.068359	-0.512695
8.245000	0.498047	-0.883789	1.420898	0.454102	-0.615234
8.250000	1.406250	0.209961	1.420898	-0.483398	-0.595703
8.255000	0.761719	0.595703	1.420898	-0.551758	-0.014648
8.260000	-0.166016	0.307617	1.420898	-1.630859	1.435547
8.265000	0.107422	-0.986328	1.420898	0.722656	-0.605469
8.270000	1.357422	-0.034180	1.420898	-0.341797	-0.605469
8.275000	0.996094	0.581055	1.420898	-0.585938	-0.517578
8.280000	0.029297	0.463867	1.420898	-2.246094	2.568359
8.285000	-0.200195	-0.883789	1.420898	0.927734	-0.595703
8.290000	1.201172	-0.317383	1.420898	-0.136719	-0.610352
8.295000	1.118164	0.561523	1.420898	-0.595703	-0.546875
8.300000	0.151367	0.498047	1.420898	-2.124023	2.714844
8.305000	-0.312500	-0.703125	1.420898	0.966797	-0.585938
8.310000	1.054688	-0.488281	1.420898	0.004883	-0.615234
8.315000	1.279297	0.468750	1.420898	-0.595703	-0.571289
8.320000	0.380859	0.546875	1.420898	-1.347656	2.241211
8.325000	-0.361328	-0.268555	1.425781	0.888672	-0.551758
8.330000	0.722656	-0.756836	1.420898	0.283203	-0.615234
8.335000	1.386719	0.322266	1.420898	-0.541992	-0.585938
8.340000	0.620117	0.581055	1.420898	-0.522461	1.186523
8.345000	-0.263672	0.141602	1.420898	-0.756836	-0.415039
8.350000	0.332031	-0.942383	1.420898	0.576172	-0.610352
8.355000	1.401367	0.112305	1.420898	-0.439453	-0.595703
8.360000	0.859375	0.595703	1.420898	-0.566406	-0.478516
8.365000	-0.087891	0.390625	1.420898	-2.021484	2.055664
8.370000	-0.034180	-0.966797	1.420898	0.820312	-0.605469
8.375000	1.303711	-0.151367	1.420898	-0.268555	-0.605469
8.380000	1.083984	0.566406	1.416016	-0.595703	-0.537109
8.385000	0.117188	0.493164	1.420898	-2.192383	2.709961
8.390000	-0.288086	-0.761719	1.420898	0.957031	-0.590820
8.395000	1.098633	-0.439453	1.420898	-0.039062	-0.615234
8.400000	1.259766	0.488281	1.420898	-0.595703	-0.566406
8.405000	0.346680	0.537109	1.420898	-1.508789	2.368164
8.410000	-0.361328	-0.341797	1.420898	0.922852	-0.556641
8.415000	0.781250	-0.717773	1.420898	0.234375	-0.615234
8.420000	1.376953	0.346680	1.420898	-0.556641	-0.585938
8.425000	0.585938	0.576172	1.420898	-0.517578	1.376953
8.430000	-0.288086	0.078125	1.420898	-0.454102	-0.473633
8.435000	0.400391	-0.922852	1.420898	0.527344	-0.615234
8.440000	1.406250	0.151367	1.420898	-0.454102	-0.600586
8.445000	0.820312	0.595703	1.420898	-0.556641	-0.454102
8.450000	-0.117188	0.361328	1.420898	-1.889648	1.835938
8.455000	0.014648	-0.981445	1.420898	0.786133	-0.605469
8.460000	1.323242	-0.107422	1.420898	-0.297852	-0.605469
8.465000	1.049805	0.576172	1.416016	-0.595703	-0.532227
8.470000	0.083008	0.483398	1.420898	-2.231445	2.675781
8.475000	-0.258789	-0.815430	1.420898	0.952148	-0.595703
8.480000	1.142578	-0.395508	1.420898	-0.078125	-0.615234
8.485000	1.240234	0.507812	1.420898	-0.595703	-0.561523
8.490000	0.307617	0.537109	1.420898	-1.665039	2.480469
8.495000	-0.366211	-0.415039	1.420898	0.942383	-0.566406
8.500000	0.839844	-0.673828	1.420898	0.190430	-0.615234
8.505000	1.362305	0.375977	1.416016	-0.561523	-0.581055
8.510000	0.541992	0.576172	1.425781	-0.595703	1.572266
8.515000	-0.307617	0.019531	1.420898	-0.126953	-0.502930
8.520000	0.463867	-0.893555	1.420898	0.478516	-0.615234
8.525000	1.411133	0.185547	1.420898	-0.478516	-0.595703
8.530000	0.781250	0.595703	1.425781	-0.556641	-0.405273
8.535000	-0.151367	0.327148	1.420898	-1.738281	1.586914
8.540000	0.073242	-0.986328	1.420898	0.747070	-0.610352
8.545000	1.352539	-0.058594	1.420898	-0.327148	-0.605469
8.550000	1.010742	0.576172	1.420898	-0.590820	-0.527344
8.555000	0.048828	0.468750	1.420898	-2.255859	2.617188
8.560000	-0.224609	-0.859375	1.420898	0.932617	-0.595703
8.565000	1.181641	-0.346680	1.420898	-0.117188	-0.615234
8.570000	1.210938	0.517578	1.420898	-0.600586	-0.561523
8.575000	0.268555	0.527344	1.420898	-1.806641	2.568359
8.580000	-0.361328	-0.488281	1.420898	0.957031	-0.571289
8.585000	0.888672	-0.629883	1.420898	0.146484	-0.620117
8.590000	1.347656	0.405273	1.416016	-0.571289	-0.576172
8.595000	0.502930	0.566406	1.420898	-0.781250	1.748047
8.600000	-0.322266	-0.043945	1.420898	0.219727	-0.517578
8.605000	0.527344	-0.869141	1.420898	0.429688	-0.615234
8.610000	1.406250	0.219727	1.416016	-0.498047	-0.595703
8.615000	0.742188	0.595703	1.420898	-0.546875	0.463867
8.620000	-0.175781	0.292969	1.420898	-1.542969	1.308594
8.625000	0.136719	-0.986328	1.420898	0.708008	-0.610352
8.630000	1.367188	-0.019531	1.420898	-0.356445	-0.605469
8.635000	0.976562	0.585938	1.420898	-0.585938	-0.517578
8.640000	0.014648	0.458984	1.420898	-2.241211	2.524414
8.645000	-0.180664	-0.898438	1.416016	0.913086	-0.600586
8.650000	1.220703	-0.297852	1.420898	-0.156250	-0.610352
8.655000	1.181641	0.537109	1.420898	-0.600586	-0.556641
8.660000	0.229492	0.522461	1.416016	-1.923828	2.636719
8.665000	-0.346680	-0.561523	1.420898	0.966797	-0.576172
8.670000	0.947266	-0.590820	1.420898	0.097656	-0.615234
8.675000	1.323242	0.419922	1.420898	-0.576172	-0.576172
8.680000	0.463867	0.561523	1.420898	-0.971680	1.918945
8.685000	-0.341797	-0.112305	1.420898	0.585938	-0.532227
8.690000	0.590820	-0.834961	1.420898	0.385742	-0.615234
8.695000	1.401367	0.258789	1.420898	-0.512695	-0.595703
8.700000	0.703125	0.590820	1.420898	-0.537109	0.727539
8.705000	-0.209961	0.249023	1.420898	-1.323242	1.010742
8.710000	0.195312	-0.971680	1.420898	0.664062	-0.610352
8.715000	1.381836	0.024414	1.420898	-0.385742	-0.605469
8.720000	0.942383	0.590820	1.420898	-0.576172	-0.507812
8.725000	-0.014648	0.439453	1.420898	-2.202148	2.412109
8.730000	-0.141602	-0.927734	1.420898	0.888672	-0.600586
8.735000	1.245117	-0.249023	1.420898	-0.195312	-0.610352
8.740000	1.152344	0.546875	1.420898	-0.600586	-0.551758
8.745000	0.195312	0.512695	1.420898	-2.031250	2.690430
8.750000	-0.332031	-0.629883	1.420898	0.971680	-0.581055
8.755000	0.996094	-0.541992	1.420898	0.053711	-0.615234
8.760000	1.308594	0.449219	1.420898	-0.585938	-0.576172
8.765000	0.424805	0.551758	1.420898	-1.152344	2.075195
8.770000	-0.356445	-0.185547	1.420898	0.844727	-0.541992
8.775000	0.654297	-0.795898	1.420898	0.332031	-0.615234
8.780000	1.396484	0.288086	1.420898	-0.522461	-0.590820
8.785000	0.664062	0.585938	1.420898	-0.532227	0.952148
8.790000	-0.234375	0.195312	1.420898	-1.074219	0.654297
8.795000	0.263672	-0.961914	1.420898	0.620117	-0.610352
8.800000	1.396484	0.068359	1.420898	-0.405273	-0.600586
8.805000	0.903320	0.595703	1.420898	-0.576172	-0.498047
8.810000	-0.048828	0.419922	1.420898	-2.133789	2.260742
8.815000	-0.092773	-0.952148	1.420898	0.854492	-0.600586
8.820000	1.274414	-0.205078	1.420898	-0.229492	-0.610352
8.825000	1.118164	0.556641	1.420898	-0.595703	-0.546875
8.830000	0.156250	0.498047	1.420898	-2.119141	2.714844
8.835000	-0.317383	-0.693359	1.425781	0.966797	-0.585938
8.840000	1.044922	-0.493164	1.420898	0.014648	-0.615234
8.845000	1.284180	0.463867	1.420898	-0.590820	-0.566406
8.850000	0.385742	0.546875	1.420898	-1.328125	2.226562
8.855000	-0.361328	-0.258789	1.420898	0.883789	-0.551758
8.860000	0.712891	-0.761719	1.416016	0.288086	-0.615234
8.865000	1.391602	0.317383	1.420898	-0.541992	-0.585938
8.870000	0.620117	0.581055	1.425781	-0.522461	1.162109
8.875000	-0.258789	0.146484	1.420898	-0.795898	-0.395508
8.880000	0.327148	-0.947266	1.420898	0.581055	-0.615234
8.885000	1.396484	0.107422	1.420898	-0.429688	-0.595703
8.890000	0.864258	0.595703	1.420898	-0.566406	-0.483398
8.895000	-0.087891	0.390625	1.420898	-2.036133	2.075195
8.900000	-0.039062	-0.971680	1.420898	0.825195	-0.605469
8.905000	1.298828	-0.156250	1.425781	-0.258789	-0.605469
8.910000	1.083984	0.566406	1.420898	-0.595703	-0.537109
8.915000	0.122070	0.493164	1.420898	-2.192383	2.709961
8.920000	-0.292969	-0.751953	1.420898	0.961914	-0.585938
8.925000	1.088867	-0.449219	1.420898	-0.029297	-0.615234
8.930000	1.259766	0.488281	1.420898	-0.595703	-0.566406
8.935000	0.351562	0.541992	1.420898	-1.494141	2.353516
8.940000	-0.361328	-0.332031	1.420898	0.917969	-0.556641
8.945000	0.771484	-0.722656	1.420898	0.244141	-0.615234
8.950000	1.376953	0.346680	1.420898	-0.551758	-0.585938
8.955000	0.585938	0.576172	1.416016	-0.517578	1.357422
8.960000	-0.288086	0.087891	1.420898	-0.493164	-0.468750
8.965000	0.385742	-0.922852	1.420898	0.532227	-0.615234
8.970000	1.406250	0.146484	1.420898	-0.454102	-0.595703
8.975000	0.825195	0.595703	1.420898	-0.561523	-0.463867
8.980000	-0.117188	0.366211	1.416016	-1.909180	1.860352
8.985000	0.009766	-0.981445	1.420898	0.791016	-0.605469
8.990000	1.328125	-0.112305	1.416016	-0.297852	-0.605469
8.995000	1.049805	0.576172	1.420898	-0.595703	-0.532227
9.000000	0.087891	0.488281	1.420898	-2.231445	2.685547
9.005000	-0.258789	-0.810547	1.420898	0.952148	-0.595703
9.010000	1.132812	-0.400391	1.420898	-0.073242	-0.615234
9.015000	1.240234	0.498047	1.416016	-0.595703	-0.566406
9.020000	0.312500	0.537109	1.420898	-1.645508	2.470703
9.025000	-0.361328	-0.405273	1.420898	0.937500	-0.566406
9.030000	0.830078	-0.678711	1.420898	0.195312	-0.615234
9.035000	1.367188	0.371094	1.420898	-0.561523	-0.581055
9.040000	0.546875	0.576172	1.425781	-0.576172	1.542969
9.045000	-0.307617	0.024414	1.420898	-0.166016	-0.498047
9.050000	0.449219	-0.898438	1.420898	0.488281	-0.615234
9.055000	1.411133	0.180664	1.420898	-0.478516	-0.595703
9.060000	0.791016	0.595703	1.420898	-0.556641	-0.415039
9.065000	-0.146484	0.332031	1.420898	-1.757812	1.621094
9.070000	0.068359	-0.986328	1.420898	0.751953	-0.610352
9.075000	1.347656	-0.063477	1.420898	-0.322266	-0.605469
9.080000	1.015625	0.576172	1.420898	-0.590820	-0.527344
9.085000	0.053711	0.473633	1.420898	-2.250977	2.626953
9.090000	-0.229492	-0.859375	1.420898	0.932617	-0.595703
9.095000	1.171875	-0.351562	1.420898	-0.112305	-0.615234
9.100000	1.215820	0.517578	1.420898	-0.600586	-0.556641
9.105000	0.273438	0.527344	1.420898	-1.791992	2.558594
9.110000	-0.361328	-0.483398	1.416016	0.957031	-0.566406
9.115000	0.888672	-0.634766	1.420898	0.146484	-0.615234
9.120000	1.347656	0.400391	1.420898	-0.571289	-0.576172
9.125000	0.507812	0.571289	1.420898	-0.756836	1.728516
9.130000	-0.322266	-0.039062	1.420898	0.180664	-0.517578
9.135000	0.517578	-0.874023	1.420898	0.439453	-0.615234
9.140000	1.406250	0.219727	1.420898	-0.493164	-0.595703
9.145000	0.747070	0.595703	1.420898	-0.546875	0.419922
9.150000	-0.175781	0.297852	1.420898	-1.567383	1.342773
9.155000	0.131836	-0.986328	1.420898	0.712891	-0.610352
9.160000	1.367188	-0.019531	1.416016	-0.351562	-0.605469
9.165000	0.981445	0.585938	1.420898	-0.585938	-0.517578
9.170000	0.019531	0.458984	1.420898	-2.241211	2.539062
9.175000	-0.190430	-0.898438	1.420898	0.917969	-0.595703
9.180000	1.215820	-0.307617	1.420898	-0.151367	-0.610352
9.185000	1.186523	0.532227	1.416016	-0.600586	-0.561523
9.190000	0.234375	0.517578	1.420898	-1.909180	2.631836
9.195000	-0.346680	-0.551758	1.420898	0.966797	-0.581055
9.200000	0.937500	-0.595703	1.420898	0.102539	-0.615234
9.205000	1.333008	0.419922	1.416016	-0.576172	-0.576172
9.210000	0.468750	0.566406	1.420898	-0.952148	1.899414
9.215000	-0.336914	-0.107422	1.420898	0.546875	-0.527344
9.220000	0.581055	-0.834961	1.420898	0.390625	-0.615234
9.225000	1.406250	0.253906	1.416016	-0.507812	-0.595703
9.230000	0.712891	0.590820	1.420898	-0.541992	0.703125
9.235000	-0.205078	0.249023	1.420898	-1.347656	1.044922
9.240000	0.190430	-0.976562	1.420898	0.668945	-0.610352
9.245000	1.376953	0.019531	1.420898	-0.380859	-0.600586
9.250000	0.947266	0.590820	1.416016	-0.576172	-0.512695
9.255000	-0.014648	0.444336	1.420898	-2.207031	2.426758
9.260000	-0.146484	-0.927734	1.420898	0.888672	-0.600586
9.265000	1.240234	-0.258789	1.420898	-0.190430	-0.610352
9.270000	1.157227	0.541992	1.420898	-0.595703	-0.551758
9.275000	0.200195	0.512695	1.420898	-2.021484	2.685547
9.280000	-0.336914	-0.625000	1.420898	0.971680	-0.576172
9.285000	0.991211	-0.546875	1.420898	0.058594	-0.615234
9.290000	1.308594	0.444336	1.420898	-0.585938	-0.576172
9.295000	0.429688	0.556641	1.420898	-1.132812	2.060547
9.300000	-0.351562	-0.175781	1.420898	0.844727	-0.541992
9.305000	0.644531	-0.800781	1.420898	0.341797	-0.615234
9.310000	1.396484	0.283203	1.420898	-0.522461	-0.590820
9.315000	0.668945	0.585938	1.420898	-0.532227	0.927734
9.320000	-0.234375	0.200195	1.420898	-1.103516	0.698242
9.325000	0.253906	-0.966797	1.420898	0.625000	-0.610352
9.330000	1.391602	0.058594	1.420898	-0.405273	-0.600586
9.335000	0.908203	0.595703	1.425781	-0.576172	-0.498047
9.340000	-0.048828	0.424805	1.420898	-2.143555	2.280273
9.345000	-0.097656	-0.947266	1.420898	0.859375	-0.605469
9.350000	1.269531	-0.209961	1.420898	-0.224609	-0.610352
9.355000	1.123047	0.556641	1.420898	-0.600586	-0.546875
9.360000	0.161133	0.498047	1.420898	-2.114258	2.714844
9.365000	-0.322266	-0.688477	1.420898	0.966797	-0.585938
9.370000	1.040039	-0.502930	1.420898	0.009766	-0.615234
9.375000	1.284180	0.463867	1.420898	-0.595703	-0.571289
9.380000	0.390625	0.546875	1.420898	-1.308594	2.207031
9.385000	-0.361328	-0.249023	1.420898	0.883789	-0.551758
9.390000	0.708008	-0.766602	1.420898	0.292969	-0.615234
9.395000	1.391602	0.317383	1.420898	-0.537109	-0.585938
9.400000	0.629883	0.581055	1.420898	-0.527344	1.137695
9.405000	-0.258789	0.151367	1.420898	-0.825195	-0.312500
9.410000	0.317383	-0.947266	1.420898	0.581055	-0.615234
9.415000	1.401367	0.102539	1.420898	-0.434570	-0.600586
9.420000	0.869141	0.595703	1.420898	-0.571289	-0.483398
9.425000	-0.078125	0.395508	1.420898	-2.050781	2.099609
9.430000	-0.048828	-0.966797	1.420898	0.830078	-0.605469
9.435000	1.298828	-0.161133	1.420898	-0.258789	-0.610352
9.440000	1.088867	0.566406	1.420898	-0.595703	-0.537109
9.445000	0.126953	0.493164	1.420898	-2.182617	2.714844
9.450000	-0.292969	-0.751953	1.420898	0.961914	-0.585938
9.455000	1.088867	-0.449219	1.420898	-0.024414	-0.615234
9.460000	1.264648	0.488281	1.420898	-0.595703	-0.566406
9.465000	0.351562	0.541992	1.420898	-1.474609	2.343750
9.470000	-0.361328	-0.322266	1.420898	0.917969	-0.556641
9.475000	0.766602	-0.727539	1.420898	0.249023	-0.615234
9.480000	1.381836	0.341797	1.420898	-0.551758	-0.585938
9.485000	0.595703	0.576172	1.420898	-0.517578	1.337891
9.490000	-0.283203	0.092773	1.420898	-0.532227	-0.468750
9.495000	0.380859	-0.927734	1.420898	0.537109	-0.615234
9.500000	1.406250	0.141602	1.420898	-0.449219	-0.595703
9.505000	0.834961	0.595703	1.420898	-0.561523	-0.458984
9.510000	-0.112305	0.366211	1.420898	-1.923828	1.889648
9.515000	0.004883	-0.981445	1.416016	0.795898	-0.610352
9.520000	1.323242	-0.117188	1.420898	-0.292969	-0.605469
9.525000	1.054688	0.576172	1.420898	-0.595703	-0.537109
9.530000	0.092773	0.488281	1.420898	-2.226562	2.690430
9.535000	-0.263672	-0.800781	1.420898	0.952148	-0.595703
9.540000	1.127930	-0.405273	1.420898	-0.068359	-0.615234
9.545000	1.245117	0.502930	1.420898	-0.595703	-0.566406
9.550000	0.312500	0.537109	1.420898	-1.630859	2.456055
9.555000	-0.361328	-0.400391	1.416016	0.937500	-0.566406
9.560000	0.825195	-0.683594	1.420898	0.200195	-0.615234
9.565000	1.367188	0.371094	1.416016	-0.556641	-0.581055
9.570000	0.551758	0.571289	1.420898	-0.551758	1.528320
9.575000	-0.302734	0.034180	1.420898	-0.200195	-0.498047
9.580000	0.449219	-0.908203	1.420898	0.493164	-0.615234
9.585000	1.411133	0.180664	1.420898	-0.473633	-0.595703
9.590000	0.791016	0.590820	1.420898	-0.556641	-0.419922
9.595000	-0.141602	0.336914	1.416016	-1.772461	1.645508
9.600000	0.063477	-0.986328	1.420898	0.756836	-0.605469
9.605000	1.347656	-0.068359	1.420898	-0.322266	-0.605469
9.610000	1.020508	0.576172	1.420898	-0.590820	-0.527344
9.615000	0.058594	0.473633	1.425781	-2.246094	2.631836
9.620000	-0.229492	-0.854492	1.420898	0.937500	-0.595703
9.625000	1.171875	-0.356445	1.420898	-0.107422	-0.615234
9.630000	1.220703	0.517578	1.420898	-0.595703	-0.556641
9.635000	0.278320	0.527344	1.420898	-1.772461	2.548828
9.640000	-0.361328	-0.473633	1.420898	0.957031	-0.566406
9.645000	0.883789	-0.639648	1.420898	0.151367	-0.615234
9.650000	1.352539	0.395508	1.420898	-0.566406	-0.581055
9.655000	0.512695	0.571289	1.420898	-0.742188	1.713867
9.660000	-0.322266	-0.029297	1.420898	0.141602	-0.517578
9.665000	0.512695	-0.874023	1.420898	0.444336	-0.615234
9.670000	1.411133	0.214844	1.420898	-0.493164	-0.595703
9.675000	0.751953	0.590820	1.420898	-0.551758	0.283203
9.680000	-0.170898	0.297852	1.420898	-1.591797	1.376953
9.685000	0.122070	-0.986328	1.420898	0.717773	-0.610352
9.690000	1.362305	-0.024414	1.420898	-0.346680	-0.605469
9.695000	0.991211	0.581055	1.420898	-0.585938	-0.517578
9.700000	0.019531	0.458984	1.420898	-2.246094	2.548828
9.705000	-0.195312	-0.893555	1.420898	0.917969	-0.595703
9.710000	1.210938	-0.307617	1.420898	-0.146484	-0.610352
9.715000	1.191406	0.532227	1.420898	-0.600586	-0.556641
9.720000	0.239258	0.522461	1.420898	-1.899414	2.626953
9.725000	-0.351562	-0.546875	1.416016	0.966797	-0.576172
9.730000	0.937500	-0.595703	1.420898	0.107422	-0.615234
9.735000	1.333008	0.415039	1.420898	-0.576172	-0.576172
9.740000	0.473633	0.566406	1.420898	-0.932617	1.884766
9.745000	-0.336914	-0.097656	1.425781	0.512695	-0.527344
9.750000	0.576172	-0.844727	1.420898	0.395508	-0.615234
9.755000	1.406250	0.249023	1.420898	-0.507812	-0.595703
9.760000	0.717773	0.590820	1.420898	-0.541992	0.678711
9.765000	-0.205078	0.253906	1.420898	-1.372070	1.079102
9.770000	0.185547	-0.981445	1.420898	0.678711	-0.610352
9.775000	1.376953	0.014648	1.420898	-0.380859	-0.605469
9.780000	0.947266	0.590820	1.420898	-0.581055	-0.517578
9.785000	-0.009766	0.444336	1.420898	-2.211914	2.441406
9.790000	-0.151367	-0.922852	1.420898	0.888672	-0.600586
9.795000	1.245117	-0.258789	1.420898	-0.185547	-0.610352
9.800000	1.157227	0.541992	1.420898	-0.600586	-0.556641
9.805000	0.205078	0.512695	1.420898	-2.011719	2.680664
9.810000	-0.336914	-0.615234	1.420898	0.971680	-0.581055
9.815000	0.986328	-0.551758	1.420898	0.063477	-0.615234
9.820000	1.313477	0.444336	1.420898	-0.585938	-0.576172
9.825000	0.434570	0.556641	1.420898	-1.113281	2.050781
9.830000	-0.346680	-0.170898	1.420898	0.830078	-0.541992
9.835000	0.639648	-0.805664	1.420898	0.346680	-0.615234
9.840000	1.396484	0.283203	1.420898	-0.517578	-0.595703
9.845000	0.673828	0.585938	1.420898	-0.537109	0.908203
9.850000	-0.234375	0.209961	1.420898	-1.132812	0.737305
9.855000	0.249023	-0.966797	1.420898	0.629883	-0.615234
9.860000	1.391602	0.058594	1.420898	-0.400391	-0.605469
9.865000	0.913086	0.595703	1.420898	-0.576172	-0.502930
9.870000	-0.043945	0.424805	1.420898	-2.153320	2.294922
9.875000	-0.102539	-0.947266	1.420898	0.864258	-0.605469
9.880000	1.269531	-0.214844	1.420898	-0.219727	-0.610352
9.885000	1.127930	0.551758	1.420898	-0.600586	-0.551758
9.890000	0.166016	0.502930	1.420898	-2.104492	2.709961
9.895000	-0.322266	-0.678711	1.420898	0.966797	-0.585938
9.900000	1.035156	-0.502930	1.420898	0.014648	-0.615234
9.905000	1.289062	0.463867	1.420898	-0.595703	-0.571289
9.910000	0.395508	0.546875	1.420898	-1.293945	2.197266
9.915000	-0.361328	-0.244141	1.420898	0.878906	-0.551758
9.920000	0.698242	-0.771484	1.420898	0.297852	-0.615234
9.925000	1.386719	0.312500	1.420898	-0.537109	-0.590820
9.930000	0.634766	0.585938	1.420898	-0.527344	1.123047
9.935000	-0.253906	0.156250	1.420898	-0.854492	-0.185547
9.940000	0.307617	-0.947266	1.420898	0.590820	-0.615234
9.945000	1.396484	0.102539	1.420898	-0.424805	-0.600586
9.950000	0.874023	0.595703	1.420898	-0.566406	-0.483398
9.955000	-0.073242	0.400391	1.420898	-2.060547	2.119141
9.960000	-0.053711	-0.966797	1.420898	0.834961	-0.605469
9.965000	1.293945	-0.166016	1.420898	-0.253906	-0.610352
9.970000	1.093750	0.566406	1.420898	-0.595703	-0.541992
9.975000	0.131836	0.493164	1.420898	-2.177734	2.714844
9.980000	-0.297852	-0.742188	1.420898	0.966797	-0.585938
9.985000	1.083984	-0.458984	1.420898	-0.019531	-0.615234
9.990000	1.264648	0.483398	1.420898	-0.595703	-0.566406
9.995000	0.356445	0.541992	1.420898	-1.459961	2.329102
10.000000	-0.361328	-0.317383	1.420898	0.913086	-0.556641
