# Time_s	x	xdot	xddot	xdddot	dx
0.000000	-0.131836	0.205078	0.551758	-1.342773	1.420898
0.005000	0.034180	-0.776367	-0.253906	0.605469	1.420898
0.010000	1.035156	0.087891	-0.649414	-0.522461	1.420898
0.015000	0.385742	0.800781	0.166016	-2.998047	1.420898
0.020000	-0.551758	-1.093750	1.459961	2.045898	1.420898
0.025000	2.187500	-1.494141	-1.591797	0.439453	1.420898
0.030000	3.364258	0.908203	-0.556641	-1.274414	1.420898
0.035000	1.494141	1.069336	0.595703	-0.673828	1.420898
0.040000	0.200195	0.166016	0.200195	-0.034180	1.420898
0.045000	0.039062	0.107422	-0.205078	-0.859375	1.420898
0.050000	-0.249023	-0.073242	0.844727	0.424805	1.420898
0.055000	0.458984	-0.668945	-0.629883	0.239258	1.420898
0.060000	1.005859	0.463867	-0.415039	-0.737305	1.420898
0.065000	-0.058594	0.703125	1.235352	-3.330078	1.420898
0.070000	-0.009766	-1.982422	-0.034180	1.962891	1.420898
0.075000	3.056641	-0.625000	-1.547852	-0.410156	1.420898
0.080000	2.885742	1.245117	0.004883	-1.250000	1.420898
0.085000	0.883789	0.742188	0.581055	-0.361328	1.425781
0.090000	0.087891	0.039062	-0.004883	-0.043945	1.420898
0.095000	-0.014648	0.219727	0.048828	-1.572266	1.420898
0.100000	-0.229492	-0.532227	0.356445	0.771484	1.420898
0.105000	0.834961	-0.327148	-0.751953	-0.180664	1.420898
0.110000	0.766602	0.703125	-0.136719	-0.795898	1.420898
0.115000	-0.463867	0.083008	2.216797	0.322266	1.420898
0.120000	1.054688	-2.045898	-1.098633	1.318359	1.420898
0.125000	3.457031	0.249023	-1.127930	-1.005859	1.420898
0.130000	2.202148	1.274414	0.410156	-1.005859	1.420898
0.135000	0.449219	0.415039	0.424805	-0.131836	1.420898
0.140000	0.058594	0.029297	-0.156250	-0.136719	1.420898
0.145000	-0.131836	0.205078	0.556641	-1.328125	1.420898
0.150000	0.039062	-0.776367	-0.263672	0.600586	1.420898
0.155000	1.035156	0.087891	-0.649414	-0.527344	1.420898
0.160000	0.375977	0.800781	0.170898	-3.017578	1.420898
0.165000	-0.551758	-1.113281	1.440430	2.045898	1.425781
0.170000	2.202148	-1.479492	-1.596680	0.429688	1.420898
0.175000	3.359375	0.917969	-0.546875	-1.274414	1.416016
0.180000	1.484375	1.064453	0.595703	-0.668945	1.416016
0.185000	0.195312	0.166016	0.200195	-0.034180	1.420898
0.190000	0.034180	0.107422	-0.205078	-0.874023	1.420898
0.195000	-0.253906	-0.083008	0.844727	0.458984	1.420898
0.200000	0.463867	-0.664062	-0.639648	0.234375	1.420898
0.205000	1.010742	0.463867	-0.410156	-0.737305	1.420898
0.210000	-0.063477	0.708008	1.235352	-3.315430	1.420898
0.215000	-0.004883	-1.987305	-0.048828	1.958008	1.420898
0.220000	3.061523	-0.620117	-1.552734	-0.410156	1.420898
0.225000	2.880859	1.250000	0.009766	-1.250000	1.416016
0.230000	0.878906	0.742188	0.581055	-0.361328	1.420898
0.235000	0.087891	0.039062	-0.009766	-0.048828	1.420898
0.240000	-0.019531	0.219727	0.048828	-1.572266	1.420898
0.245000	-0.224609	-0.537109	0.346680	0.766602	1.416016
0.250000	0.839844	-0.322266	-0.751953	-0.180664	1.420898
0.255000	0.766602	0.703125	-0.136719	-0.795898	1.420898
0.260000	-0.468750	0.068359	2.216797	0.395508	1.420898
0.265000	1.069336	-2.045898	-1.108398	1.308594	1.425781
0.270000	3.457031	0.258789	-1.123047	-1.010742	1.420898
0.275000	2.197266	1.269531	0.415039	-1.000977	1.420898
0.280000	0.444336	0.410156	0.419922	-0.131836	1.420898
0.285000	0.058594	0.029297	-0.156250	-0.136719	1.420898
0.290000	-0.136719	0.205078	0.561523	-1.323242	1.420898
0.295000	0.043945	-0.781250	-0.268555	0.595703	1.420898
0.300000	1.040039	0.092773	-0.644531	-0.532227	1.420898
0.305000	0.375977	0.800781	0.175781	-3.027344	1.420898
0.310000	-0.546875	-1.113281	1.430664	2.045898	1.420898
0.315000	2.207031	-1.479492	-1.596680	0.424805	1.420898
0.320000	3.354492	0.917969	-0.546875	-1.274414	1.420898
0.325000	1.479492	1.064453	0.595703	-0.673828	1.420898
0.330000	0.190430	0.161133	0.200195	-0.029297	1.420898
0.335000	0.039062	0.107422	-0.205078	-0.883789	1.420898
0.340000	-0.253906	-0.087891	0.844727	0.478516	1.420898
0.345000	0.463867	-0.659180	-0.639648	0.229492	1.420898
0.350000	1.000977	0.463867	-0.410156	-0.737305	1.420898
0.355000	-0.068359	0.698242	1.259766	-3.295898	1.420898
0.360000	0.009766	-1.992188	-0.068359	1.953125	1.420898
0.365000	3.071289	-0.610352	-1.542969	-0.424805	1.420898
0.370000	2.871094	1.250000	0.014648	-1.250000	1.420898
0.375000	0.874023	0.732422	0.576172	-0.361328	1.420898
0.380000	0.083008	0.034180	-0.009766	-0.048828	1.420898
0.385000	-0.019531	0.219727	0.053711	-1.577148	1.420898
0.390000	-0.224609	-0.541992	0.346680	0.771484	1.420898
0.395000	0.844727	-0.322266	-0.756836	-0.185547	1.420898
0.400000	0.766602	0.708008	-0.131836	-0.795898	1.420898
0.405000	-0.463867	0.073242	2.211914	0.380859	1.420898
0.410000	1.069336	-2.045898	-1.108398	1.308594	1.420898
0.415000	3.457031	0.253906	-1.132812	-1.010742	1.420898
0.420000	2.197266	1.269531	0.410156	-1.000977	1.420898
0.425000	0.444336	0.410156	0.419922	-0.131836	1.420898
0.430000	0.053711	0.029297	-0.156250	-0.141602	1.420898
0.435000	-0.136719	0.200195	0.561523	-1.318359	1.416016
0.440000	0.043945	-0.776367	-0.268555	0.595703	1.420898
0.445000	1.035156	0.097656	-0.639648	-0.532227	1.420898
0.450000	0.371094	0.800781	0.185547	-3.051758	1.420898
0.455000	-0.546875	-1.127930	1.411133	2.050781	1.420898
0.460000	2.216797	-1.474609	-1.596680	0.410156	1.420898
0.465000	3.354492	0.922852	-0.541992	-1.274414	1.420898
0.470000	1.474609	1.059570	0.600586	-0.668945	1.420898
0.475000	0.190430	0.161133	0.200195	-0.029297	1.420898
0.480000	0.039062	0.107422	-0.205078	-0.883789	1.420898
0.485000	-0.253906	-0.087891	0.844727	0.493164	1.420898
0.490000	0.468750	-0.664062	-0.644531	0.229492	1.420898
0.495000	1.000977	0.468750	-0.405273	-0.742188	1.420898
0.500000	-0.068359	0.703125	1.259766	-3.300781	1.420898
0.505000	0.009766	-1.992188	-0.063477	1.953125	1.420898
0.510000	3.066406	-0.610352	-1.542969	-0.419922	1.420898
0.515000	2.871094	1.250000	0.014648	-1.250000	1.420898
0.520000	0.874023	0.737305	0.576172	-0.356445	1.420898
0.525000	0.083008	0.034180	-0.009766	-0.048828	1.420898
0.530000	-0.019531	0.219727	0.058594	-1.577148	1.420898
0.535000	-0.224609	-0.546875	0.336914	0.766602	1.420898
0.540000	0.844727	-0.317383	-0.751953	-0.190430	1.420898
0.545000	0.751953	0.708008	-0.131836	-0.795898	1.420898
0.550000	-0.473633	0.043945	2.226562	0.537109	1.416016
0.555000	1.098633	-2.036133	-1.127930	1.284180	1.420898
0.560000	3.461914	0.278320	-1.113281	-1.020508	1.420898
0.565000	2.182617	1.269531	0.419922	-0.996094	1.420898
0.570000	0.434570	0.400391	0.415039	-0.131836	1.420898
0.575000	0.053711	0.029297	-0.161133	-0.146484	1.420898
0.580000	-0.141602	0.195312	0.576172	-1.298828	1.420898
0.585000	0.053711	-0.781250	-0.288086	0.590820	1.420898
0.590000	1.044922	0.102539	-0.639648	-0.537109	1.420898
0.595000	0.366211	0.800781	0.190430	-3.071289	1.420898
0.600000	-0.541992	-1.147461	1.391602	2.055664	1.420898
0.605000	2.231445	-1.464844	-1.601562	0.395508	1.420898
0.610000	3.349609	0.927734	-0.532227	-1.279297	1.420898
0.615000	1.464844	1.054688	0.600586	-0.659180	1.420898
0.620000	0.190430	0.156250	0.195312	-0.029297	1.420898
0.625000	0.034180	0.107422	-0.205078	-0.898438	1.420898
0.630000	-0.253906	-0.092773	0.844727	0.532227	1.420898
0.635000	0.473633	-0.654297	-0.644531	0.219727	1.420898
0.640000	1.000977	0.473633	-0.400391	-0.742188	1.420898
0.645000	-0.078125	0.693359	1.284180	-3.261719	1.420898
0.650000	0.029297	-2.006836	-0.092773	1.948242	1.420898
0.655000	3.085938	-0.590820	-1.538086	-0.444336	1.420898
0.660000	2.861328	1.254883	0.029297	-1.245117	1.416016
0.665000	0.859375	0.727539	0.576172	-0.351562	1.420898
0.670000	0.083008	0.029297	-0.009766	-0.048828	1.420898
0.675000	-0.019531	0.219727	0.068359	-1.586914	1.420898
0.680000	-0.219727	-0.551758	0.327148	0.766602	1.420898
0.685000	0.849609	-0.312500	-0.756836	-0.200195	1.420898
0.690000	0.751953	0.712891	-0.126953	-0.795898	1.420898
0.695000	-0.478516	0.039062	2.231445	0.600586	1.420898
0.700000	1.108398	-2.036133	-1.142578	1.274414	1.420898
0.705000	3.457031	0.288086	-1.103516	-1.025391	1.420898
0.710000	2.172852	1.269531	0.424805	-0.991211	1.420898
0.715000	0.434570	0.400391	0.410156	-0.126953	1.420898
0.720000	0.053711	0.029297	-0.166016	-0.156250	1.420898
0.725000	-0.141602	0.195312	0.581055	-1.284180	1.420898
0.730000	0.058594	-0.781250	-0.288086	0.585938	1.420898
0.735000	1.044922	0.112305	-0.634766	-0.541992	1.420898
0.740000	0.361328	0.800781	0.200195	-3.090820	1.420898
0.745000	-0.537109	-1.166992	1.367188	2.055664	1.420898
0.750000	2.250977	-1.445312	-1.601562	0.385742	1.420898
0.755000	3.344727	0.937500	-0.522461	-1.279297	1.420898
0.760000	1.455078	1.049805	0.600586	-0.659180	1.420898
0.765000	0.185547	0.151367	0.190430	-0.029297	1.416016
0.770000	0.034180	0.107422	-0.205078	-0.913086	1.420898
0.775000	-0.253906	-0.097656	0.844727	0.566406	1.420898
0.780000	0.483398	-0.649414	-0.649414	0.214844	1.416016
0.785000	1.000977	0.478516	-0.395508	-0.747070	1.420898
0.790000	-0.083008	0.688477	1.303711	-3.237305	1.420898
0.795000	0.039062	-2.011719	-0.112305	1.938477	1.420898
0.800000	3.090820	-0.576172	-1.533203	-0.454102	1.420898
0.805000	2.851562	1.254883	0.034180	-1.240234	1.420898
0.810000	0.854492	0.722656	0.576172	-0.346680	1.420898
0.815000	0.083008	0.029297	-0.014648	-0.048828	1.420898
0.820000	-0.024414	0.224609	0.068359	-1.596680	1.420898
0.825000	-0.219727	-0.561523	0.322266	0.771484	1.420898
0.830000	0.854492	-0.307617	-0.756836	-0.200195	1.420898
0.835000	0.751953	0.712891	-0.122070	-0.800781	1.420898
0.840000	-0.473633	0.029297	2.231445	0.615234	1.420898
0.845000	1.113281	-2.031250	-1.137695	1.274414	1.420898
0.850000	3.457031	0.288086	-1.103516	-1.025391	1.420898
0.855000	2.167969	1.269531	0.424805	-0.986328	1.420898
0.860000	0.429688	0.395508	0.415039	-0.126953	1.420898
0.865000	0.053711	0.029297	-0.166016	-0.156250	1.420898
0.870000	-0.141602	0.195312	0.581055	-1.274414	1.420898
0.875000	0.058594	-0.781250	-0.288086	0.585938	1.420898
0.880000	1.040039	0.112305	-0.634766	-0.541992	1.420898
0.885000	0.356445	0.800781	0.209961	-3.110352	1.420898
0.890000	-0.532227	-1.176758	1.352539	2.060547	1.420898
0.895000	2.255859	-1.440430	-1.606445	0.375977	1.420898
0.900000	3.344727	0.942383	-0.512695	-1.279297	1.425781
0.905000	1.450195	1.044922	0.600586	-0.654297	1.425781
0.910000	0.180664	0.151367	0.185547	-0.034180	1.420898
0.915000	0.034180	0.107422	-0.205078	-0.917969	1.420898
0.920000	-0.253906	-0.102539	0.849609	0.581055	1.420898
0.925000	0.488281	-0.649414	-0.649414	0.214844	1.420898
0.930000	1.000977	0.483398	-0.400391	-0.747070	1.420898
0.935000	-0.087891	0.693359	1.298828	-3.237305	1.420898
0.940000	0.039062	-2.006836	-0.112305	1.938477	1.420898
0.945000	3.095703	-0.576172	-1.538086	-0.449219	1.420898
0.950000	2.851562	1.254883	0.034180	-1.240234	1.420898
0.955000	0.854492	0.722656	0.576172	-0.346680	1.420898
0.960000	0.078125	0.029297	-0.014648	-0.048828	1.420898
0.965000	-0.024414	0.224609	0.073242	-1.591797	1.420898
0.970000	-0.219727	-0.561523	0.317383	0.766602	1.420898
0.975000	0.854492	-0.302734	-0.751953	-0.200195	1.420898
0.980000	0.747070	0.712891	-0.122070	-0.805664	1.420898
0.985000	-0.478516	0.019531	2.236328	0.693359	1.420898
0.990000	1.127930	-2.031250	-1.147461	1.264648	1.420898
0.995000	3.466797	0.302734	-1.098633	-1.030273	1.420898
1.000000	2.163086	1.264648	0.424805	-0.986328	1.420898
1.005000	0.424805	0.395508	0.410156	-0.131836	1.420898
1.010000	0.058594	0.029297	-0.166016	-0.161133	1.420898
1.015000	-0.146484	0.190430	0.585938	-1.274414	1.420898
1.020000	0.063477	-0.781250	-0.292969	0.585938	1.420898
1.025000	1.049805	0.117188	-0.634766	-0.546875	1.420898
1.030000	0.356445	0.800781	0.209961	-3.110352	1.420898
1.035000	-0.532227	-1.176758	1.347656	2.060547	1.420898
1.040000	2.260742	-1.445312	-1.606445	0.375977	1.420898
1.045000	3.339844	0.942383	-0.512695	-1.279297	1.420898
1.050000	1.450195	1.049805	0.600586	-0.649414	1.425781
1.055000	0.185547	0.151367	0.185547	-0.034180	1.420898
1.060000	0.034180	0.112305	-0.205078	-0.922852	1.420898
1.065000	-0.253906	-0.102539	0.844727	0.590820	1.420898
1.070000	0.488281	-0.644531	-0.654297	0.214844	1.420898
1.075000	0.996094	0.478516	-0.395508	-0.747070	1.420898
1.080000	-0.092773	0.688477	1.318359	-3.212891	1.420898
1.085000	0.053711	-2.016602	-0.126953	1.928711	1.420898
1.090000	3.100586	-0.566406	-1.533203	-0.463867	1.420898
1.095000	2.841797	1.259766	0.043945	-1.240234	1.420898
1.100000	0.844727	0.717773	0.571289	-0.341797	1.420898
1.105000	0.078125	0.029297	-0.019531	-0.048828	1.420898
1.110000	-0.024414	0.224609	0.078125	-1.596680	1.420898
1.115000	-0.219727	-0.566406	0.302734	0.766602	1.420898
1.120000	0.854492	-0.292969	-0.751953	-0.209961	1.420898
1.125000	0.737305	0.717773	-0.117188	-0.825195	1.420898
1.130000	-0.483398	0.004883	2.236328	0.776367	1.420898
1.135000	1.152344	-2.026367	-1.162109	1.254883	1.420898
1.140000	3.466797	0.312500	-1.088867	-1.040039	1.420898
1.145000	2.148438	1.264648	0.429688	-0.981445	1.416016
1.150000	0.419922	0.390625	0.405273	-0.126953	1.420898
1.155000	0.053711	0.029297	-0.166016	-0.170898	1.420898
1.160000	-0.146484	0.190430	0.595703	-1.254883	1.420898
1.165000	0.068359	-0.781250	-0.307617	0.581055	1.420898
1.170000	1.035156	0.122070	-0.629883	-0.551758	1.420898
1.175000	0.346680	0.800781	0.224609	-3.139648	1.420898
1.180000	-0.527344	-1.201172	1.313477	2.065430	1.420898
1.185000	2.280273	-1.430664	-1.611328	0.361328	1.420898
1.190000	3.334961	0.952148	-0.502930	-1.284180	1.420898
1.195000	1.430664	1.044922	0.600586	-0.644531	1.420898
1.200000	0.180664	0.146484	0.180664	-0.029297	1.420898
1.205000	0.029297	0.112305	-0.200195	-0.937500	1.416016
1.210000	-0.258789	-0.112305	0.830078	0.620117	1.420898
1.215000	0.493164	-0.639648	-0.659180	0.200195	1.420898
1.220000	0.996094	0.488281	-0.390625	-0.747070	1.420898
1.225000	-0.097656	0.678711	1.342773	-3.173828	1.420898
1.230000	0.073242	-2.026367	-0.151367	1.923828	1.420898
1.235000	3.110352	-0.541992	-1.528320	-0.478516	1.420898
1.240000	2.832031	1.264648	0.053711	-1.235352	1.420898
1.245000	0.839844	0.708008	0.571289	-0.336914	1.420898
1.250000	0.078125	0.029297	-0.024414	-0.048828	1.420898
1.255000	-0.029297	0.224609	0.087891	-1.606445	1.420898
1.260000	-0.214844	-0.576172	0.292969	0.766602	1.420898
1.265000	0.864258	-0.292969	-0.751953	-0.219727	1.420898
1.270000	0.737305	0.717773	-0.117188	-0.849609	1.420898
1.275000	-0.488281	-0.009766	2.241211	0.864258	1.420898
1.280000	1.162109	-2.021484	-1.171875	1.245117	1.420898
1.285000	3.466797	0.322266	-1.083984	-1.044922	1.420898
1.290000	2.138672	1.259766	0.434570	-0.981445	1.420898
1.295000	0.419922	0.380859	0.405273	-0.122070	1.420898
1.300000	0.053711	0.029297	-0.170898	-0.180664	1.420898
1.305000	-0.151367	0.185547	0.605469	-1.235352	1.420898
1.310000	0.073242	-0.781250	-0.312500	0.571289	1.420898
1.315000	1.044922	0.131836	-0.634766	-0.556641	1.420898
1.320000	0.341797	0.800781	0.234375	-3.168945	1.420898
1.325000	-0.527344	-1.220703	1.289062	2.070312	1.420898
1.330000	2.299805	-1.411133	-1.611328	0.341797	1.420898
1.335000	3.330078	0.957031	-0.493164	-1.284180	1.420898
1.340000	1.420898	1.044922	0.605469	-0.639648	1.425781
1.345000	0.175781	0.146484	0.180664	-0.029297	1.420898
1.350000	0.029297	0.112305	-0.200195	-0.952148	1.420898
1.355000	-0.258789	-0.122070	0.839844	0.634766	1.420898
1.360000	0.502930	-0.639648	-0.664062	0.195312	1.416016
1.365000	0.991211	0.488281	-0.385742	-0.747070	1.416016
1.370000	-0.102539	0.678711	1.357422	-3.154297	1.416016
1.375000	0.078125	-2.026367	-0.170898	1.918945	1.420898
1.380000	3.125000	-0.532227	-1.523438	-0.483398	1.420898
1.385000	2.822266	1.264648	0.053711	-1.230469	1.420898
1.390000	0.830078	0.708008	0.571289	-0.332031	1.420898
1.395000	0.078125	0.029297	-0.024414	-0.048828	1.420898
1.400000	-0.029297	0.224609	0.092773	-1.606445	1.420898
1.405000	-0.209961	-0.581055	0.283203	0.766602	1.420898
1.410000	0.869141	-0.283203	-0.751953	-0.219727	1.420898
1.415000	0.732422	0.727539	-0.112305	-0.883789	1.420898
1.420000	-0.493164	-0.024414	2.246094	0.957031	1.420898
1.425000	1.186523	-2.016602	-1.181641	1.230469	1.420898
1.430000	3.471680	0.332031	-1.079102	-1.054688	1.420898
1.435000	2.128906	1.264648	0.439453	-0.971680	1.425781
1.440000	0.415039	0.380859	0.400391	-0.117188	1.420898
1.445000	0.053711	0.029297	-0.166016	-0.185547	1.420898
1.450000	-0.151367	0.190430	0.610352	-1.220703	1.420898
1.455000	0.078125	-0.781250	-0.317383	0.571289	1.420898
1.460000	1.044922	0.136719	-0.629883	-0.561523	1.420898
1.465000	0.336914	0.800781	0.244141	-3.178711	1.420898
1.470000	-0.522461	-1.230469	1.279297	2.075195	1.420898
1.475000	2.304688	-1.406250	-1.611328	0.336914	1.420898
1.480000	3.330078	0.961914	-0.488281	-1.289062	1.420898
1.485000	1.416016	1.040039	0.605469	-0.634766	1.420898
1.490000	0.175781	0.146484	0.175781	-0.029297	1.420898
1.495000	0.029297	0.117188	-0.195312	-0.957031	1.420898
1.500000	-0.258789	-0.126953	0.834961	0.639648	1.420898
1.505000	0.507812	-0.634766	-0.664062	0.190430	1.420898
1.510000	0.991211	0.493164	-0.385742	-0.747070	1.420898
1.515000	-0.107422	0.668945	1.372070	-3.139648	1.420898
1.520000	0.087891	-2.031250	-0.180664	1.914062	1.420898
1.525000	3.125000	-0.527344	-1.518555	-0.493164	1.420898
1.530000	2.817383	1.269531	0.063477	-1.230469	1.420898
1.535000	0.825195	0.703125	0.571289	-0.327148	1.420898
1.540000	0.078125	0.029297	-0.029297	-0.048828	1.420898
1.545000	-0.029297	0.224609	0.097656	-1.611328	1.420898
1.550000	-0.209961	-0.581055	0.283203	0.766602	1.420898
1.555000	0.869141	-0.283203	-0.751953	-0.224609	1.420898
1.560000	0.732422	0.727539	-0.107422	-0.888672	1.420898
1.565000	-0.493164	-0.029297	2.241211	0.966797	1.420898
1.570000	1.186523	-2.011719	-1.186523	1.230469	1.420898
1.575000	3.466797	0.332031	-1.074219	-1.054688	1.420898
1.580000	2.124023	1.259766	0.444336	-0.976562	1.420898
1.585000	0.415039	0.380859	0.395508	-0.122070	1.416016
1.590000	0.053711	0.029297	-0.166016	-0.190430	1.420898
1.595000	-0.151367	0.185547	0.610352	-1.215820	1.420898
1.600000	0.083008	-0.781250	-0.317383	0.571289	1.420898
1.605000	1.044922	0.136719	-0.625000	-0.561523	1.420898
1.610000	0.332031	0.800781	0.244141	-3.193359	1.416016
1.615000	-0.522461	-1.240234	1.264648	2.075195	1.420898
1.620000	2.314453	-1.396484	-1.611328	0.327148	1.420898
1.625000	3.325195	0.966797	-0.483398	-1.284180	1.420898
1.630000	1.411133	1.035156	0.605469	-0.629883	1.420898
1.635000	0.175781	0.141602	0.175781	-0.029297	1.420898
1.640000	0.029297	0.122070	-0.195312	-0.961914	1.420898
1.645000	-0.263672	-0.126953	0.834961	0.644531	1.420898
1.650000	0.507812	-0.634766	-0.664062	0.185547	1.420898
1.655000	0.991211	0.493164	-0.385742	-0.751953	1.420898
1.660000	-0.117188	0.668945	1.381836	-3.120117	1.420898
1.665000	0.097656	-2.036133	-0.190430	1.909180	1.420898
1.670000	3.129883	-0.517578	-1.513672	-0.498047	1.420898
1.675000	2.812500	1.269531	0.063477	-1.230469	1.420898
1.680000	0.825195	0.698242	0.566406	-0.322266	1.420898
1.685000	0.078125	0.029297	-0.029297	-0.053711	1.420898
1.690000	-0.029297	0.224609	0.102539	-1.611328	1.416016
1.695000	-0.205078	-0.585938	0.278320	0.761719	1.420898
1.700000	0.869141	-0.278320	-0.751953	-0.229492	1.420898
1.705000	0.727539	0.727539	-0.107422	-0.922852	1.420898
1.710000	-0.498047	-0.039062	2.246094	1.040039	1.420898
1.715000	1.201172	-2.006836	-1.191406	1.220703	1.420898
1.720000	3.466797	0.346680	-1.064453	-1.059570	1.416016
1.725000	2.119141	1.259766	0.444336	-0.971680	1.420898
1.730000	0.410156	0.375977	0.395508	-0.117188	1.420898
1.735000	0.053711	0.029297	-0.166016	-0.200195	1.420898
1.740000	-0.151367	0.180664	0.615234	-1.201172	1.420898
1.745000	0.087891	-0.781250	-0.327148	0.566406	1.420898
1.750000	1.044922	0.141602	-0.625000	-0.561523	1.420898
1.755000	0.327148	0.795898	0.258789	-3.212891	1.420898
1.760000	-0.517578	-1.250000	1.245117	2.075195	1.420898
1.765000	2.333984	-1.386719	-1.616211	0.312500	1.420898
1.770000	3.320312	0.971680	-0.473633	-1.289062	1.420898
1.775000	1.401367	1.025391	0.605469	-0.629883	1.420898
1.780000	0.175781	0.141602	0.170898	-0.029297	1.420898
1.785000	0.029297	0.122070	-0.195312	-0.976562	1.420898
1.790000	-0.263672	-0.136719	0.830078	0.649414	1.420898
1.795000	0.517578	-0.634766	-0.668945	0.180664	1.420898
1.800000	0.986328	0.498047	-0.375977	-0.751953	1.420898
1.805000	-0.117188	0.664062	1.401367	-3.100586	1.420898
1.810000	0.107422	-2.036133	-0.205078	1.904297	1.420898
1.815000	3.139648	-0.507812	-1.513672	-0.502930	1.420898
1.820000	2.802734	1.269531	0.068359	-1.225586	1.420898
1.825000	0.815430	0.698242	0.566406	-0.327148	1.420898
1.830000	0.078125	0.024414	-0.029297	-0.053711	1.420898
1.835000	-0.029297	0.229492	0.107422	-1.611328	1.420898
1.840000	-0.205078	-0.590820	0.263672	0.761719	1.420898
1.845000	0.874023	-0.273438	-0.747070	-0.234375	1.420898
1.850000	0.722656	0.727539	-0.102539	-0.966797	1.420898
1.855000	-0.502930	-0.058594	2.246094	1.132812	1.420898
1.860000	1.215820	-2.001953	-1.206055	1.210938	1.420898
1.865000	3.471680	0.356445	-1.059570	-1.064453	1.420898
1.870000	2.109375	1.259766	0.449219	-0.966797	1.420898
1.875000	0.400391	0.375977	0.395508	-0.112305	1.420898
1.880000	0.053711	0.029297	-0.170898	-0.205078	1.420898
1.885000	-0.156250	0.180664	0.625000	-1.186523	1.420898
1.890000	0.092773	-0.781250	-0.327148	0.561523	1.420898
1.895000	1.044922	0.141602	-0.620117	-0.566406	1.420898
1.900000	0.322266	0.800781	0.268555	-3.227539	1.425781
1.905000	-0.512695	-1.264648	1.235352	2.080078	1.420898
1.910000	2.338867	-1.376953	-1.616211	0.307617	1.420898
1.915000	3.315430	0.981445	-0.468750	-1.289062	1.420898
1.920000	1.396484	1.025391	0.605469	-0.625000	1.416016
1.925000	0.175781	0.141602	0.170898	-0.029297	1.420898
1.930000	0.029297	0.117188	-0.195312	-0.986328	1.420898
1.935000	-0.263672	-0.136719	0.830078	0.644531	1.420898
1.940000	0.517578	-0.629883	-0.673828	0.175781	1.420898
1.945000	0.986328	0.502930	-0.375977	-0.751953	1.416016
1.950000	-0.126953	0.659180	1.416016	-3.071289	1.420898
1.955000	0.126953	-2.045898	-0.224609	1.894531	1.420898
1.960000	3.144531	-0.498047	-1.513672	-0.517578	1.420898
1.965000	2.792969	1.269531	0.078125	-1.225586	1.420898
1.970000	0.805664	0.693359	0.561523	-0.327148	1.420898
1.975000	0.078125	0.029297	-0.034180	-0.048828	1.420898
1.980000	-0.029297	0.224609	0.112305	-1.621094	1.416016
1.985000	-0.205078	-0.595703	0.258789	0.761719	1.420898
1.990000	0.883789	-0.273438	-0.751953	-0.239258	1.420898
1.995000	0.712891	0.727539	-0.097656	-0.986328	1.420898
2.000000	-0.502930	-0.063477	2.246094	1.176758	1.416016
2.005000	1.225586	-2.001953	-1.210938	1.201172	1.420898
2.010000	3.471680	0.361328	-1.054688	-1.069336	1.420898
2.015000	2.104492	1.254883	0.449219	-0.957031	1.420898
2.020000	0.395508	0.371094	0.385742	-0.112305	1.420898
2.025000	0.053711	0.029297	-0.170898	-0.214844	1.420898
2.030000	-0.156250	0.175781	0.625000	-1.171875	1.420898
2.035000	0.097656	-0.781250	-0.332031	0.556641	1.420898
2.040000	1.044922	0.146484	-0.620117	-0.566406	1.420898
2.045000	0.317383	0.795898	0.278320	-3.247070	1.420898
2.050000	-0.512695	-1.279297	1.210938	2.080078	1.420898
2.055000	2.353516	-1.367188	-1.616211	0.292969	1.420898
2.060000	3.310547	0.981445	-0.458984	-1.289062	1.420898
2.065000	1.386719	1.020508	0.605469	-0.625000	1.420898
2.070000	0.175781	0.136719	0.166016	-0.029297	1.420898
2.075000	0.029297	0.122070	-0.190430	-0.991211	1.420898
2.080000	-0.263672	-0.141602	0.830078	0.654297	1.420898
2.085000	0.527344	-0.629883	-0.668945	0.175781	1.420898
2.090000	0.986328	0.507812	-0.371094	-0.756836	1.420898
2.095000	-0.126953	0.659180	1.420898	-3.061523	1.420898
2.100000	0.126953	-2.045898	-0.229492	1.894531	1.420898
2.105000	3.149414	-0.493164	-1.503906	-0.522461	1.420898
2.110000	2.792969	1.274414	0.078125	-1.225586	1.425781
2.115000	0.805664	0.688477	0.566406	-0.322266	1.420898
2.120000	0.078125	0.029297	-0.034180	-0.053711	1.420898
2.125000	-0.029297	0.224609	0.117188	-1.616211	1.420898
2.130000	-0.205078	-0.595703	0.249023	0.756836	1.420898
2.135000	0.883789	-0.268555	-0.751953	-0.239258	1.420898
2.140000	0.712891	0.732422	-0.097656	-1.015625	1.420898
2.145000	-0.507812	-0.078125	2.250977	1.240234	1.420898
2.150000	1.240234	-1.997070	-1.220703	1.191406	1.420898
2.155000	3.476562	0.371094	-1.044922	-1.069336	1.420898
2.160000	2.094727	1.254883	0.454102	-0.952148	1.420898
2.165000	0.395508	0.366211	0.390625	-0.107422	1.420898
2.170000	0.053711	0.034180	-0.170898	-0.219727	1.420898
2.175000	-0.156250	0.180664	0.629883	-1.166992	1.420898
2.180000	0.097656	-0.781250	-0.336914	0.556641	1.416016
2.185000	1.049805	0.156250	-0.620117	-0.571289	1.420898
2.190000	0.312500	0.800781	0.278320	-3.247070	1.420898
2.195000	-0.507812	-1.279297	1.206055	2.080078	1.420898
2.200000	2.353516	-1.367188	-1.616211	0.292969	1.416016
2.205000	3.310547	0.986328	-0.458984	-1.293945	1.420898
2.210000	1.386719	1.020508	0.605469	-0.625000	1.420898
2.215000	0.170898	0.141602	0.170898	-0.029297	1.420898
2.220000	0.029297	0.122070	-0.190430	-1.000977	1.416016
2.225000	-0.258789	-0.146484	0.825195	0.654297	1.425781
2.230000	0.527344	-0.625000	-0.668945	0.170898	1.420898
2.235000	0.981445	0.507812	-0.371094	-0.756836	1.420898
2.240000	-0.131836	0.654297	1.435547	-3.037109	1.420898
2.245000	0.136719	-2.050781	-0.244141	1.889648	1.420898
2.250000	3.154297	-0.478516	-1.503906	-0.527344	1.420898
2.255000	2.788086	1.274414	0.083008	-1.225586	1.420898
2.260000	0.800781	0.688477	0.561523	-0.317383	1.420898
2.265000	0.073242	0.024414	-0.034180	-0.053711	1.420898
2.270000	-0.034180	0.224609	0.122070	-1.621094	1.420898
2.275000	-0.205078	-0.600586	0.244141	0.761719	1.416016
2.280000	0.883789	-0.258789	-0.747070	-0.244141	1.420898
2.285000	0.708008	0.732422	-0.097656	-1.044922	1.420898
2.290000	-0.512695	-0.087891	2.250977	1.313477	1.420898
2.295000	1.250000	-1.992188	-1.225586	1.186523	1.420898
2.300000	3.476562	0.380859	-1.040039	-1.074219	1.420898
2.305000	2.089844	1.250000	0.458984	-0.957031	1.420898
2.310000	0.390625	0.361328	0.385742	-0.107422	1.416016
2.315000	0.053711	0.034180	-0.166016	-0.224609	1.420898
2.320000	-0.156250	0.175781	0.634766	-1.147461	1.420898
2.325000	0.102539	-0.781250	-0.341797	0.551758	1.420898
2.330000	1.044922	0.156250	-0.620117	-0.576172	1.420898
2.335000	0.307617	0.800781	0.292969	-3.271484	1.420898
2.340000	-0.507812	-1.293945	1.181641	2.084961	1.420898
2.345000	2.368164	-1.352539	-1.616211	0.283203	1.420898
2.350000	3.305664	0.991211	-0.449219	-1.293945	1.420898
2.355000	1.376953	1.015625	0.610352	-0.625000	1.420898
2.360000	0.170898	0.136719	0.166016	-0.024414	1.416016
2.365000	0.029297	0.122070	-0.195312	-1.005859	1.416016
2.370000	-0.263672	-0.156250	0.825195	0.659180	1.420898
2.375000	0.532227	-0.625000	-0.673828	0.161133	1.420898
2.380000	0.981445	0.517578	-0.361328	-0.751953	1.420898
2.385000	-0.136719	0.649414	1.455078	-3.002930	1.420898
2.390000	0.151367	-2.055664	-0.263672	1.879883	1.420898
2.395000	3.164062	-0.463867	-1.494141	-0.537109	1.420898
2.400000	2.773438	1.274414	0.092773	-1.220703	1.420898
2.405000	0.795898	0.683594	0.556641	-0.317383	1.420898
2.410000	0.078125	0.029297	-0.034180	-0.053711	1.420898
2.415000	-0.034180	0.224609	0.126953	-1.625977	1.420898
2.420000	-0.200195	-0.605469	0.234375	0.761719	1.420898
2.425000	0.888672	-0.253906	-0.747070	-0.249023	1.425781
2.430000	0.708008	0.732422	-0.092773	-1.069336	1.420898
2.435000	-0.512695	-0.097656	2.246094	1.372070	1.420898
2.440000	1.259766	-1.987305	-1.235352	1.171875	1.420898
2.445000	3.471680	0.385742	-1.035156	-1.079102	1.420898
2.450000	2.075195	1.250000	0.458984	-0.947266	1.420898
2.455000	0.390625	0.361328	0.385742	-0.112305	1.420898
2.460000	0.053711	0.034180	-0.175781	-0.234375	1.420898
2.465000	-0.161133	0.175781	0.639648	-1.132812	1.420898
2.470000	0.107422	-0.781250	-0.346680	0.541992	1.420898
2.475000	1.044922	0.166016	-0.615234	-0.581055	1.420898
2.480000	0.302734	0.800781	0.302734	-3.291016	1.420898
2.485000	-0.498047	-1.313477	1.162109	2.089844	1.420898
2.490000	2.382812	-1.342773	-1.621094	0.268555	1.420898
2.495000	3.300781	1.000977	-0.444336	-1.293945	1.420898
2.500000	1.367188	1.010742	0.605469	-0.615234	1.420898
2.505000	0.166016	0.131836	0.161133	-0.029297	1.420898
2.510000	0.029297	0.126953	-0.190430	-1.020508	1.420898
2.515000	-0.263672	-0.156250	0.825195	0.664062	1.420898
2.520000	0.537109	-0.615234	-0.678711	0.161133	1.420898
2.525000	0.981445	0.517578	-0.361328	-0.756836	1.420898
2.530000	-0.141602	0.644531	1.464844	-2.983398	1.420898
2.535000	0.161133	-2.055664	-0.268555	1.875000	1.420898
2.540000	3.168945	-0.458984	-1.499023	-0.541992	1.420898
2.545000	2.773438	1.274414	0.097656	-1.215820	1.420898
2.550000	0.791016	0.678711	0.561523	-0.312500	1.425781
2.555000	0.073242	0.024414	-0.039062	-0.058594	1.420898
2.560000	-0.034180	0.224609	0.131836	-1.625977	1.420898
2.565000	-0.200195	-0.605469	0.229492	0.761719	1.420898
2.570000	0.888672	-0.253906	-0.751953	-0.253906	1.420898
2.575000	0.698242	0.732422	-0.092773	-1.108398	1.420898
2.580000	-0.517578	-0.117188	2.246094	1.435547	1.420898
2.585000	1.269531	-1.982422	-1.245117	1.162109	1.420898
2.590000	3.476562	0.395508	-1.030273	-1.083984	1.420898
2.595000	2.070312	1.245117	0.463867	-0.947266	1.420898
2.600000	0.385742	0.356445	0.380859	-0.107422	1.420898
2.605000	0.058594	0.034180	-0.175781	-0.239258	1.420898
2.610000	-0.161133	0.170898	0.644531	-1.123047	1.420898
2.615000	0.112305	-0.776367	-0.356445	0.541992	1.425781
2.620000	1.049805	0.166016	-0.615234	-0.581055	1.420898
2.625000	0.302734	0.800781	0.307617	-3.295898	1.420898
2.630000	-0.498047	-1.318359	1.152344	2.089844	1.420898
2.635000	2.392578	-1.337891	-1.621094	0.263672	1.420898
2.640000	3.295898	1.000977	-0.439453	-1.293945	1.420898
2.645000	1.362305	1.010742	0.610352	-0.615234	1.420898
2.650000	0.166016	0.126953	0.161133	-0.034180	1.420898
2.655000	0.029297	0.126953	-0.190430	-1.025391	1.420898
2.660000	-0.263672	-0.161133	0.820312	0.664062	1.416016
2.665000	0.541992	-0.620117	-0.678711	0.156250	1.420898
2.670000	0.976562	0.522461	-0.361328	-0.756836	1.420898
2.675000	-0.151367	0.639648	1.479492	-2.958984	1.420898
2.680000	0.170898	-2.060547	-0.288086	1.870117	1.420898
2.685000	3.173828	-0.449219	-1.494141	-0.551758	1.420898
2.690000	2.763672	1.279297	0.102539	-1.215820	1.420898
2.695000	0.786133	0.678711	0.556641	-0.312500	1.420898
2.700000	0.078125	0.024414	-0.043945	-0.053711	1.420898
2.705000	-0.039062	0.229492	0.136719	-1.630859	1.420898
2.710000	-0.200195	-0.615234	0.224609	0.761719	1.425781
2.715000	0.893555	-0.249023	-0.747070	-0.253906	1.420898
2.720000	0.703125	0.732422	-0.087891	-1.118164	1.420898
2.725000	-0.512695	-0.117188	2.246094	1.459961	1.420898
2.730000	1.279297	-1.977539	-1.245117	1.162109	1.420898
2.735000	3.471680	0.395508	-1.030273	-1.083984	1.420898
2.740000	2.065430	1.245117	0.458984	-0.947266	1.420898
2.745000	0.385742	0.356445	0.380859	-0.102539	1.416016
2.750000	0.053711	0.034180	-0.175781	-0.244141	1.420898
2.755000	-0.161133	0.170898	0.649414	-1.108398	1.420898
2.760000	0.117188	-0.781250	-0.356445	0.541992	1.420898
2.765000	1.049805	0.170898	-0.615234	-0.581055	1.420898
2.770000	0.297852	0.800781	0.317383	-3.310547	1.420898
2.775000	-0.493164	-1.333008	1.137695	2.089844	1.420898
2.780000	2.402344	-1.328125	-1.625977	0.249023	1.420898
2.785000	3.291016	1.005859	-0.434570	-1.293945	1.420898
2.790000	1.357422	1.005859	0.610352	-0.610352	1.420898
2.795000	0.166016	0.131836	0.161133	-0.029297	1.420898
2.800000	0.029297	0.126953	-0.029297	-1.474609	1.420898
2.805000	-0.249023	-0.444336	0.493164	0.766602	1.420898
2.810000	0.771484	-0.405273	-0.751953	-0.092773	1.420898
2.815000	0.830078	0.668945	-0.195312	-0.795898	1.420898
2.820000	-0.395508	0.258789	2.114258	-0.717773	1.416016
2.825000	0.825195	-2.099609	-0.937500	1.469727	1.420898
2.830000	3.417969	0.087891	-1.235352	-0.913086	1.420898
2.835000	2.348633	1.293945	0.351562	-1.064453	1.420898
2.840000	0.522461	0.473633	0.458984	-0.170898	1.420898
2.845000	0.058594	0.019531	-0.131836	-0.112305	1.420898
2.850000	-0.107422	0.224609	0.458984	-1.499023	1.420898
2.855000	-0.029297	-0.761719	-0.151367	0.654297	1.420898
2.860000	1.015625	0.009766	-0.678711	-0.473633	1.420898
2.865000	0.468750	0.791016	0.063477	-2.626953	1.420898
2.870000	-0.571289	-0.859375	1.762695	1.972656	1.420898
2.875000	1.987305	-1.630859	-1.538086	0.610352	1.420898
2.880000	3.417969	0.805664	-0.664062	-1.254883	1.420898
2.885000	1.621094	1.118164	0.576172	-0.742188	1.420898
2.890000	0.229492	0.209961	0.244141	-0.048828	1.420898
2.895000	0.043945	0.083008	-0.214844	-0.703125	1.420898
2.900000	-0.239258	-0.004883	0.839844	-0.009766	1.420898
2.905000	0.375977	-0.712891	-0.595703	0.312500	1.420898
2.910000	1.030273	0.395508	-0.463867	-0.708008	1.420898
2.915000	0.019531	0.751953	1.000977	-3.535156	1.420898
2.920000	-0.161133	-1.884766	0.214844	2.031250	1.420898
2.925000	2.929688	-0.795898	-1.591797	-0.268555	1.420898
2.930000	2.998047	1.215820	-0.087891	-1.274414	1.420898
2.935000	0.986328	0.805664	0.595703	-0.415039	1.420898
2.940000	0.102539	0.053711	0.029297	-0.034180	1.420898
2.945000	-0.009766	0.200195	-0.024414	-1.484375	1.420898
2.950000	-0.249023	-0.454102	0.488281	0.766602	1.420898
2.955000	0.776367	-0.405273	-0.751953	-0.107422	1.416016
2.960000	0.825195	0.673828	-0.190430	-0.800781	1.416016
2.965000	-0.400391	0.253906	2.119141	-0.659180	1.420898
2.970000	0.839844	-2.094727	-0.947266	1.464844	1.420898
2.975000	3.422852	0.097656	-1.230469	-0.917969	1.420898
2.980000	2.338867	1.289062	0.351562	-1.064453	1.420898
2.985000	0.512695	0.468750	0.458984	-0.166016	1.420898
2.990000	0.058594	0.019531	-0.131836	-0.112305	1.420898
2.995000	-0.112305	0.224609	0.463867	-1.489258	1.420898
3.000000	-0.024414	-0.761719	-0.166016	0.649414	1.420898
3.005000	1.010742	0.014648	-0.683594	-0.473633	1.420898
3.010000	0.458984	0.791016	0.068359	-2.661133	1.420898
3.015000	-0.571289	-0.878906	1.733398	1.977539	1.420898
3.020000	2.006836	-1.621094	-1.552734	0.595703	1.420898
3.025000	3.413086	0.815430	-0.654297	-1.254883	1.425781
3.030000	1.611328	1.118164	0.581055	-0.737305	1.420898
3.035000	0.224609	0.200195	0.239258	-0.043945	1.420898
3.040000	0.043945	0.083008	-0.214844	-0.717773	1.420898
3.045000	-0.239258	-0.009766	0.839844	0.024414	1.420898
3.050000	0.380859	-0.708008	-0.600586	0.307617	1.420898
3.055000	1.030273	0.405273	-0.463867	-0.708008	1.420898
3.060000	0.019531	0.751953	1.005859	-3.530273	1.420898
3.065000	-0.151367	-1.889648	0.200195	2.026367	1.420898
3.070000	2.939453	-0.786133	-1.586914	-0.278320	1.420898
3.075000	2.993164	1.215820	-0.083008	-1.269531	1.420898
3.080000	0.976562	0.800781	0.595703	-0.410156	1.420898
3.085000	0.097656	0.048828	0.024414	-0.039062	1.420898
3.090000	-0.004883	0.200195	-0.019531	-1.489258	1.425781
3.095000	-0.249023	-0.458984	0.478516	0.766602	1.420898
3.100000	0.947266	-0.151367	-0.727539	-0.341797	1.420898
3.105000	0.615234	0.766602	-0.029297	-1.743164	1.420898
3.110000	-0.556641	-0.390625	2.177734	1.738281	1.420898
3.115000	1.557617	-1.870117	-1.386719	0.947266	1.420898
3.120000	3.471680	0.571289	-0.888672	-1.166992	1.420898
3.125000	1.889648	1.210938	0.517578	-0.869141	1.420898
3.130000	0.317383	0.292969	0.332031	-0.078125	1.420898
3.135000	0.048828	0.048828	-0.200195	-0.405273	1.420898
3.140000	-0.195312	0.112305	0.747070	-0.751953	1.420898
3.145000	0.214844	-0.766602	-0.458984	0.458984	1.420898
3.150000	1.054688	0.263672	-0.556641	-0.629883	1.420898
3.155000	0.195312	0.791016	0.537109	-3.540039	1.420898
3.160000	-0.400391	-1.577148	0.781250	2.094727	1.420898
3.165000	2.607422	-1.147461	-1.635742	0.048828	1.420898
3.170000	3.193359	1.093750	-0.297852	-1.293945	1.416016
3.175000	1.220703	0.932617	0.615234	-0.537109	1.420898
3.180000	0.136719	0.092773	0.112305	-0.029297	1.420898
3.185000	0.019531	0.156250	-0.136719	-1.225586	1.420898
3.190000	-0.268555	-0.273438	0.737305	0.722656	1.420898
3.195000	0.634766	-0.537109	-0.717773	0.053711	1.420898
3.200000	0.927734	0.585938	-0.297852	-0.781250	1.420898
3.205000	-0.253906	0.522461	1.767578	-2.260742	1.420898
3.210000	0.419922	-2.114258	-0.571289	1.733398	1.420898
3.215000	3.291016	-0.229492	-1.401367	-0.703125	1.420898
3.220000	2.602539	1.298828	0.209961	-1.162109	1.420898
3.225000	0.668945	0.595703	0.527344	-0.249023	1.420898
3.230000	0.068359	0.019531	-0.083008	-0.078125	1.420898
3.235000	-0.063477	0.234375	0.258789	-1.645508	1.420898
3.240000	-0.146484	-0.688477	0.063477	0.727539	1.416016
3.245000	0.947266	-0.146484	-0.732422	-0.341797	1.420898
3.250000	0.615234	0.766602	-0.024414	-1.752930	1.420898
3.255000	-0.561523	-0.395508	2.167969	1.743164	1.420898
3.260000	1.562500	-1.865234	-1.386719	0.942383	1.416016
3.265000	3.466797	0.576172	-0.883789	-1.166992	1.420898
3.270000	1.889648	1.210938	0.517578	-0.869141	1.420898
3.275000	0.317383	0.292969	0.327148	-0.078125	1.420898
3.280000	0.048828	0.053711	-0.195312	-0.415039	1.420898
3.285000	-0.195312	0.117188	0.747070	-0.742188	1.420898
3.290000	0.219727	-0.761719	-0.463867	0.458984	1.420898
3.295000	1.049805	0.263672	-0.556641	-0.629883	1.420898
3.300000	0.190430	0.791016	0.551758	-3.549805	1.420898
3.305000	-0.395508	-1.586914	0.766602	2.094727	1.420898
3.310000	2.622070	-1.132812	-1.635742	0.043945	1.420898
3.315000	3.188477	1.108398	-0.292969	-1.293945	1.420898
3.320000	1.206055	0.932617	0.610352	-0.532227	1.420898
3.325000	0.131836	0.097656	0.107422	-0.029297	1.420898
3.330000	0.019531	0.156250	-0.141602	-1.235352	1.420898
3.335000	-0.263672	-0.278320	0.732422	0.727539	1.416016
3.340000	0.639648	-0.537109	-0.717773	0.053711	1.420898
3.345000	0.922852	0.590820	-0.292969	-0.786133	1.420898
3.350000	-0.253906	0.512695	1.777344	-2.226562	1.420898
3.355000	0.429688	-2.109375	-0.585938	1.723633	1.420898
3.360000	3.295898	-0.219727	-1.396484	-0.712891	1.420898
3.365000	2.592773	1.298828	0.214844	-1.162109	1.420898
3.370000	0.668945	0.590820	0.522461	-0.249023	1.420898
3.375000	0.068359	0.019531	-0.083008	-0.078125	1.420898
3.380000	-0.063477	0.234375	0.263672	-1.640625	1.416016
3.385000	-0.136719	-0.693359	0.053711	0.727539	1.420898
3.390000	0.952148	-0.141602	-0.727539	-0.346680	1.420898
3.395000	0.610352	0.766602	-0.024414	-1.791992	1.420898
3.400000	-0.561523	-0.415039	2.163086	1.757812	1.420898
3.405000	1.582031	-1.860352	-1.396484	0.932617	1.420898
3.410000	3.471680	0.585938	-0.878906	-1.171875	1.420898
3.415000	1.875000	1.206055	0.522461	-0.864258	1.420898
3.420000	0.307617	0.288086	0.327148	-0.073242	1.420898
3.425000	0.048828	0.053711	-0.205078	-0.424805	1.420898
3.430000	-0.195312	0.112305	0.751953	-0.712891	1.420898
3.435000	0.224609	-0.761719	-0.468750	0.454102	1.420898
3.440000	1.049805	0.273438	-0.556641	-0.634766	1.420898
3.445000	0.180664	0.791016	0.571289	-3.564453	1.420898
3.450000	-0.385742	-1.606445	0.732422	2.094727	1.420898
3.455000	2.641602	-1.118164	-1.635742	0.024414	1.420898
3.460000	3.183594	1.108398	-0.283203	-1.293945	1.420898
3.465000	1.196289	0.927734	0.615234	-0.527344	1.416016
3.470000	0.131836	0.092773	0.102539	-0.029297	1.420898
3.475000	0.019531	0.156250	-0.131836	-1.245117	1.420898
3.480000	-0.263672	-0.283203	0.727539	0.727539	1.420898
3.485000	0.649414	-0.532227	-0.722656	0.043945	1.420898
3.490000	0.922852	0.595703	-0.288086	-0.781250	1.420898
3.495000	-0.263672	0.507812	1.791992	-2.177734	1.420898
3.500000	0.444336	-2.114258	-0.590820	1.718750	1.420898
3.505000	3.305664	-0.209961	-1.396484	-0.717773	1.420898
3.510000	2.583008	1.298828	0.219727	-1.157227	1.420898
3.515000	0.659180	0.585938	0.522461	-0.249023	1.420898
3.520000	0.063477	0.019531	-0.087891	-0.078125	1.420898
3.525000	-0.068359	0.234375	0.273438	-1.635742	1.420898
3.530000	-0.131836	-0.693359	0.043945	0.727539	1.420898
3.535000	0.957031	-0.136719	-0.722656	-0.351562	1.420898
3.540000	0.600586	0.766602	-0.024414	-1.835938	1.420898
3.545000	-0.561523	-0.434570	2.153320	1.767578	1.420898
3.550000	1.596680	-1.850586	-1.406250	0.917969	1.420898
3.555000	3.471680	0.595703	-0.864258	-1.176758	1.420898
3.560000	1.870117	1.201172	0.527344	-0.859375	1.420898
3.565000	0.307617	0.283203	0.317383	-0.073242	1.420898
3.570000	0.048828	0.058594	-0.195312	-0.434570	1.420898
3.575000	-0.200195	0.107422	0.756836	-0.688477	1.420898
3.580000	0.229492	-0.761719	-0.473633	0.449219	1.420898
3.585000	1.049805	0.273438	-0.551758	-0.639648	1.420898
3.590000	0.180664	0.791016	0.581055	-3.564453	1.420898
3.595000	-0.380859	-1.611328	0.722656	2.094727	1.420898
3.600000	2.646484	-1.108398	-1.635742	0.014648	1.416016
3.605000	3.178711	1.108398	-0.278320	-1.293945	1.420898
3.610000	1.191406	0.922852	0.610352	-0.522461	1.420898
3.615000	0.131836	0.087891	0.102539	-0.024414	1.416016
3.620000	0.019531	0.161133	-0.131836	-1.250000	1.420898
3.625000	-0.263672	-0.292969	0.712891	0.732422	1.420898
3.630000	0.649414	-0.527344	-0.722656	0.039062	1.420898
3.635000	0.917969	0.595703	-0.283203	-0.786133	1.420898
3.640000	-0.268555	0.498047	1.816406	-2.124023	1.420898
3.645000	0.458984	-2.114258	-0.610352	1.704102	1.420898
3.650000	3.310547	-0.195312	-1.386719	-0.732422	1.420898
3.655000	2.578125	1.293945	0.224609	-1.152344	1.420898
3.660000	0.654297	0.581055	0.517578	-0.244141	1.420898
3.665000	0.063477	0.019531	-0.087891	-0.083008	1.420898
3.670000	-0.068359	0.234375	0.283203	-1.640625	1.420898
3.675000	-0.131836	-0.698242	0.043945	0.727539	1.420898
3.680000	0.961914	-0.131836	-0.727539	-0.356445	1.420898
3.685000	0.605469	0.766602	-0.019531	-1.840820	1.420898
3.690000	-0.566406	-0.439453	2.148438	1.772461	1.420898
3.695000	1.601562	-1.845703	-1.406250	0.917969	1.420898
3.700000	3.466797	0.595703	-0.869141	-1.176758	1.420898
3.705000	1.860352	1.201172	0.527344	-0.854492	1.420898
3.710000	0.307617	0.283203	0.317383	-0.073242	1.420898
3.715000	0.048828	0.058594	-0.200195	-0.439453	1.420898
3.720000	-0.200195	0.102539	0.761719	-0.678711	1.420898
3.725000	0.229492	-0.761719	-0.478516	0.444336	1.420898
3.730000	1.049805	0.278320	-0.551758	-0.639648	1.416016
3.735000	0.170898	0.786133	0.590820	-3.569336	1.420898
3.740000	-0.371094	-1.625977	0.712891	2.094727	1.420898
3.745000	2.656250	-1.098633	-1.635742	0.009766	1.420898
3.750000	3.168945	1.118164	-0.273438	-1.293945	1.420898
3.755000	1.186523	0.917969	0.610352	-0.522461	1.420898
3.760000	0.126953	0.087891	0.097656	-0.029297	1.420898
3.765000	0.014648	0.161133	-0.131836	-1.254883	1.420898
3.770000	-0.268555	-0.297852	0.712891	0.732422	1.420898
3.775000	0.654297	-0.522461	-0.727539	0.034180	1.420898
3.780000	0.922852	0.595703	-0.283203	-0.786133	1.420898
3.785000	-0.268555	0.498047	1.811523	-2.124023	1.420898
3.790000	0.458984	-2.109375	-0.610352	1.704102	1.420898
3.795000	3.310547	-0.195312	-1.386719	-0.727539	1.420898
3.800000	2.573242	1.298828	0.224609	-1.152344	1.420898
3.805000	0.649414	0.581055	0.522461	-0.239258	1.420898
3.810000	0.068359	0.019531	-0.087891	-0.087891	1.420898
3.815000	-0.068359	0.234375	0.278320	-1.635742	1.420898
3.820000	-0.131836	-0.698242	0.034180	0.722656	1.420898
3.825000	0.961914	-0.126953	-0.722656	-0.361328	1.420898
3.830000	0.595703	0.771484	-0.014648	-1.865234	1.420898
3.835000	-0.566406	-0.449219	2.143555	1.782227	1.420898
3.840000	1.616211	-1.840820	-1.411133	0.908203	1.420898
3.845000	3.466797	0.600586	-0.859375	-1.181641	1.420898
3.850000	1.855469	1.196289	0.527344	-0.849609	1.420898
3.855000	0.302734	0.278320	0.317383	-0.068359	1.420898
3.860000	0.048828	0.058594	-0.205078	-0.449219	1.420898
3.865000	-0.200195	0.102539	0.766602	-0.664062	1.420898
3.870000	0.234375	-0.761719	-0.483398	0.439453	1.420898
3.875000	1.049805	0.283203	-0.551758	-0.639648	1.420898
3.880000	0.170898	0.786133	0.600586	-3.574219	1.416016
3.885000	-0.371094	-1.630859	0.693359	2.094727	1.420898
3.890000	2.661133	-1.093750	-1.635742	0.000000	1.420898
3.895000	3.168945	1.118164	-0.268555	-1.293945	1.420898
3.900000	1.181641	0.917969	0.615234	-0.517578	1.420898
3.905000	0.126953	0.087891	0.092773	-0.029297	1.420898
3.910000	0.019531	0.161133	-0.126953	-1.264648	1.420898
3.915000	-0.263672	-0.302734	0.708008	0.732422	1.420898
3.920000	0.659180	-0.522461	-0.722656	0.029297	1.416016
3.925000	0.913086	0.600586	-0.278320	-0.786133	1.420898
3.930000	-0.273438	0.488281	1.831055	-2.075195	1.420898
3.935000	0.473633	-2.114258	-0.625000	1.699219	1.416016
3.940000	3.315430	-0.180664	-1.381836	-0.737305	1.420898
3.945000	2.568359	1.298828	0.229492	-1.147461	1.420898
3.950000	0.644531	0.571289	0.517578	-0.239258	1.420898
3.955000	0.068359	0.019531	-0.092773	-0.083008	1.420898
3.960000	-0.068359	0.234375	0.288086	-1.630859	1.420898
3.965000	-0.126953	-0.703125	0.029297	0.717773	1.420898
3.970000	0.961914	-0.122070	-0.722656	-0.361328	1.420898
3.975000	0.590820	0.766602	-0.014648	-1.899414	1.420898
3.980000	-0.566406	-0.468750	2.128906	1.787109	1.420898
3.985000	1.630859	-1.831055	-1.416016	0.893555	1.420898
3.990000	3.466797	0.610352	-0.854492	-1.181641	1.420898
3.995000	1.845703	1.196289	0.532227	-0.844727	1.420898
4.000000	0.302734	0.278320	0.317383	-0.068359	1.420898
4.005000	0.048828	0.058594	-0.200195	-0.454102	1.420898
4.010000	-0.205078	0.097656	0.766602	-0.639648	1.420898
4.015000	0.244141	-0.761719	-0.483398	0.434570	1.420898
4.020000	1.049805	0.283203	-0.546875	-0.649414	1.420898
4.025000	0.166016	0.791016	0.615234	-3.579102	1.420898
4.030000	-0.366211	-1.640625	0.678711	2.094727	1.420898
4.035000	2.670898	-1.083984	-1.635742	-0.004883	1.420898
4.040000	3.164062	1.123047	-0.258789	-1.298828	1.420898
4.045000	1.171875	0.913086	0.615234	-0.512695	1.420898
4.050000	0.126953	0.083008	0.092773	-0.029297	1.416016
4.055000	0.014648	0.161133	-0.126953	-1.274414	1.420898
4.060000	-0.263672	-0.307617	0.698242	0.732422	1.420898
4.065000	0.664062	-0.517578	-0.727539	0.024414	1.420898
4.070000	0.908203	0.605469	-0.273438	-0.786133	1.420898
4.075000	-0.283203	0.483398	1.845703	-2.021484	1.416016
4.080000	0.488281	-2.114258	-0.639648	1.689453	1.420898
4.085000	3.325195	-0.166016	-1.372070	-0.747070	1.420898
4.090000	2.553711	1.298828	0.234375	-1.142578	1.420898
4.095000	0.639648	0.566406	0.512695	-0.234375	1.420898
4.100000	0.068359	0.019531	-0.092773	-0.087891	1.420898
4.105000	-0.068359	0.234375	0.297852	-1.630859	1.420898
4.110000	-0.122070	-0.708008	0.019531	0.717773	1.420898
4.115000	0.966797	-0.117188	-0.722656	-0.366211	1.420898
4.120000	0.585938	0.771484	-0.009766	-1.923828	1.420898
4.125000	-0.566406	-0.483398	2.124023	1.796875	1.416016
4.130000	1.640625	-1.826172	-1.420898	0.883789	1.416016
4.135000	3.461914	0.620117	-0.844727	-1.186523	1.420898
4.140000	1.840820	1.191406	0.532227	-0.839844	1.420898
4.145000	0.297852	0.273438	0.312500	-0.068359	1.420898
4.150000	0.043945	0.058594	-0.205078	-0.468750	1.420898
4.155000	-0.205078	0.092773	0.771484	-0.620117	1.420898
4.160000	0.244141	-0.756836	-0.493164	0.429688	1.420898
4.165000	1.044922	0.292969	-0.541992	-0.649414	1.420898
4.170000	0.161133	0.791016	0.625000	-3.583984	1.420898
4.175000	-0.356445	-1.655273	0.654297	2.089844	1.420898
4.180000	2.685547	-1.074219	-1.630859	-0.019531	1.416016
4.185000	3.154297	1.127930	-0.249023	-1.293945	1.420898
4.190000	1.166992	0.908203	0.615234	-0.507812	1.420898
4.195000	0.126953	0.083008	0.092773	-0.029297	1.420898
4.200000	0.019531	0.161133	-0.122070	-1.279297	1.420898
4.205000	-0.263672	-0.312500	0.698242	0.737305	1.420898
4.210000	0.668945	-0.517578	-0.732422	0.019531	1.420898
4.215000	0.913086	0.610352	-0.273438	-0.786133	1.420898
4.220000	-0.283203	0.473633	1.850586	-2.001953	1.420898
4.225000	0.498047	-2.114258	-0.644531	1.684570	1.420898
4.230000	3.325195	-0.161133	-1.372070	-0.747070	1.420898
4.235000	2.548828	1.298828	0.234375	-1.142578	1.420898
4.240000	0.639648	0.571289	0.517578	-0.234375	1.420898
4.245000	0.063477	0.019531	-0.092773	-0.083008	1.420898
4.250000	-0.068359	0.234375	0.297852	-1.625977	1.420898
4.255000	-0.122070	-0.708008	0.014648	0.717773	1.420898
4.260000	0.961914	-0.117188	-0.722656	-0.366211	1.420898
4.265000	0.585938	0.771484	-0.009766	-1.958008	1.420898
4.270000	-0.571289	-0.498047	2.109375	1.806641	1.420898
4.275000	1.660156	-1.816406	-1.425781	0.874023	1.425781
4.280000	3.466797	0.629883	-0.839844	-1.191406	1.420898
4.285000	1.835938	1.196289	0.532227	-0.834961	1.420898
4.290000	0.297852	0.273438	0.312500	-0.068359	1.425781
4.295000	0.048828	0.058594	-0.205078	-0.473633	1.420898
4.300000	-0.205078	0.092773	0.776367	-0.605469	1.420898
4.305000	0.249023	-0.756836	-0.488281	0.429688	1.420898
4.310000	1.054688	0.292969	-0.541992	-0.654297	1.420898
4.315000	0.156250	0.791016	0.634766	-3.583984	1.420898
4.320000	-0.356445	-1.660156	0.649414	2.089844	1.420898
4.325000	2.690430	-1.069336	-1.630859	-0.019531	1.420898
4.330000	3.154297	1.127930	-0.249023	-1.293945	1.420898
4.335000	1.166992	0.908203	0.610352	-0.512695	1.420898
4.340000	0.126953	0.083008	0.087891	-0.029297	1.420898
4.345000	0.014648	0.166016	-0.122070	-1.284180	1.420898
4.350000	-0.268555	-0.312500	0.693359	0.732422	1.420898
4.355000	0.668945	-0.507812	-0.727539	0.019531	1.420898
4.360000	0.908203	0.610352	-0.268555	-0.786133	1.420898
4.365000	-0.288086	0.473633	1.860352	-1.953125	1.420898
4.370000	0.502930	-2.114258	-0.654297	1.674805	1.420898
4.375000	3.330078	-0.156250	-1.367188	-0.756836	1.420898
4.380000	2.539062	1.293945	0.239258	-1.137695	1.420898
4.385000	0.629883	0.566406	0.512695	-0.229492	1.420898
4.390000	0.068359	0.019531	-0.092773	-0.087891	1.420898
4.395000	-0.073242	0.234375	0.302734	-1.625977	1.420898
4.400000	-0.117188	-0.708008	0.004883	0.712891	1.420898
4.405000	0.966797	-0.107422	-0.717773	-0.375977	1.420898
4.410000	0.581055	0.771484	-0.004883	-1.967773	1.420898
4.415000	-0.571289	-0.502930	2.109375	1.806641	1.420898
4.420000	1.665039	-1.816406	-1.430664	0.869141	1.420898
4.425000	3.461914	0.629883	-0.834961	-1.191406	1.420898
4.430000	1.826172	1.191406	0.537109	-0.834961	1.420898
4.435000	0.297852	0.273438	0.307617	-0.068359	1.420898
4.440000	0.048828	0.058594	-0.205078	-0.478516	1.420898
4.445000	-0.205078	0.087891	0.776367	-0.590820	1.420898
4.450000	0.253906	-0.756836	-0.498047	0.424805	1.420898
4.455000	1.044922	0.297852	-0.541992	-0.649414	1.425781
4.460000	0.151367	0.786133	0.644531	-3.588867	1.420898
4.465000	-0.346680	-1.669922	0.634766	2.094727	1.420898
4.470000	2.700195	-1.054688	-1.630859	-0.034180	1.425781
4.475000	3.149414	1.132812	-0.244141	-1.293945	1.420898
4.480000	1.157227	0.903320	0.610352	-0.502930	1.420898
4.485000	0.126953	0.083008	0.087891	-0.029297	1.420898
4.490000	0.014648	0.166016	-0.117188	-1.293945	1.420898
4.495000	-0.263672	-0.317383	0.678711	0.737305	1.420898
4.500000	0.673828	-0.507812	-0.727539	0.014648	1.420898
4.505000	0.903320	0.610352	-0.268555	-0.786133	1.420898
4.510000	-0.292969	0.458984	1.879883	-1.904297	1.425781
4.515000	0.522461	-2.114258	-0.668945	1.665039	1.420898
4.520000	3.334961	-0.141602	-1.362305	-0.766602	1.420898
4.525000	2.529297	1.293945	0.249023	-1.137695	1.420898
4.530000	0.629883	0.561523	0.512695	-0.229492	1.420898
4.535000	0.068359	0.019531	-0.097656	-0.087891	1.416016
4.540000	-0.078125	0.234375	0.312500	-1.621094	1.420898
4.545000	-0.112305	-0.712891	0.000000	0.708008	1.416016
4.550000	0.971680	-0.102539	-0.717773	-0.380859	1.420898
4.555000	0.576172	0.771484	-0.004883	-2.006836	1.420898
4.560000	-0.571289	-0.522461	2.094727	1.821289	1.420898
4.565000	1.679688	-1.806641	-1.440430	0.854492	1.420898
4.570000	3.461914	0.639648	-0.825195	-1.196289	1.420898
4.575000	1.816406	1.186523	0.537109	-0.830078	1.420898
4.580000	0.292969	0.268555	0.302734	-0.068359	1.420898
4.585000	0.048828	0.058594	-0.205078	-0.493164	1.420898
4.590000	-0.205078	0.083008	0.781250	-0.561523	1.420898
4.595000	0.258789	-0.751953	-0.502930	0.419922	1.416016
4.600000	1.049805	0.302734	-0.532227	-0.654297	1.420898
4.605000	0.141602	0.786133	0.668945	-3.588867	1.420898
4.610000	-0.336914	-1.689453	0.605469	2.089844	1.420898
4.615000	2.714844	-1.040039	-1.625977	-0.048828	1.416016
4.620000	3.134766	1.137695	-0.229492	-1.293945	1.420898
4.625000	1.137695	0.898438	0.610352	-0.498047	1.420898
4.630000	0.126953	0.078125	0.083008	-0.029297	1.420898
4.635000	0.014648	0.170898	-0.112305	-1.313477	1.420898
4.640000	-0.263672	-0.327148	0.678711	0.742188	1.420898
4.645000	0.683594	-0.498047	-0.732422	0.004883	1.420898
4.650000	0.903320	0.610352	-0.258789	-0.786133	1.420898
4.655000	-0.297852	0.454102	1.889648	-1.855469	1.420898
4.660000	0.541992	-2.114258	-0.683594	1.660156	1.420898
4.665000	3.339844	-0.126953	-1.352539	-0.771484	1.420898
4.670000	2.529297	1.298828	0.253906	-1.137695	1.420898
4.675000	0.620117	0.556641	0.502930	-0.224609	1.420898
4.680000	0.063477	0.019531	-0.097656	-0.087891	1.420898
4.685000	-0.078125	0.234375	0.317383	-1.616211	1.420898
4.690000	-0.112305	-0.717773	-0.009766	0.708008	1.420898
4.695000	0.971680	-0.097656	-0.712891	-0.385742	1.420898
4.700000	0.566406	0.771484	-0.004883	-2.045898	1.420898
4.705000	-0.576172	-0.541992	2.075195	1.831055	1.420898
4.710000	1.699219	-1.796875	-1.445312	0.834961	1.420898
4.715000	3.457031	0.649414	-0.815430	-1.196289	1.420898
4.720000	1.801758	1.181641	0.537109	-0.825195	1.420898
4.725000	0.288086	0.263672	0.302734	-0.068359	1.420898
4.730000	0.048828	0.058594	-0.205078	-0.502930	1.420898
4.735000	-0.205078	0.083008	0.786133	-0.537109	1.420898
4.740000	0.268555	-0.751953	-0.507812	0.415039	1.420898
4.745000	1.049805	0.312500	-0.527344	-0.659180	1.420898
4.750000	0.141602	0.786133	0.673828	-3.593750	1.420898
4.755000	-0.336914	-1.689453	0.595703	2.084961	1.420898
4.760000	2.719727	-1.040039	-1.630859	-0.053711	1.420898
4.765000	3.134766	1.142578	-0.229492	-1.293945	1.420898
4.770000	1.142578	0.893555	0.610352	-0.498047	1.420898
4.775000	0.122070	0.073242	0.078125	-0.029297	1.420898
4.780000	0.014648	0.170898	-0.107422	-1.313477	1.420898
4.785000	-0.263672	-0.332031	0.668945	0.742188	1.420898
4.790000	0.683594	-0.498047	-0.732422	0.000000	1.420898
4.795000	0.893555	0.615234	-0.258789	-0.786133	1.416016
4.800000	-0.302734	0.444336	1.899414	-1.811523	1.420898
4.805000	0.546875	-2.114258	-0.698242	1.650391	1.420898
4.810000	3.344727	-0.117188	-1.347656	-0.781250	1.420898
4.815000	2.514648	1.298828	0.258789	-1.132812	1.420898
4.820000	0.615234	0.551758	0.502930	-0.219727	1.420898
4.825000	0.063477	0.019531	-0.097656	-0.087891	1.420898
4.830000	-0.078125	0.234375	0.322266	-1.616211	1.416016
4.835000	-0.107422	-0.717773	-0.014648	0.708008	1.420898
4.840000	0.976562	-0.092773	-0.717773	-0.390625	1.420898
4.845000	0.566406	0.776367	-0.004883	-2.050781	1.420898
4.850000	-0.571289	-0.546875	2.080078	1.831055	1.420898
4.855000	1.704102	-1.796875	-1.450195	0.834961	1.420898
4.860000	3.457031	0.649414	-0.810547	-1.196289	1.420898
4.865000	1.796875	1.181641	0.537109	-0.825195	1.420898
4.870000	0.288086	0.258789	0.302734	-0.063477	1.420898
4.875000	0.048828	0.063477	-0.209961	-0.507812	1.416016
4.880000	-0.205078	0.078125	0.781250	-0.527344	1.420898
4.885000	0.268555	-0.751953	-0.512695	0.410156	1.420898
4.890000	1.044922	0.312500	-0.527344	-0.664062	1.420898
4.895000	0.136719	0.786133	0.688477	-3.598633	1.420898
4.900000	-0.327148	-1.704102	0.581055	2.089844	1.420898
4.905000	2.729492	-1.020508	-1.630859	-0.068359	1.416016
4.910000	3.129883	1.147461	-0.224609	-1.293945	1.420898
4.915000	1.132812	0.888672	0.610352	-0.493164	1.420898
4.920000	0.117188	0.073242	0.078125	-0.029297	1.420898
4.925000	0.009766	0.175781	-0.107422	-1.318359	1.420898
4.930000	-0.263672	-0.332031	0.668945	0.747070	1.420898
4.935000	0.688477	-0.493164	-0.737305	-0.004883	1.420898
4.940000	0.898438	0.615234	-0.258789	-0.786133	1.420898
4.945000	-0.302734	0.439453	1.904297	-1.796875	1.420898
4.950000	0.551758	-2.114258	-0.698242	1.650391	1.420898
4.955000	3.339844	-0.117188	-1.342773	-0.781250	1.420898
4.960000	2.514648	1.298828	0.258789	-1.132812	1.420898
4.965000	0.615234	0.551758	0.502930	-0.219727	1.420898
4.970000	0.063477	0.019531	-0.102539	-0.087891	1.420898
4.975000	-0.078125	0.234375	0.327148	-1.616211	1.420898
4.980000	-0.107422	-0.722656	-0.019531	0.703125	1.416016
4.985000	0.971680	-0.092773	-0.712891	-0.390625	1.416016
4.990000	0.561523	0.776367	-0.004883	-2.084961	1.420898
4.995000	-0.576172	-0.561523	2.065430	1.840820	1.416016
5.000000	1.718750	-1.791992	-1.455078	0.825195	1.420898
5.005000	3.457031	0.659180	-0.805664	-1.201172	1.416016
5.010000	1.791992	1.176758	0.541992	-0.820312	1.420898
5.015000	0.283203	0.258789	0.302734	-0.063477	1.420898
5.020000	0.048828	0.063477	-0.205078	-0.517578	1.420898
5.025000	-0.205078	0.073242	0.786133	-0.502930	1.420898
5.030000	0.273438	-0.747070	-0.512695	0.405273	1.420898
5.035000	1.044922	0.312500	-0.522461	-0.668945	1.420898
5.040000	0.126953	0.781250	0.708008	-3.603516	1.420898
5.045000	-0.322266	-1.713867	0.556641	2.080078	1.420898
5.050000	2.739258	-1.010742	-1.625977	-0.078125	1.420898
5.055000	3.120117	1.152344	-0.214844	-1.293945	1.420898
5.060000	1.123047	0.888672	0.610352	-0.488281	1.416016
5.065000	0.117188	0.073242	0.078125	-0.029297	1.420898
5.070000	0.009766	0.175781	-0.097656	-1.328125	1.420898
5.075000	-0.263672	-0.341797	0.659180	0.747070	1.420898
5.080000	0.693359	-0.493164	-0.737305	-0.004883	1.420898
5.085000	0.893555	0.620117	-0.253906	-0.786133	1.420898
5.090000	-0.312500	0.434570	1.918945	-1.743164	1.420898
5.095000	0.571289	-2.114258	-0.712891	1.640625	1.416016
5.100000	3.349609	-0.107422	-1.342773	-0.791016	1.420898
5.105000	2.504883	1.298828	0.263672	-1.127930	1.420898
5.110000	0.605469	0.546875	0.498047	-0.219727	1.420898
5.115000	0.063477	0.019531	-0.102539	-0.087891	1.420898
5.120000	-0.083008	0.234375	0.336914	-1.606445	1.420898
5.125000	-0.097656	-0.717773	-0.029297	0.698242	1.420898
5.130000	0.976562	-0.083008	-0.708008	-0.395508	1.420898
5.135000	0.551758	0.776367	0.004883	-2.133789	1.425781
5.140000	-0.576172	-0.585938	2.050781	1.855469	1.420898
5.145000	1.743164	-1.777344	-1.459961	0.810547	1.420898
5.150000	3.457031	0.668945	-0.795898	-1.206055	1.420898
5.155000	1.782227	1.171875	0.541992	-0.815430	1.420898
5.160000	0.278320	0.258789	0.297852	-0.058594	1.420898
5.165000	0.048828	0.068359	-0.205078	-0.532227	1.420898
5.170000	-0.209961	0.068359	0.795898	-0.468750	1.420898
5.175000	0.283203	-0.747070	-0.517578	0.400391	1.420898
5.180000	1.044922	0.322266	-0.522461	-0.668945	1.420898
5.185000	0.122070	0.781250	0.722656	-3.608398	1.420898
5.190000	-0.307617	-1.723633	0.532227	2.080078	1.416016
5.195000	2.753906	-0.996094	-1.625977	-0.087891	1.420898
5.200000	3.115234	1.157227	-0.205078	-1.293945	1.420898
5.205000	1.113281	0.883789	0.610352	-0.483398	1.420898
5.210000	0.117188	0.068359	0.073242	-0.029297	1.416016
5.215000	0.009766	0.175781	-0.097656	-1.337891	1.416016
5.220000	-0.263672	-0.351562	0.649414	0.747070	1.420898
5.225000	0.698242	-0.483398	-0.737305	-0.014648	1.420898
5.230000	0.883789	0.620117	-0.249023	-0.786133	1.420898
5.235000	-0.317383	0.419922	1.938477	-1.655273	1.420898
5.240000	0.590820	-2.114258	-0.737305	1.625977	1.420898
5.245000	3.354492	-0.087891	-1.328125	-0.800781	1.420898
5.250000	2.490234	1.298828	0.273438	-1.123047	1.420898
5.255000	0.605469	0.537109	0.498047	-0.214844	1.420898
5.260000	0.063477	0.019531	-0.102539	-0.087891	1.420898
5.265000	-0.083008	0.234375	0.341797	-1.606445	1.420898
5.270000	-0.092773	-0.727539	-0.034180	0.703125	1.420898
5.275000	0.981445	-0.083008	-0.708008	-0.400391	1.420898
5.280000	0.551758	0.776367	0.004883	-2.143555	1.420898
5.285000	-0.576172	-0.590820	2.041016	1.855469	1.420898
5.290000	1.748047	-1.777344	-1.464844	0.800781	1.420898
5.295000	3.457031	0.678711	-0.791016	-1.210938	1.420898
5.300000	1.777344	1.171875	0.541992	-0.815430	1.420898
5.305000	0.278320	0.253906	0.297852	-0.058594	1.420898
5.310000	0.048828	0.068359	-0.205078	-0.537109	1.420898
5.315000	-0.214844	0.068359	0.795898	-0.449219	1.420898
5.320000	0.288086	-0.747070	-0.522461	0.400391	1.420898
5.325000	1.044922	0.327148	-0.517578	-0.673828	1.420898
5.330000	0.117188	0.781250	0.737305	-3.608398	1.420898
5.335000	-0.302734	-1.733398	0.522461	2.080078	1.420898
5.340000	2.763672	-0.991211	-1.621094	-0.097656	1.420898
5.345000	3.110352	1.157227	-0.200195	-1.293945	1.420898
5.350000	1.113281	0.878906	0.610352	-0.478516	1.420898
5.355000	0.117188	0.073242	0.068359	-0.029297	1.420898
5.360000	0.009766	0.175781	-0.092773	-1.347656	1.420898
5.365000	-0.263672	-0.351562	0.644531	0.751953	1.420898
5.370000	0.703125	-0.483398	-0.737305	-0.014648	1.420898
5.375000	0.888672	0.625000	-0.249023	-0.786133	1.420898
5.380000	-0.322266	0.415039	1.938477	-1.645508	1.420898
5.385000	0.595703	-2.114258	-0.737305	1.621094	1.420898
5.390000	3.359375	-0.087891	-1.328125	-0.800781	1.420898
5.395000	2.490234	1.298828	0.273438	-1.118164	1.420898
5.400000	0.600586	0.541992	0.498047	-0.214844	1.420898
5.405000	0.063477	0.019531	-0.107422	-0.087891	1.420898
5.410000	-0.083008	0.234375	0.346680	-1.601562	1.420898
5.415000	-0.097656	-0.727539	-0.039062	0.698242	1.420898
5.420000	0.986328	-0.073242	-0.708008	-0.405273	1.420898
5.425000	0.541992	0.776367	0.009766	-2.172852	1.420898
5.430000	-0.576172	-0.600586	2.031250	1.865234	1.420898
5.435000	1.762695	-1.762695	-1.469727	0.795898	1.420898
5.440000	3.452148	0.683594	-0.781250	-1.210938	1.420898
5.445000	1.767578	1.166992	0.546875	-0.805664	1.420898
5.450000	0.278320	0.249023	0.297852	-0.058594	1.420898
5.455000	0.048828	0.068359	-0.209961	-0.546875	1.420898
5.460000	-0.214844	0.063477	0.800781	-0.429688	1.420898
5.465000	0.288086	-0.747070	-0.522461	0.395508	1.420898
5.470000	1.044922	0.327148	-0.517578	-0.668945	1.420898
5.475000	0.112305	0.776367	0.737305	-3.603516	1.420898
5.480000	-0.302734	-1.738281	0.512695	2.080078	1.416016
5.485000	2.768555	-0.981445	-1.625977	-0.097656	1.420898
5.490000	3.110352	1.162109	-0.195312	-1.293945	1.420898
5.495000	1.108398	0.874023	0.610352	-0.478516	1.420898
5.500000	0.112305	0.068359	0.068359	-0.029297	1.420898
5.505000	0.009766	0.175781	-0.092773	-1.352539	1.420898
5.510000	-0.263672	-0.356445	0.634766	0.751953	1.420898
5.515000	0.703125	-0.478516	-0.737305	-0.019531	1.420898
5.520000	0.883789	0.629883	-0.244141	-0.786133	1.420898
5.525000	-0.322266	0.410156	1.953125	-1.591797	1.420898
5.530000	0.610352	-2.114258	-0.756836	1.611328	1.420898
5.535000	3.364258	-0.073242	-1.323242	-0.810547	1.420898
5.540000	2.485352	1.298828	0.278320	-1.118164	1.420898
5.545000	0.595703	0.532227	0.498047	-0.209961	1.420898
5.550000	0.063477	0.019531	-0.107422	-0.092773	1.420898
5.555000	-0.083008	0.234375	0.351562	-1.601562	1.420898
5.560000	-0.087891	-0.727539	-0.048828	0.698242	1.420898
5.565000	0.986328	-0.068359	-0.708008	-0.405273	1.420898
5.570000	0.541992	0.781250	0.014648	-2.197266	1.420898
5.575000	-0.576172	-0.620117	2.016602	1.875000	1.420898
5.580000	1.777344	-1.762695	-1.474609	0.786133	1.420898
5.585000	3.452148	0.693359	-0.776367	-1.215820	1.420898
5.590000	1.762695	1.166992	0.546875	-0.800781	1.420898
5.595000	0.273438	0.249023	0.288086	-0.058594	1.420898
5.600000	0.048828	0.068359	-0.205078	-0.556641	1.420898
5.605000	-0.214844	0.063477	0.800781	-0.410156	1.420898
5.610000	0.292969	-0.742188	-0.532227	0.385742	1.420898
5.615000	1.044922	0.332031	-0.517578	-0.673828	1.420898
5.620000	0.112305	0.781250	0.761719	-3.608398	1.420898
5.625000	-0.292969	-1.748047	0.493164	2.075195	1.420898
5.630000	2.778320	-0.971680	-1.621094	-0.112305	1.420898
5.635000	3.105469	1.162109	-0.190430	-1.293945	1.420898
5.640000	1.098633	0.869141	0.610352	-0.473633	1.420898
5.645000	0.117188	0.068359	0.063477	-0.029297	1.420898
5.650000	0.009766	0.175781	-0.087891	-1.362305	1.420898
5.655000	-0.263672	-0.361328	0.629883	0.747070	1.425781
5.660000	0.708008	-0.473633	-0.742188	-0.019531	1.420898
5.665000	0.883789	0.629883	-0.239258	-0.786133	1.420898
5.670000	-0.327148	0.395508	1.967773	-1.533203	1.420898
5.675000	0.625000	-2.114258	-0.766602	1.601562	1.420898
5.680000	3.369141	-0.058594	-1.318359	-0.815430	1.420898
5.685000	2.470703	1.298828	0.288086	-1.113281	1.420898
5.690000	0.585938	0.532227	0.493164	-0.205078	1.420898
5.695000	0.063477	0.019531	-0.107422	-0.092773	1.425781
5.700000	-0.087891	0.234375	0.361328	-1.591797	1.420898
5.705000	-0.087891	-0.727539	-0.053711	0.693359	1.420898
5.710000	0.991211	-0.063477	-0.708008	-0.410156	1.420898
5.715000	0.537109	0.776367	0.014648	-2.226562	1.420898
5.720000	-0.576172	-0.634766	2.006836	1.875000	1.420898
5.725000	1.787109	-1.752930	-1.479492	0.771484	1.420898
5.730000	3.447266	0.698242	-0.771484	-1.220703	1.420898
5.735000	1.752930	1.166992	0.551758	-0.800781	1.420898
5.740000	0.268555	0.244141	0.288086	-0.058594	1.420898
5.745000	0.048828	0.068359	-0.209961	-0.566406	1.420898
5.750000	-0.214844	0.053711	0.805664	-0.380859	1.420898
5.755000	0.302734	-0.742188	-0.532227	0.380859	1.420898
5.760000	1.044922	0.336914	-0.512695	-0.678711	1.420898
5.765000	0.097656	0.776367	0.776367	-3.608398	1.420898
5.770000	-0.283203	-1.762695	0.468750	2.075195	1.420898
5.775000	2.792969	-0.957031	-1.616211	-0.122070	1.420898
5.780000	3.095703	1.166992	-0.180664	-1.284180	1.420898
5.785000	1.088867	0.864258	0.610352	-0.468750	1.416016
5.790000	0.112305	0.068359	0.063477	-0.029297	1.420898
5.795000	0.009766	0.180664	-0.083008	-1.372070	1.420898
5.800000	-0.263672	-0.371094	0.620117	0.756836	1.420898
5.805000	0.717773	-0.468750	-0.742188	-0.029297	1.420898
5.810000	0.878906	0.634766	-0.239258	-0.791016	1.420898
5.815000	-0.332031	0.390625	1.977539	-1.489258	1.420898
5.820000	0.634766	-2.114258	-0.776367	1.596680	1.420898
5.825000	3.374023	-0.053711	-1.313477	-0.825195	1.420898
5.830000	2.465820	1.293945	0.288086	-1.108398	1.420898
5.835000	0.585938	0.527344	0.488281	-0.205078	1.420898
5.840000	0.058594	0.019531	-0.112305	-0.092773	1.420898
5.845000	-0.087891	0.234375	0.366211	-1.586914	1.420898
5.850000	-0.083008	-0.732422	-0.063477	0.688477	1.420898
5.855000	0.991211	-0.063477	-0.708008	-0.415039	1.420898
5.860000	0.532227	0.781250	0.019531	-2.255859	1.420898
5.865000	-0.576172	-0.649414	1.987305	1.884766	1.420898
5.870000	1.801758	-1.743164	-1.489258	0.756836	1.420898
5.875000	3.447266	0.708008	-0.761719	-1.220703	1.420898
5.880000	1.743164	1.162109	0.556641	-0.791016	1.420898
5.885000	0.268555	0.239258	0.283203	-0.058594	1.420898
5.890000	0.048828	0.068359	-0.209961	-0.571289	1.420898
5.895000	-0.219727	0.053711	0.805664	-0.361328	1.420898
5.900000	0.307617	-0.737305	-0.537109	0.380859	1.420898
5.905000	1.044922	0.341797	-0.507812	-0.673828	1.416016
5.910000	0.097656	0.776367	0.786133	-3.603516	1.420898
5.915000	-0.278320	-1.767578	0.458984	2.070312	1.420898
5.920000	2.797852	-0.952148	-1.621094	-0.131836	1.420898
5.925000	3.090820	1.166992	-0.175781	-1.289062	1.420898
5.930000	1.079102	0.864258	0.610352	-0.463867	1.420898
5.935000	0.107422	0.068359	0.063477	-0.029297	1.420898
5.940000	0.004883	0.180664	-0.083008	-1.376953	1.420898
5.945000	-0.263672	-0.375977	0.610352	0.751953	1.420898
5.950000	0.717773	-0.468750	-0.742188	-0.034180	1.420898
5.955000	0.874023	0.634766	-0.234375	-0.791016	1.420898
5.960000	-0.341797	0.380859	1.987305	-1.430664	1.420898
5.965000	0.649414	-2.114258	-0.791016	1.586914	1.420898
5.970000	3.374023	-0.039062	-1.308594	-0.830078	1.420898
5.975000	2.456055	1.293945	0.292969	-1.108398	1.420898
5.980000	0.581055	0.522461	0.488281	-0.200195	1.420898
5.985000	0.058594	0.019531	-0.112305	-0.097656	1.420898
5.990000	-0.087891	0.234375	0.371094	-1.586914	1.416016
5.995000	-0.083008	-0.737305	-0.068359	0.693359	1.420898
6.000000	0.996094	-0.058594	-0.708008	-0.415039	1.416016
6.005000	0.527344	0.781250	0.019531	-2.265625	1.420898
6.010000	-0.576172	-0.654297	1.982422	1.884766	1.420898
6.015000	1.806641	-1.743164	-1.489258	0.751953	1.420898
6.020000	3.447266	0.712891	-0.761719	-1.220703	1.420898
6.025000	1.738281	1.162109	0.556641	-0.795898	1.420898
6.030000	0.268555	0.239258	0.283203	-0.053711	1.420898
6.035000	0.048828	0.068359	-0.209961	-0.576172	1.420898
6.040000	-0.219727	0.053711	0.810547	-0.356445	1.420898
6.045000	0.307617	-0.737305	-0.541992	0.375977	1.420898
6.050000	1.044922	0.341797	-0.507812	-0.673828	1.420898
6.055000	0.097656	0.776367	0.791016	-3.603516	1.420898
6.060000	-0.273438	-1.767578	0.454102	2.070312	1.420898
6.065000	2.797852	-0.947266	-1.616211	-0.131836	1.420898
6.070000	3.090820	1.166992	-0.180664	-1.284180	1.420898
6.075000	1.079102	0.859375	0.605469	-0.468750	1.420898
6.080000	0.107422	0.068359	0.058594	-0.034180	1.420898
6.085000	0.004883	0.180664	-0.083008	-1.381836	1.420898
6.090000	-0.263672	-0.375977	0.610352	0.756836	1.416016
6.095000	0.717773	-0.463867	-0.747070	-0.039062	1.420898
6.100000	0.869141	0.639648	-0.234375	-0.791016	1.420898
6.105000	-0.336914	0.375977	1.992188	-1.411133	1.420898
6.110000	0.654297	-2.114258	-0.795898	1.582031	1.420898
6.115000	3.378906	-0.039062	-1.303711	-0.834961	1.420898
6.120000	2.456055	1.298828	0.292969	-1.103516	1.420898
6.125000	0.576172	0.522461	0.488281	-0.200195	1.420898
6.130000	0.058594	0.014648	-0.117188	-0.097656	1.420898
6.135000	-0.087891	0.234375	0.371094	-1.577148	1.420898
6.140000	-0.078125	-0.737305	-0.073242	0.688477	1.420898
6.145000	0.991211	-0.053711	-0.708008	-0.419922	1.420898
6.150000	0.527344	0.781250	0.019531	-2.294922	1.420898
6.155000	-0.576172	-0.673828	1.967773	1.894531	1.420898
6.160000	1.821289	-1.733398	-1.489258	0.742188	1.420898
6.165000	3.442383	0.712891	-0.751953	-1.225586	1.416016
6.170000	1.728516	1.157227	0.556641	-0.791016	1.420898
6.175000	0.258789	0.239258	0.278320	-0.053711	1.420898
6.180000	0.043945	0.068359	-0.209961	-0.590820	1.420898
6.185000	-0.219727	0.043945	0.815430	-0.322266	1.420898
6.190000	0.307617	-0.737305	-0.546875	0.371094	1.420898
6.195000	1.044922	0.346680	-0.502930	-0.683594	1.420898
6.200000	0.087891	0.771484	0.815430	-3.603516	1.420898
6.205000	-0.258789	-1.782227	0.424805	2.065430	1.420898
6.210000	2.812500	-0.932617	-1.616211	-0.156250	1.420898
6.215000	3.081055	1.171875	-0.166016	-1.284180	1.420898
6.220000	1.069336	0.854492	0.605469	-0.458984	1.420898
6.225000	0.107422	0.063477	0.053711	-0.029297	1.420898
6.230000	0.000000	0.180664	-0.078125	-1.391602	1.420898
6.235000	-0.258789	-0.380859	0.595703	0.761719	1.420898
6.240000	0.727539	-0.454102	-0.742188	-0.043945	1.420898
6.245000	0.869141	0.639648	-0.229492	-0.791016	1.425781
6.250000	-0.346680	0.366211	2.001953	-1.352539	1.420898
6.255000	0.673828	-2.114258	-0.805664	1.572266	1.420898
6.260000	3.378906	-0.024414	-1.298828	-0.844727	1.420898
6.265000	2.446289	1.298828	0.297852	-1.103516	1.416016
6.270000	0.571289	0.517578	0.488281	-0.200195	1.420898
6.275000	0.058594	0.019531	-0.117188	-0.102539	1.420898
6.280000	-0.092773	0.229492	0.380859	-1.567383	1.420898
6.285000	-0.073242	-0.737305	-0.083008	0.683594	1.420898
6.290000	0.991211	-0.048828	-0.703125	-0.424805	1.420898
6.295000	0.522461	0.781250	0.019531	-2.343750	1.416016
6.300000	-0.581055	-0.693359	1.943359	1.904297	1.420898
6.305000	1.845703	-1.718750	-1.494141	0.727539	1.420898
6.310000	3.442383	0.727539	-0.742188	-1.230469	1.420898
6.315000	1.713867	1.157227	0.561523	-0.786133	1.420898
6.320000	0.258789	0.229492	0.273438	-0.048828	1.420898
6.325000	0.048828	0.073242	-0.214844	-0.600586	1.420898
6.330000	-0.224609	0.039062	0.815430	-0.288086	1.420898
6.335000	0.322266	-0.737305	-0.551758	0.366211	1.420898
6.340000	1.044922	0.351562	-0.498047	-0.683594	1.420898
6.345000	0.083008	0.771484	0.825195	-3.598633	1.420898
6.350000	-0.258789	-1.791992	0.410156	2.065430	1.420898
6.355000	2.822266	-0.917969	-1.616211	-0.156250	1.420898
6.360000	3.076172	1.176758	-0.161133	-1.284180	1.420898
6.365000	1.069336	0.849609	0.605469	-0.458984	1.420898
6.370000	0.107422	0.063477	0.053711	-0.029297	1.420898
6.375000	0.000000	0.185547	-0.073242	-1.401367	1.420898
6.380000	-0.263672	-0.390625	0.590820	0.756836	1.420898
6.385000	0.732422	-0.449219	-0.747070	-0.048828	1.420898
6.390000	0.859375	0.644531	-0.224609	-0.791016	1.420898
6.395000	-0.351562	0.356445	2.021484	-1.284180	1.425781
6.400000	0.688477	-2.114258	-0.820312	1.562500	1.420898
6.405000	3.383789	-0.014648	-1.293945	-0.849609	1.420898
6.410000	2.436523	1.298828	0.302734	-1.098633	1.420898
6.415000	0.566406	0.507812	0.483398	-0.195312	1.420898
6.420000	0.058594	0.019531	-0.117188	-0.102539	1.420898
6.425000	-0.092773	0.229492	0.390625	-1.567383	1.420898
6.430000	-0.073242	-0.742188	-0.087891	0.683594	1.420898
6.435000	1.000977	-0.043945	-0.703125	-0.429688	1.420898
6.440000	0.517578	0.781250	0.024414	-2.353516	1.420898
6.445000	-0.581055	-0.703125	1.938477	1.909180	1.420898
6.450000	1.845703	-1.718750	-1.499023	0.722656	1.420898
6.455000	3.442383	0.732422	-0.737305	-1.230469	1.420898
6.460000	1.708984	1.157227	0.561523	-0.781250	1.420898
6.465000	0.258789	0.229492	0.273438	-0.048828	1.420898
6.470000	0.043945	0.073242	-0.214844	-0.605469	1.416016
6.475000	-0.224609	0.039062	0.815430	-0.273438	1.420898
6.480000	0.322266	-0.732422	-0.551758	0.361328	1.420898
6.485000	1.040039	0.356445	-0.498047	-0.683594	1.420898
6.490000	0.073242	0.771484	0.839844	-3.598633	1.420898
6.495000	-0.249023	-1.801758	0.390625	2.060547	1.420898
6.500000	2.832031	-0.913086	-1.616211	-0.166016	1.416016
6.505000	3.066406	1.181641	-0.151367	-1.284180	1.420898
6.510000	1.054688	0.849609	0.605469	-0.454102	1.420898
6.515000	0.107422	0.058594	0.053711	-0.029297	1.420898
6.520000	0.000000	0.180664	-0.068359	-1.411133	1.420898
6.525000	-0.263672	-0.395508	0.581055	0.761719	1.420898
6.530000	0.737305	-0.449219	-0.747070	-0.053711	1.420898
6.535000	0.864258	0.644531	-0.224609	-0.791016	1.420898
6.540000	-0.351562	0.351562	2.026367	-1.259766	1.420898
6.545000	0.693359	-2.114258	-0.830078	1.557617	1.420898
6.550000	3.388672	-0.009766	-1.289062	-0.854492	1.420898
6.555000	2.431641	1.298828	0.307617	-1.098633	1.420898
6.560000	0.566406	0.512695	0.483398	-0.195312	1.420898
6.565000	0.058594	0.019531	-0.122070	-0.097656	1.420898
6.570000	-0.092773	0.229492	0.390625	-1.567383	1.420898
6.575000	-0.068359	-0.742188	-0.087891	0.678711	1.420898
6.580000	0.996094	-0.039062	-0.698242	-0.434570	1.420898
6.585000	0.512695	0.786133	0.029297	-2.377930	1.420898
6.590000	-0.576172	-0.712891	1.928711	1.918945	1.420898
6.595000	1.860352	-1.708984	-1.503906	0.712891	1.420898
6.600000	3.437500	0.737305	-0.732422	-1.230469	1.420898
6.605000	1.704102	1.152344	0.561523	-0.781250	1.420898
6.610000	0.258789	0.229492	0.268555	-0.053711	1.420898
6.615000	0.043945	0.073242	-0.209961	-0.615234	1.420898
6.620000	-0.224609	0.039062	0.820312	-0.253906	1.420898
6.625000	0.322266	-0.727539	-0.556641	0.356445	1.420898
6.630000	1.044922	0.356445	-0.493164	-0.688477	1.420898
6.635000	0.073242	0.771484	0.854492	-3.593750	1.420898
6.640000	-0.239258	-1.811523	0.375977	2.060547	1.416016
6.645000	2.841797	-0.903320	-1.611328	-0.175781	1.416016
6.650000	3.061523	1.186523	-0.146484	-1.284180	1.420898
6.655000	1.049805	0.844727	0.605469	-0.449219	1.420898
6.660000	0.107422	0.063477	0.053711	-0.029297	1.420898
6.665000	0.000000	0.180664	-0.068359	-1.416016	1.420898
6.670000	-0.258789	-0.400391	0.576172	0.761719	1.420898
6.675000	0.737305	-0.449219	-0.747070	-0.058594	1.420898
6.680000	0.859375	0.649414	-0.219727	-0.791016	1.420898
6.685000	-0.356445	0.341797	2.031250	-1.206055	1.420898
6.690000	0.708008	-2.109375	-0.844727	1.547852	1.420898
6.695000	3.388672	0.000000	-1.279297	-0.859375	1.420898
6.700000	2.426758	1.298828	0.307617	-1.093750	1.420898
6.705000	0.556641	0.507812	0.478516	-0.190430	1.420898
6.710000	0.053711	0.019531	-0.122070	-0.102539	1.420898
6.715000	-0.092773	0.224609	0.405273	-1.557617	1.420898
6.720000	-0.063477	-0.747070	-0.102539	0.678711	1.420898
6.725000	1.000977	-0.034180	-0.693359	-0.434570	1.420898
6.730000	0.502930	0.781250	0.034180	-2.412109	1.425781
6.735000	-0.576172	-0.737305	1.899414	1.928711	1.420898
6.740000	1.879883	-1.699219	-1.508789	0.698242	1.420898
6.745000	3.432617	0.747070	-0.722656	-1.235352	1.420898
6.750000	1.694336	1.147461	0.566406	-0.771484	1.420898
6.755000	0.249023	0.224609	0.268555	-0.048828	1.420898
6.760000	0.043945	0.073242	-0.209961	-0.625000	1.420898
6.765000	-0.224609	0.029297	0.825195	-0.224609	1.420898
6.770000	0.332031	-0.727539	-0.556641	0.356445	1.420898
6.775000	1.040039	0.366211	-0.488281	-0.688477	1.420898
6.780000	0.068359	0.771484	0.869141	-3.588867	1.420898
6.785000	-0.234375	-1.816406	0.356445	2.055664	1.420898
6.790000	2.851562	-0.893555	-1.611328	-0.185547	1.420898
6.795000	3.056641	1.186523	-0.141602	-1.284180	1.420898
6.800000	1.049805	0.839844	0.600586	-0.444336	1.420898
6.805000	0.107422	0.058594	0.053711	-0.029297	1.420898
6.810000	-0.004883	0.190430	-0.058594	-1.420898	1.420898
6.815000	-0.253906	-0.400391	0.561523	0.761719	1.420898
6.820000	0.742188	-0.439453	-0.747070	-0.063477	1.420898
6.825000	0.854492	0.649414	-0.214844	-0.795898	1.420898
6.830000	-0.366211	0.327148	2.045898	-1.123047	1.420898
6.835000	0.727539	-2.109375	-0.854492	1.533203	1.420898
6.840000	3.398438	0.014648	-1.274414	-0.869141	1.420898
6.845000	2.412109	1.298828	0.317383	-1.093750	1.420898
6.850000	0.551758	0.498047	0.473633	-0.185547	1.420898
6.855000	0.058594	0.019531	-0.117188	-0.107422	1.420898
6.860000	-0.097656	0.229492	0.410156	-1.552734	1.420898
6.865000	-0.058594	-0.747070	-0.107422	0.678711	1.420898
6.870000	1.005859	-0.029297	-0.693359	-0.439453	1.420898
6.875000	0.502930	0.786133	0.034180	-2.431641	1.420898
6.880000	-0.576172	-0.742188	1.894531	1.928711	1.420898
6.885000	1.884766	-1.694336	-1.513672	0.693359	1.420898
6.890000	3.432617	0.751953	-0.717773	-1.235352	1.420898
6.895000	1.684570	1.142578	0.566406	-0.771484	1.420898
6.900000	0.249023	0.224609	0.268555	-0.048828	1.420898
6.905000	0.043945	0.073242	-0.209961	-0.629883	1.420898
6.910000	-0.229492	0.029297	0.820312	-0.205078	1.420898
6.915000	0.336914	-0.722656	-0.561523	0.346680	1.420898
6.920000	1.040039	0.366211	-0.488281	-0.693359	1.420898
6.925000	0.058594	0.766602	0.883789	-3.583984	1.420898
6.930000	-0.224609	-1.826172	0.341797	2.050781	1.420898
6.935000	2.856445	-0.878906	-1.606445	-0.195312	1.420898
6.940000	3.046875	1.191406	-0.131836	-1.279297	1.420898
6.945000	1.035156	0.839844	0.605469	-0.444336	1.420898
6.950000	0.107422	0.058594	0.043945	-0.029297	1.420898
6.955000	0.000000	0.185547	-0.058594	-1.430664	1.420898
6.960000	-0.253906	-0.410156	0.556641	0.761719	1.420898
6.965000	0.747070	-0.439453	-0.751953	-0.063477	1.420898
6.970000	0.854492	0.654297	-0.214844	-0.795898	1.420898
6.975000	-0.366211	0.327148	2.045898	-1.113281	1.420898
6.980000	0.732422	-2.109375	-0.859375	1.538086	1.420898
6.985000	3.398438	0.019531	-1.274414	-0.869141	1.420898
6.990000	2.407227	1.298828	0.317383	-1.088867	1.420898
6.995000	0.546875	0.498047	0.478516	-0.185547	1.420898
7.000000	0.058594	0.019531	-0.122070	-0.107422	1.420898
7.005000	-0.097656	0.229492	0.410156	-1.547852	1.420898
7.010000	-0.058594	-0.747070	-0.107422	0.673828	1.420898
7.015000	1.000977	-0.024414	-0.693359	-0.444336	1.420898
7.020000	0.493164	0.786133	0.039062	-2.451172	1.420898
7.025000	-0.576172	-0.756836	1.879883	1.933594	1.420898
7.030000	1.894531	-1.689453	-1.518555	0.683594	1.420898
7.035000	3.432617	0.756836	-0.712891	-1.240234	1.420898
7.040000	1.684570	1.142578	0.566406	-0.766602	1.420898
7.045000	0.249023	0.224609	0.263672	-0.048828	1.420898
7.050000	0.043945	0.078125	-0.209961	-0.634766	1.420898
7.055000	-0.229492	0.024414	0.825195	-0.190430	1.420898
7.060000	0.341797	-0.722656	-0.566406	0.346680	1.420898
7.065000	1.040039	0.371094	-0.488281	-0.693359	1.420898
7.070000	0.058594	0.766602	0.888672	-3.583984	1.420898
7.075000	-0.224609	-1.826172	0.336914	2.050781	1.420898
7.080000	2.856445	-0.878906	-1.606445	-0.200195	1.420898
7.085000	3.046875	1.191406	-0.131836	-1.279297	1.420898
7.090000	1.035156	0.834961	0.605469	-0.444336	1.420898
7.095000	0.107422	0.058594	0.043945	-0.029297	1.420898
7.100000	0.000000	0.185547	-0.053711	-1.430664	1.420898
7.105000	-0.253906	-0.410156	0.556641	0.756836	1.420898
7.110000	0.747070	-0.434570	-0.747070	-0.068359	1.420898
7.115000	0.849609	0.649414	-0.209961	-0.791016	1.420898
7.120000	-0.366211	0.322266	2.055664	-1.074219	1.420898
7.125000	0.742188	-2.104492	-0.869141	1.528320	1.420898
7.130000	3.398438	0.029297	-1.264648	-0.874023	1.420898
7.135000	2.402344	1.298828	0.322266	-1.088867	1.420898
7.140000	0.546875	0.498047	0.473633	-0.185547	1.420898
7.145000	0.058594	0.019531	-0.126953	-0.102539	1.420898
7.150000	-0.097656	0.224609	0.419922	-1.547852	1.420898
7.155000	-0.053711	-0.751953	-0.117188	0.673828	1.420898
7.160000	1.005859	-0.024414	-0.693359	-0.444336	1.420898
7.165000	0.498047	0.786133	0.043945	-2.465820	1.420898
7.170000	-0.576172	-0.761719	1.875000	1.933594	1.420898
7.175000	1.904297	-1.684570	-1.518555	0.673828	1.420898
7.180000	3.427734	0.761719	-0.708008	-1.240234	1.420898
7.185000	1.674805	1.142578	0.566406	-0.766602	1.420898
7.190000	0.249023	0.224609	0.263672	-0.048828	1.420898
7.195000	0.043945	0.073242	-0.209961	-0.644531	1.420898
7.200000	-0.229492	0.019531	0.830078	-0.175781	1.420898
7.205000	0.346680	-0.722656	-0.571289	0.341797	1.420898
7.210000	1.040039	0.371094	-0.483398	-0.698242	1.420898
7.215000	0.053711	0.766602	0.898438	-3.583984	1.420898
7.220000	-0.214844	-1.835938	0.317383	2.050781	1.420898
7.225000	2.871094	-0.869141	-1.606445	-0.205078	1.416016
7.230000	3.037109	1.196289	-0.126953	-1.279297	1.420898
7.235000	1.030273	0.830078	0.600586	-0.439453	1.420898
7.240000	0.107422	0.058594	0.039062	-0.029297	1.420898
7.245000	-0.004883	0.190430	-0.048828	-1.435547	1.420898
7.250000	-0.253906	-0.415039	0.541992	0.761719	1.420898
7.255000	0.751953	-0.429688	-0.747070	-0.073242	1.420898
7.260000	0.844727	0.654297	-0.209961	-0.791016	1.420898
7.265000	-0.375977	0.307617	2.070312	-1.010742	1.420898
7.270000	0.756836	-2.104492	-0.883789	1.518555	1.420898
7.275000	3.403320	0.039062	-1.259766	-0.883789	1.420898
7.280000	2.392578	1.298828	0.322266	-1.083984	1.420898
7.285000	0.541992	0.493164	0.468750	-0.180664	1.420898
7.290000	0.058594	0.019531	-0.126953	-0.107422	1.416016
7.295000	-0.097656	0.224609	0.419922	-1.538086	1.416016
7.300000	-0.048828	-0.751953	-0.122070	0.673828	1.420898
7.305000	1.005859	-0.014648	-0.693359	-0.454102	1.420898
7.310000	0.488281	0.786133	0.043945	-2.495117	1.416016
7.315000	-0.576172	-0.786133	1.860352	1.943359	1.420898
7.320000	1.918945	-1.674805	-1.528320	0.664062	1.420898
7.325000	3.422852	0.771484	-0.698242	-1.245117	1.420898
7.330000	1.665039	1.137695	0.571289	-0.761719	1.420898
7.335000	0.244141	0.219727	0.258789	-0.048828	1.420898
7.340000	0.043945	0.078125	-0.214844	-0.654297	1.416016
7.345000	-0.229492	0.014648	0.825195	-0.141602	1.420898
7.350000	0.351562	-0.717773	-0.571289	0.336914	1.420898
7.355000	1.035156	0.380859	-0.478516	-0.698242	1.420898
7.360000	0.048828	0.761719	0.922852	-3.574219	1.420898
7.365000	-0.200195	-1.845703	0.297852	2.045898	1.420898
7.370000	2.885742	-0.849609	-1.606445	-0.224609	1.420898
7.375000	3.032227	1.201172	-0.117188	-1.274414	1.420898
7.380000	1.020508	0.830078	0.600586	-0.434570	1.420898
7.385000	0.107422	0.058594	0.039062	-0.029297	1.420898
7.390000	0.000000	0.190430	-0.048828	-1.450195	1.420898
7.395000	-0.253906	-0.424805	0.537109	0.761719	1.420898
7.400000	0.756836	-0.424805	-0.747070	-0.078125	1.420898
7.405000	0.844727	0.659180	-0.205078	-0.795898	1.416016
7.410000	-0.375977	0.297852	2.075195	-0.957031	1.420898
7.415000	0.771484	-2.104492	-0.888672	1.508789	1.420898
7.420000	3.403320	0.048828	-1.254883	-0.888672	1.420898
7.425000	2.382812	1.293945	0.332031	-1.079102	1.420898
7.430000	0.537109	0.488281	0.463867	-0.180664	1.420898
7.435000	0.058594	0.019531	-0.126953	-0.107422	1.420898
7.440000	-0.102539	0.224609	0.429688	-1.528320	1.420898
7.445000	-0.048828	-0.751953	-0.131836	0.664062	1.420898
7.450000	1.005859	-0.014648	-0.688477	-0.454102	1.420898
7.455000	0.483398	0.786133	0.048828	-2.529297	1.420898
7.460000	-0.576172	-0.800781	1.831055	1.948242	1.416016
7.465000	1.933594	-1.665039	-1.528320	0.654297	1.420898
7.470000	3.422852	0.776367	-0.688477	-1.245117	1.416016
7.475000	1.655273	1.132812	0.571289	-0.756836	1.420898
7.480000	0.239258	0.214844	0.258789	-0.048828	1.416016
7.485000	0.043945	0.078125	-0.209961	-0.659180	1.420898
7.490000	-0.234375	0.014648	0.834961	-0.117188	1.420898
7.495000	0.351562	-0.717773	-0.581055	0.336914	1.420898
7.500000	1.035156	0.380859	-0.478516	-0.703125	1.420898
7.505000	0.048828	0.761719	0.927734	-3.569336	1.416016
7.510000	-0.200195	-1.850586	0.292969	2.045898	1.420898
7.515000	2.885742	-0.849609	-1.606445	-0.224609	1.420898
7.520000	3.027344	1.201172	-0.112305	-1.274414	1.420898
7.525000	1.015625	0.825195	0.600586	-0.434570	1.420898
7.530000	0.107422	0.058594	0.039062	-0.029297	1.420898
7.535000	0.000000	0.195312	-0.043945	-1.450195	1.420898
7.540000	-0.253906	-0.429688	0.527344	0.761719	1.420898
7.545000	0.761719	-0.419922	-0.747070	-0.083008	1.416016
7.550000	0.839844	0.659180	-0.205078	-0.795898	1.420898
7.555000	-0.380859	0.292969	2.080078	-0.913086	1.420898
7.560000	0.781250	-2.099609	-0.898438	1.503906	1.420898
7.565000	3.413086	0.048828	-1.254883	-0.893555	1.420898
7.570000	2.377930	1.293945	0.332031	-1.074219	1.420898
7.575000	0.537109	0.483398	0.463867	-0.180664	1.420898
7.580000	0.058594	0.019531	-0.131836	-0.107422	1.420898
7.585000	-0.102539	0.224609	0.434570	-1.523438	1.420898
7.590000	-0.043945	-0.751953	-0.136719	0.664062	1.425781
7.595000	1.010742	-0.009766	-0.688477	-0.454102	1.420898
7.600000	0.483398	0.791016	0.048828	-2.534180	1.416016
7.605000	-0.576172	-0.805664	1.826172	1.948242	1.420898
7.610000	1.938477	-1.660156	-1.528320	0.644531	1.420898
7.615000	3.422852	0.781250	-0.688477	-1.245117	1.420898
7.620000	1.650391	1.132812	0.576172	-0.751953	1.420898
7.625000	0.239258	0.219727	0.253906	-0.048828	1.420898
7.630000	0.043945	0.078125	-0.214844	-0.668945	1.420898
7.635000	-0.234375	0.009766	0.830078	-0.102539	1.420898
7.640000	0.356445	-0.717773	-0.576172	0.332031	1.420898
7.645000	1.035156	0.385742	-0.478516	-0.703125	1.420898
7.650000	0.039062	0.756836	0.942383	-3.564453	1.420898
7.655000	-0.185547	-1.860352	0.273438	2.041016	1.420898
7.660000	2.895508	-0.834961	-1.601562	-0.234375	1.420898
7.665000	3.022461	1.206055	-0.107422	-1.274414	1.420898
7.670000	1.010742	0.815430	0.600586	-0.429688	1.420898
7.675000	0.107422	0.053711	0.034180	-0.029297	1.420898
7.680000	0.000000	0.195312	-0.043945	-1.459961	1.420898
7.685000	-0.253906	-0.434570	0.522461	0.766602	1.420898
7.690000	0.761719	-0.415039	-0.751953	-0.087891	1.420898
7.695000	0.839844	0.664062	-0.205078	-0.795898	1.420898
7.700000	-0.385742	0.283203	2.089844	-0.864258	1.420898
7.705000	0.791016	-2.099609	-0.908203	1.494141	1.420898
7.710000	3.413086	0.063477	-1.250000	-0.898438	1.420898
7.715000	2.368164	1.293945	0.332031	-1.074219	1.420898
7.720000	0.532227	0.483398	0.463867	-0.175781	1.420898
7.725000	0.058594	0.019531	-0.131836	-0.107422	1.420898
7.730000	-0.107422	0.224609	0.439453	-1.518555	1.420898
7.735000	-0.039062	-0.756836	-0.141602	0.659180	1.420898
7.740000	1.010742	-0.004883	-0.683594	-0.458984	1.420898
7.745000	0.473633	0.791016	0.053711	-2.563477	1.420898
7.750000	-0.576172	-0.825195	1.801758	1.958008	1.420898
7.755000	1.953125	-1.655273	-1.538086	0.634766	1.420898
7.760000	3.417969	0.786133	-0.683594	-1.250000	1.420898
7.765000	1.640625	1.127930	0.576172	-0.751953	1.420898
7.770000	0.234375	0.214844	0.253906	-0.048828	1.420898
7.775000	0.043945	0.083008	-0.214844	-0.678711	1.420898
7.780000	-0.234375	0.004883	0.834961	-0.068359	1.420898
7.785000	0.366211	-0.712891	-0.585938	0.322266	1.420898
7.790000	1.035156	0.385742	-0.473633	-0.703125	1.420898
7.795000	0.034180	0.756836	0.961914	-3.554688	1.420898
7.800000	-0.180664	-1.865234	0.253906	2.036133	1.416016
7.805000	2.905273	-0.825195	-1.596680	-0.244141	1.420898
7.810000	3.012695	1.206055	-0.102539	-1.274414	1.420898
7.815000	1.000977	0.815430	0.600586	-0.424805	1.420898
7.820000	0.102539	0.053711	0.034180	-0.034180	1.425781
7.825000	-0.004883	0.195312	-0.034180	-1.464844	1.420898
7.830000	-0.253906	-0.439453	0.507812	0.766602	1.420898
7.835000	0.766602	-0.415039	-0.751953	-0.092773	1.420898
7.840000	0.834961	0.664062	-0.195312	-0.795898	1.420898
7.845000	-0.385742	0.278320	2.099609	-0.805664	1.420898
7.850000	0.805664	-2.099609	-0.922852	1.484375	1.420898
7.855000	3.417969	0.073242	-1.245117	-0.908203	1.420898
7.860000	2.363281	1.293945	0.341797	-1.069336	1.420898
7.865000	0.522461	0.478516	0.463867	-0.175781	1.420898
7.870000	0.058594	0.019531	-0.131836	-0.107422	1.420898
7.875000	-0.107422	0.224609	0.444336	-1.508789	1.420898
7.880000	-0.034180	-0.756836	-0.146484	0.659180	1.420898
7.885000	1.010742	0.000000	-0.683594	-0.468750	1.420898
7.890000	0.468750	0.791016	0.063477	-2.602539	1.420898
7.895000	-0.576172	-0.844727	1.777344	1.967773	1.420898
7.900000	1.967773	-1.645508	-1.538086	0.620117	1.420898
7.905000	3.417969	0.800781	-0.668945	-1.250000	1.420898
7.910000	1.635742	1.123047	0.571289	-0.742188	1.420898
7.915000	0.229492	0.209961	0.253906	-0.048828	1.420898
7.920000	0.043945	0.083008	-0.219727	-0.693359	1.420898
7.925000	-0.239258	0.000000	0.839844	-0.039062	1.420898
7.930000	0.371094	-0.708008	-0.590820	0.322266	1.420898
7.935000	1.035156	0.390625	-0.468750	-0.708008	1.420898
7.940000	0.029297	0.756836	0.971680	-3.549805	1.416016
7.945000	-0.170898	-1.875000	0.244141	2.036133	1.420898
7.950000	2.915039	-0.815430	-1.601562	-0.253906	1.420898
7.955000	3.007812	1.206055	-0.092773	-1.274414	1.420898
7.960000	0.996094	0.810547	0.600586	-0.419922	1.420898
7.965000	0.102539	0.053711	0.029297	-0.034180	1.420898
7.970000	0.000000	0.195312	-0.029297	-1.474609	1.420898
7.975000	-0.253906	-0.444336	0.502930	0.766602	1.420898
7.980000	0.771484	-0.405273	-0.751953	-0.092773	1.420898
7.985000	0.830078	0.668945	-0.190430	-0.795898	1.420898
7.990000	-0.395508	0.258789	2.114258	-0.722656	1.420898
7.995000	0.825195	-2.099609	-0.937500	1.474609	1.420898
8.000000	3.417969	0.087891	-1.235352	-0.913086	1.420898
8.005000	2.348633	1.293945	0.346680	-1.064453	1.420898
8.010000	0.522461	0.473633	0.463867	-0.170898	1.420898
8.015000	0.058594	0.019531	-0.136719	-0.112305	1.420898
8.020000	-0.107422	0.224609	0.454102	-1.499023	1.420898
8.025000	-0.029297	-0.761719	-0.156250	0.654297	1.416016
8.030000	1.015625	0.004883	-0.683594	-0.468750	1.416016
8.035000	0.468750	0.791016	0.063477	-2.612305	1.420898
8.040000	-0.571289	-0.849609	1.772461	1.967773	1.420898
8.045000	1.982422	-1.635742	-1.542969	0.615234	1.420898
8.050000	3.417969	0.800781	-0.664062	-1.254883	1.420898
8.055000	1.625977	1.123047	0.576172	-0.742188	1.420898
8.060000	0.229492	0.205078	0.249023	-0.043945	1.420898
8.065000	0.043945	0.083008	-0.214844	-0.698242	1.420898
8.070000	-0.239258	-0.004883	0.839844	-0.019531	1.420898
8.075000	0.371094	-0.712891	-0.590820	0.312500	1.420898
8.080000	1.030273	0.395508	-0.468750	-0.708008	1.420898
8.085000	0.019531	0.751953	0.991211	-3.540039	1.420898
8.090000	-0.161133	-1.884766	0.224609	2.031250	1.420898
8.095000	2.924805	-0.800781	-1.596680	-0.263672	1.420898
8.100000	2.998047	1.210938	-0.087891	-1.269531	1.420898
8.105000	0.986328	0.805664	0.595703	-0.419922	1.416016
8.110000	0.097656	0.053711	0.029297	-0.034180	1.420898
8.115000	-0.009766	0.200195	-0.029297	-1.479492	1.420898
8.120000	-0.249023	-0.449219	0.498047	0.766602	1.420898
8.125000	0.776367	-0.405273	-0.751953	-0.102539	1.420898
8.130000	0.830078	0.673828	-0.190430	-0.795898	1.420898
8.135000	-0.400391	0.258789	2.114258	-0.703125	1.420898
8.140000	0.830078	-2.094727	-0.937500	1.474609	1.420898
8.145000	3.417969	0.087891	-1.235352	-0.917969	1.420898
8.150000	2.348633	1.289062	0.346680	-1.069336	1.420898
8.155000	0.517578	0.473633	0.458984	-0.170898	1.420898
8.160000	0.058594	0.019531	-0.131836	-0.112305	1.420898
8.165000	-0.112305	0.224609	0.458984	-1.494141	1.420898
8.170000	-0.029297	-0.761719	-0.166016	0.654297	1.420898
8.175000	1.015625	0.009766	-0.678711	-0.473633	1.420898
8.180000	0.458984	0.791016	0.068359	-2.641602	1.420898
8.185000	-0.571289	-0.869141	1.748047	1.977539	1.420898
8.190000	1.992188	-1.625977	-1.547852	0.600586	1.420898
8.195000	3.413086	0.810547	-0.659180	-1.254883	1.420898
8.200000	1.621094	1.118164	0.576172	-0.737305	1.420898
8.205000	0.224609	0.205078	0.249023	-0.043945	1.420898
8.210000	0.043945	0.087891	-0.214844	-0.708008	1.420898
8.215000	-0.239258	-0.004883	0.839844	0.004883	1.420898
8.220000	0.380859	-0.708008	-0.595703	0.312500	1.420898
8.225000	1.030273	0.400391	-0.463867	-0.708008	1.420898
8.230000	0.019531	0.751953	1.000977	-3.535156	1.420898
8.235000	-0.156250	-1.884766	0.209961	2.026367	1.420898
8.240000	2.929688	-0.795898	-1.591797	-0.268555	1.420898
8.245000	2.993164	1.215820	-0.083008	-1.269531	1.420898
8.250000	0.986328	0.805664	0.595703	-0.415039	1.420898
8.255000	0.102539	0.048828	0.029297	-0.034180	1.420898
8.260000	-0.004883	0.200195	-0.019531	-1.484375	1.420898
8.265000	-0.249023	-0.458984	0.488281	0.766602	1.420898
8.270000	0.776367	-0.400391	-0.751953	-0.102539	1.420898
8.275000	0.825195	0.673828	-0.190430	-0.795898	1.420898
8.280000	-0.400391	0.249023	2.124023	-0.634766	1.420898
8.285000	0.844727	-2.094727	-0.947266	1.459961	1.420898
8.290000	3.417969	0.102539	-1.230469	-0.922852	1.420898
8.295000	2.338867	1.289062	0.351562	-1.064453	1.420898
8.300000	0.507812	0.468750	0.458984	-0.166016	1.420898
8.305000	0.058594	0.019531	-0.136719	-0.117188	1.420898
8.310000	-0.107422	0.224609	0.463867	-1.484375	1.420898
8.315000	-0.024414	-0.761719	-0.166016	0.649414	1.420898
8.320000	1.015625	0.014648	-0.678711	-0.473633	1.420898
8.325000	0.458984	0.791016	0.073242	-2.670898	1.420898
8.330000	-0.571289	-0.888672	1.728516	1.977539	1.420898
8.335000	2.011719	-1.621094	-1.552734	0.590820	1.420898
8.340000	3.417969	0.815430	-0.649414	-1.254883	1.420898
8.345000	1.606445	1.118164	0.576172	-0.732422	1.420898
8.350000	0.224609	0.200195	0.244141	-0.043945	1.420898
8.355000	0.039062	0.087891	-0.214844	-0.722656	1.420898
8.360000	-0.239258	-0.009766	0.839844	0.034180	1.420898
8.365000	0.385742	-0.708008	-0.595703	0.307617	1.420898
8.370000	1.030273	0.405273	-0.458984	-0.708008	1.420898
8.375000	0.014648	0.747070	1.015625	-3.525391	1.420898
8.380000	-0.146484	-1.894531	0.195312	2.026367	1.420898
8.385000	2.939453	-0.781250	-1.591797	-0.283203	1.420898
8.390000	2.988281	1.215820	-0.078125	-1.269531	1.420898
8.395000	0.976562	0.800781	0.595703	-0.410156	1.420898
8.400000	0.097656	0.053711	0.024414	-0.034180	1.420898
8.405000	-0.009766	0.200195	-0.019531	-1.489258	1.420898
8.410000	-0.244141	-0.463867	0.473633	0.766602	1.420898
8.415000	0.781250	-0.395508	-0.751953	-0.112305	1.420898
8.420000	0.820312	0.673828	-0.180664	-0.795898	1.420898
8.425000	-0.410156	0.229492	2.133789	-0.546875	1.416016
8.430000	0.869141	-2.089844	-0.966797	1.445312	1.420898
8.435000	3.422852	0.117188	-1.220703	-0.932617	1.420898
8.440000	2.324219	1.289062	0.356445	-1.054688	1.420898
8.445000	0.502930	0.463867	0.458984	-0.161133	1.420898
8.450000	0.058594	0.019531	-0.136719	-0.122070	1.420898
8.455000	-0.117188	0.219727	0.473633	-1.474609	1.420898
8.460000	-0.019531	-0.761719	-0.170898	0.649414	1.416016
8.465000	1.020508	0.024414	-0.673828	-0.478516	1.420898
8.470000	0.454102	0.791016	0.078125	-2.695312	1.420898
8.475000	-0.571289	-0.898438	1.708984	1.987305	1.420898
8.480000	2.026367	-1.606445	-1.552734	0.581055	1.420898
8.485000	3.413086	0.825195	-0.639648	-1.254883	1.420898
8.490000	1.601562	1.113281	0.576172	-0.727539	1.420898
8.495000	0.224609	0.200195	0.239258	-0.048828	1.420898
8.500000	0.043945	0.087891	-0.214844	-0.732422	1.420898
8.505000	-0.244141	-0.014648	0.839844	0.068359	1.420898
8.510000	0.390625	-0.703125	-0.600586	0.297852	1.420898
8.515000	1.025391	0.410156	-0.454102	-0.708008	1.416016
8.520000	0.004883	0.742188	1.040039	-3.510742	1.420898
8.525000	-0.131836	-1.904297	0.166016	2.016602	1.420898
8.530000	2.954102	-0.771484	-1.582031	-0.297852	1.420898
8.535000	2.978516	1.225586	-0.073242	-1.264648	1.420898
8.540000	0.966797	0.791016	0.595703	-0.405273	1.420898
8.545000	0.097656	0.048828	0.019531	-0.039062	1.420898
8.550000	-0.009766	0.205078	-0.014648	-1.499023	1.420898
8.555000	-0.244141	-0.473633	0.463867	0.771484	1.420898
8.560000	0.791016	-0.390625	-0.751953	-0.117188	1.420898
8.565000	0.815430	0.678711	-0.175781	-0.795898	1.420898
8.570000	-0.410156	0.224609	2.138672	-0.502930	1.420898
8.575000	0.874023	-2.084961	-0.976562	1.440430	1.416016
8.580000	3.427734	0.126953	-1.215820	-0.937500	1.420898
8.585000	2.319336	1.289062	0.361328	-1.049805	1.420898
8.590000	0.502930	0.458984	0.454102	-0.161133	1.420898
8.595000	0.058594	0.019531	-0.141602	-0.122070	1.420898
8.600000	-0.117188	0.224609	0.478516	-1.464844	1.420898
8.605000	-0.014648	-0.761719	-0.180664	0.639648	1.420898
8.610000	1.020508	0.024414	-0.673828	-0.483398	1.420898
8.615000	0.444336	0.791016	0.087891	-2.729492	1.420898
8.620000	-0.571289	-0.922852	1.679688	1.992188	1.420898
8.625000	2.041016	-1.596680	-1.557617	0.566406	1.420898
8.630000	3.408203	0.834961	-0.629883	-1.254883	1.420898
8.635000	1.591797	1.108398	0.581055	-0.717773	1.420898
8.640000	0.219727	0.190430	0.234375	-0.039062	1.420898
8.645000	0.039062	0.087891	-0.209961	-0.742188	1.420898
8.650000	-0.244141	-0.019531	0.844727	0.092773	1.420898
8.655000	0.395508	-0.703125	-0.605469	0.297852	1.420898
8.660000	1.030273	0.415039	-0.458984	-0.712891	1.420898
8.665000	0.004883	0.747070	1.044922	-3.505859	1.420898
8.670000	-0.131836	-1.909180	0.161133	2.016602	1.420898
8.675000	2.958984	-0.761719	-1.582031	-0.302734	1.416016
8.680000	2.973633	1.225586	-0.068359	-1.264648	1.420898
8.685000	0.961914	0.791016	0.595703	-0.405273	1.420898
8.690000	0.097656	0.048828	0.019531	-0.039062	1.420898
8.695000	-0.009766	0.200195	-0.014648	-1.503906	1.420898
8.700000	-0.244141	-0.473633	0.463867	0.771484	1.420898
8.705000	0.786133	-0.385742	-0.751953	-0.122070	1.420898
8.710000	0.810547	0.678711	-0.175781	-0.800781	1.420898
8.715000	-0.415039	0.214844	2.148438	-0.454102	1.420898
8.720000	0.888672	-2.084961	-0.981445	1.430664	1.420898
8.725000	3.427734	0.131836	-1.210938	-0.937500	1.420898
8.730000	2.309570	1.289062	0.361328	-1.049805	1.420898
8.735000	0.498047	0.458984	0.449219	-0.161133	1.420898
8.740000	0.058594	0.019531	-0.141602	-0.122070	1.420898
8.745000	-0.117188	0.224609	0.483398	-1.459961	1.420898
8.750000	-0.009766	-0.761719	-0.185547	0.639648	1.420898
8.755000	1.020508	0.029297	-0.668945	-0.488281	1.420898
8.760000	0.444336	0.791016	0.087891	-2.739258	1.420898
8.765000	-0.571289	-0.922852	1.674805	1.997070	1.420898
8.770000	2.041016	-1.596680	-1.562500	0.566406	1.420898
8.775000	3.398438	0.834961	-0.629883	-1.259766	1.420898
8.780000	1.586914	1.108398	0.581055	-0.717773	1.420898
8.785000	0.224609	0.190430	0.234375	-0.043945	1.420898
8.790000	0.039062	0.092773	-0.214844	-0.747070	1.420898
8.795000	-0.244141	-0.024414	0.844727	0.112305	1.420898
8.800000	0.400391	-0.698242	-0.605469	0.292969	1.420898
8.805000	1.025391	0.419922	-0.449219	-0.712891	1.420898
8.810000	0.000000	0.742188	1.059570	-3.496094	1.420898
8.815000	-0.117188	-1.909180	0.141602	2.011719	1.420898
8.820000	2.968750	-0.751953	-1.586914	-0.307617	1.420898
8.825000	2.963867	1.230469	-0.058594	-1.264648	1.420898
8.830000	0.957031	0.786133	0.595703	-0.400391	1.420898
8.835000	0.092773	0.048828	0.019531	-0.039062	1.420898
8.840000	-0.009766	0.205078	-0.004883	-1.508789	1.420898
8.845000	-0.244141	-0.478516	0.449219	0.771484	1.420898
8.850000	0.795898	-0.380859	-0.751953	-0.126953	1.420898
8.855000	0.805664	0.683594	-0.170898	-0.795898	1.420898
8.860000	-0.419922	0.200195	2.158203	-0.371094	1.416016
8.865000	0.908203	-2.080078	-0.996094	1.420898	1.420898
8.870000	3.432617	0.146484	-1.206055	-0.947266	1.416016
8.875000	2.299805	1.284180	0.371094	-1.044922	1.420898
8.880000	0.493164	0.454102	0.449219	-0.161133	1.420898
8.885000	0.058594	0.019531	-0.141602	-0.122070	1.420898
8.890000	-0.117188	0.219727	0.488281	-1.450195	1.420898
8.895000	-0.009766	-0.766602	-0.195312	0.639648	1.420898
8.900000	1.025391	0.034180	-0.673828	-0.488281	1.420898
8.905000	0.439453	0.795898	0.092773	-2.768555	1.416016
8.910000	-0.566406	-0.942383	1.650391	2.001953	1.420898
8.915000	2.055664	-1.586914	-1.567383	0.546875	1.420898
8.920000	3.398438	0.844727	-0.625000	-1.254883	1.420898
8.925000	1.577148	1.098633	0.585938	-0.717773	1.420898
8.930000	0.219727	0.190430	0.229492	-0.039062	1.420898
8.935000	0.039062	0.092773	-0.214844	-0.761719	1.420898
8.940000	-0.244141	-0.029297	0.844727	0.146484	1.420898
8.945000	0.405273	-0.693359	-0.615234	0.288086	1.420898
8.950000	1.020508	0.424805	-0.444336	-0.717773	1.420898
8.955000	-0.009766	0.737305	1.083984	-3.471680	1.420898
8.960000	-0.102539	-1.928711	0.117188	2.006836	1.420898
8.965000	2.978516	-0.732422	-1.577148	-0.322266	1.420898
8.970000	2.958984	1.235352	-0.048828	-1.259766	1.420898
8.975000	0.942383	0.776367	0.595703	-0.395508	1.420898
8.980000	0.097656	0.048828	0.014648	-0.039062	1.420898
8.985000	-0.009766	0.205078	0.000000	-1.523438	1.420898
8.990000	-0.244141	-0.483398	0.444336	0.771484	1.420898
8.995000	0.800781	-0.375977	-0.751953	-0.131836	1.420898
9.000000	0.805664	0.683594	-0.166016	-0.800781	1.420898
9.005000	-0.424805	0.195312	2.163086	-0.317383	1.420898
9.010000	0.917969	-2.080078	-1.005859	1.411133	1.420898
9.015000	3.432617	0.151367	-1.196289	-0.952148	1.420898
9.020000	2.290039	1.279297	0.371094	-1.040039	1.420898
9.025000	0.488281	0.449219	0.444336	-0.156250	1.420898
9.030000	0.053711	0.019531	-0.141602	-0.126953	1.420898
9.035000	-0.122070	0.219727	0.498047	-1.435547	1.420898
9.040000	-0.004883	-0.766602	-0.200195	0.629883	1.420898
9.045000	1.020508	0.043945	-0.668945	-0.493164	1.420898
9.050000	0.429688	0.791016	0.102539	-2.802734	1.420898
9.055000	-0.566406	-0.966797	1.625977	2.011719	1.420898
9.060000	2.080078	-1.572266	-1.572266	0.527344	1.420898
9.065000	3.393555	0.854492	-0.615234	-1.254883	1.420898
9.070000	1.562500	1.098633	0.581055	-0.708008	1.420898
9.075000	0.214844	0.185547	0.229492	-0.039062	1.420898
9.080000	0.039062	0.097656	-0.214844	-0.771484	1.420898
9.085000	-0.244141	-0.034180	0.844727	0.180664	1.420898
9.090000	0.410156	-0.693359	-0.615234	0.278320	1.420898
9.095000	1.020508	0.424805	-0.444336	-0.717773	1.420898
9.100000	-0.009766	0.737305	1.093750	-3.466797	1.416016
9.105000	-0.097656	-1.928711	0.107422	2.006836	1.420898
9.110000	2.983398	-0.727539	-1.572266	-0.327148	1.420898
9.115000	2.954102	1.235352	-0.043945	-1.259766	1.420898
9.120000	0.942383	0.776367	0.590820	-0.395508	1.420898
9.125000	0.092773	0.043945	0.014648	-0.039062	1.420898
9.130000	-0.009766	0.205078	0.004883	-1.523438	1.420898
9.135000	-0.239258	-0.488281	0.434570	0.771484	1.416016
9.140000	0.805664	-0.371094	-0.747070	-0.131836	1.420898
9.145000	0.795898	0.688477	-0.170898	-0.795898	1.425781
9.150000	-0.429688	0.175781	2.167969	-0.234375	1.420898
9.155000	0.937500	-2.075195	-1.015625	1.401367	1.420898
9.160000	3.437500	0.166016	-1.191406	-0.957031	1.416016
9.165000	2.285156	1.284180	0.375977	-1.035156	1.420898
9.170000	0.483398	0.444336	0.444336	-0.156250	1.420898
9.175000	0.058594	0.019531	-0.146484	-0.126953	1.416016
9.180000	-0.122070	0.214844	0.502930	-1.430664	1.420898
9.185000	0.000000	-0.771484	-0.205078	0.634766	1.420898
9.190000	1.030273	0.048828	-0.668945	-0.498047	1.416016
9.195000	0.429688	0.795898	0.107422	-2.807617	1.420898
9.200000	-0.561523	-0.966797	1.616211	2.011719	1.420898
9.205000	2.080078	-1.567383	-1.567383	0.527344	1.420898
9.210000	3.393555	0.854492	-0.615234	-1.259766	1.420898
9.215000	1.562500	1.093750	0.585938	-0.708008	1.420898
9.220000	0.219727	0.185547	0.229492	-0.039062	1.420898
9.225000	0.039062	0.097656	-0.214844	-0.781250	1.420898
9.230000	-0.244141	-0.039062	0.849609	0.190430	1.420898
9.235000	0.415039	-0.688477	-0.615234	0.278320	1.420898
9.240000	1.020508	0.429688	-0.439453	-0.722656	1.420898
9.245000	-0.014648	0.732422	1.108398	-3.452148	1.420898
9.250000	-0.092773	-1.933594	0.092773	2.001953	1.420898
9.255000	2.993164	-0.717773	-1.572266	-0.336914	1.420898
9.260000	2.949219	1.235352	-0.039062	-1.254883	1.420898
9.265000	0.937500	0.776367	0.590820	-0.390625	1.420898
9.270000	0.097656	0.043945	0.009766	-0.039062	1.420898
9.275000	-0.009766	0.205078	0.004883	-1.528320	1.416016
9.280000	-0.244141	-0.493164	0.429688	0.771484	1.420898
9.285000	0.805664	-0.366211	-0.756836	-0.136719	1.420898
9.290000	0.800781	0.688477	-0.166016	-0.800781	1.420898
9.295000	-0.429688	0.170898	2.167969	-0.224609	1.420898
9.300000	0.942383	-2.075195	-1.020508	1.396484	1.420898
9.305000	3.442383	0.166016	-1.181641	-0.957031	1.420898
9.310000	2.280273	1.279297	0.375977	-1.035156	1.420898
9.315000	0.483398	0.444336	0.444336	-0.156250	1.420898
9.320000	0.058594	0.024414	-0.146484	-0.126953	1.420898
9.325000	-0.126953	0.214844	0.507812	-1.425781	1.420898
9.330000	0.004883	-0.771484	-0.209961	0.629883	1.420898
9.335000	1.030273	0.048828	-0.668945	-0.498047	1.420898
9.340000	0.424805	0.795898	0.112305	-2.832031	1.420898
9.345000	-0.561523	-0.981445	1.596680	2.011719	1.420898
9.350000	2.094727	-1.562500	-1.572266	0.522461	1.420898
9.355000	3.388672	0.859375	-0.610352	-1.259766	1.420898
9.360000	1.552734	1.093750	0.590820	-0.703125	1.420898
9.365000	0.214844	0.185547	0.224609	-0.039062	1.420898
9.370000	0.039062	0.097656	-0.214844	-0.786133	1.420898
9.375000	-0.244141	-0.039062	0.844727	0.219727	1.420898
9.380000	0.419922	-0.688477	-0.620117	0.273438	1.420898
9.385000	1.015625	0.429688	-0.439453	-0.722656	1.420898
9.390000	-0.019531	0.732422	1.118164	-3.447266	1.420898
9.395000	-0.083008	-1.943359	0.083008	2.001953	1.420898
9.400000	2.998047	-0.712891	-1.572266	-0.341797	1.420898
9.405000	2.944336	1.235352	-0.034180	-1.254883	1.420898
9.410000	0.932617	0.771484	0.590820	-0.385742	1.420898
9.415000	0.092773	0.043945	0.009766	-0.039062	1.420898
9.420000	-0.009766	0.209961	0.009766	-1.533203	1.425781
9.425000	-0.244141	-0.498047	0.415039	0.771484	1.420898
9.430000	0.810547	-0.366211	-0.751953	-0.141602	1.420898
9.435000	0.795898	0.693359	-0.161133	-0.795898	1.420898
9.440000	-0.434570	0.161133	2.172852	-0.151367	1.420898
9.445000	0.952148	-2.075195	-1.035156	1.386719	1.420898
9.450000	3.442383	0.180664	-1.181641	-0.966797	1.420898
9.455000	2.270508	1.284180	0.380859	-1.035156	1.420898
9.460000	0.478516	0.444336	0.439453	-0.151367	1.420898
9.465000	0.058594	0.019531	-0.146484	-0.126953	1.420898
9.470000	-0.122070	0.209961	0.512695	-1.411133	1.420898
9.475000	0.009766	-0.771484	-0.219727	0.620117	1.420898
9.480000	1.025391	0.053711	-0.664062	-0.502930	1.420898
9.485000	0.415039	0.795898	0.117188	-2.861328	1.420898
9.490000	-0.561523	-1.000977	1.572266	2.021484	1.420898
9.495000	2.109375	-1.547852	-1.567383	0.507812	1.420898
9.500000	3.383789	0.869141	-0.600586	-1.264648	1.420898
9.505000	1.542969	1.088867	0.590820	-0.703125	1.420898
9.510000	0.209961	0.180664	0.219727	-0.039062	1.420898
9.515000	0.039062	0.102539	-0.209961	-0.795898	1.420898
9.520000	-0.244141	-0.043945	0.844727	0.249023	1.420898
9.525000	0.424805	-0.683594	-0.625000	0.268555	1.420898
9.530000	1.020508	0.439453	-0.434570	-0.727539	1.420898
9.535000	-0.024414	0.727539	1.137695	-3.432617	1.420898
9.540000	-0.068359	-1.948242	0.063477	1.992188	1.420898
9.545000	3.007812	-0.698242	-1.567383	-0.351562	1.420898
9.550000	2.934570	1.240234	-0.029297	-1.259766	1.420898
9.555000	0.927734	0.771484	0.590820	-0.385742	1.425781
9.560000	0.087891	0.043945	0.004883	-0.039062	1.420898
9.565000	-0.004883	0.214844	0.019531	-1.538086	1.420898
9.570000	-0.239258	-0.502930	0.405273	0.771484	1.420898
9.575000	0.815430	-0.356445	-0.751953	-0.156250	1.420898
9.580000	0.786133	0.688477	-0.156250	-0.795898	1.420898
9.585000	-0.444336	0.146484	2.187500	-0.053711	1.420898
9.590000	0.971680	-2.070312	-1.044922	1.372070	1.420898
9.595000	3.447266	0.195312	-1.171875	-0.976562	1.420898
9.600000	2.255859	1.284180	0.385742	-1.025391	1.420898
9.605000	0.468750	0.434570	0.439453	-0.151367	1.420898
9.610000	0.058594	0.024414	-0.146484	-0.131836	1.420898
9.615000	-0.126953	0.214844	0.522461	-1.401367	1.420898
9.620000	0.014648	-0.771484	-0.224609	0.620117	1.416016
9.625000	1.030273	0.058594	-0.659180	-0.512695	1.420898
9.630000	0.415039	0.800781	0.126953	-2.885742	1.420898
9.635000	-0.561523	-1.020508	1.557617	2.026367	1.420898
9.640000	2.124023	-1.542969	-1.577148	0.493164	1.420898
9.645000	3.383789	0.874023	-0.590820	-1.269531	1.420898
9.650000	1.533203	1.083984	0.590820	-0.693359	1.425781
9.655000	0.205078	0.180664	0.214844	-0.039062	1.420898
9.660000	0.039062	0.097656	-0.214844	-0.810547	1.420898
9.665000	-0.244141	-0.053711	0.844727	0.283203	1.425781
9.670000	0.434570	-0.678711	-0.625000	0.263672	1.420898
9.675000	1.010742	0.439453	-0.434570	-0.722656	1.420898
9.680000	-0.034180	0.727539	1.162109	-3.413086	1.420898
9.685000	-0.058594	-1.953125	0.043945	1.987305	1.420898
9.690000	3.017578	-0.683594	-1.567383	-0.366211	1.420898
9.695000	2.924805	1.240234	-0.019531	-1.254883	1.420898
9.700000	0.917969	0.761719	0.585938	-0.375977	1.425781
9.705000	0.087891	0.039062	0.004883	-0.043945	1.420898
9.710000	-0.009766	0.209961	0.019531	-1.552734	1.416016
9.715000	-0.239258	-0.512695	0.395508	0.771484	1.425781
9.720000	0.820312	-0.356445	-0.751953	-0.156250	1.420898
9.725000	0.786133	0.693359	-0.156250	-0.795898	1.420898
9.730000	-0.444336	0.136719	2.187500	-0.009766	1.420898
9.735000	0.986328	-2.070312	-1.054688	1.367188	1.420898
9.740000	3.447266	0.200195	-1.166992	-0.981445	1.420898
9.745000	2.250977	1.274414	0.390625	-1.025391	1.420898
9.750000	0.468750	0.429688	0.434570	-0.146484	1.420898
9.755000	0.058594	0.024414	-0.151367	-0.126953	1.416016
9.760000	-0.126953	0.209961	0.527344	-1.391602	1.420898
9.765000	0.014648	-0.771484	-0.234375	0.615234	1.420898
9.770000	1.030273	0.068359	-0.659180	-0.512695	1.420898
9.775000	0.405273	0.795898	0.136719	-2.910156	1.420898
9.780000	-0.556641	-1.030273	1.538086	2.026367	1.420898
9.785000	2.138672	-1.538086	-1.582031	0.483398	1.420898
9.790000	3.378906	0.883789	-0.585938	-1.269531	1.420898
9.795000	1.528320	1.083984	0.595703	-0.693359	1.420898
9.800000	0.205078	0.175781	0.219727	-0.039062	1.416016
9.805000	0.039062	0.102539	-0.209961	-0.820312	1.420898
9.810000	-0.244141	-0.053711	0.849609	0.307617	1.420898
9.815000	0.434570	-0.678711	-0.625000	0.258789	1.416016
9.820000	1.015625	0.449219	-0.429688	-0.727539	1.420898
9.825000	-0.034180	0.722656	1.166992	-3.408203	1.420898
9.830000	-0.053711	-1.962891	0.034180	1.982422	1.416016
9.835000	3.022461	-0.678711	-1.562500	-0.371094	1.420898
9.840000	2.919922	1.240234	-0.014648	-1.254883	1.420898
9.845000	0.913086	0.761719	0.585938	-0.375977	1.416016
9.850000	0.087891	0.039062	0.000000	-0.043945	1.420898
9.855000	-0.009766	0.209961	0.024414	-1.552734	1.416016
9.860000	-0.234375	-0.517578	0.390625	0.771484	1.420898
9.865000	0.820312	-0.351562	-0.756836	-0.161133	1.420898
9.870000	0.781250	0.693359	-0.156250	-0.800781	1.420898
9.875000	-0.449219	0.126953	2.197266	0.053711	1.420898
9.880000	1.000977	-2.065430	-1.064453	1.357422	1.425781
9.885000	3.447266	0.209961	-1.162109	-0.986328	1.420898
9.890000	2.241211	1.279297	0.395508	-1.020508	1.420898
9.895000	0.463867	0.424805	0.429688	-0.146484	1.420898
9.900000	0.058594	0.024414	-0.151367	-0.131836	1.416016
9.905000	-0.126953	0.209961	0.537109	-1.381836	1.420898
9.910000	0.019531	-0.776367	-0.239258	0.615234	1.425781
9.915000	1.035156	0.068359	-0.654297	-0.512695	1.420898
9.920000	0.400391	0.795898	0.136719	-2.919922	1.420898
9.925000	-0.556641	-1.044922	1.523438	2.031250	1.420898
9.930000	2.148438	-1.528320	-1.577148	0.473633	1.420898
9.935000	3.378906	0.888672	-0.581055	-1.269531	1.420898
9.940000	1.528320	1.083984	0.590820	-0.688477	1.420898
9.945000	0.209961	0.175781	0.214844	-0.034180	1.420898
9.950000	0.039062	0.102539	-0.209961	-0.830078	1.420898
9.955000	-0.249023	-0.063477	0.844727	0.327148	1.420898
9.960000	0.439453	-0.678711	-0.625000	0.253906	1.420898
9.965000	1.010742	0.449219	-0.424805	-0.732422	1.420898
9.970000	-0.039062	0.722656	1.181641	-3.388672	1.420898
9.975000	-0.043945	-1.962891	0.014648	1.982422	1.420898
9.980000	3.027344	-0.664062	-1.567383	-0.375977	1.420898
9.985000	2.915039	1.240234	-0.014648	-1.254883	1.420898
9.990000	0.908203	0.756836	0.581055	-0.371094	1.420898
9.995000	0.087891	0.039062	0.000000	-0.039062	1.420898
10.000000	-0.009766	0.214844	0.029297	-1.557617	1.420898
