# Time_s	x	xdot	xddot	xdddot	dx
0.000000	0.019531	-0.004883	0.263672	0.175781	1.420898
0.005000	0.180664	-0.009766	-0.390625	-0.249023	1.420898
0.010000	-0.126953	0.463867	0.849609	-2.656250	1.416016
0.015000	-0.019531	-1.562500	-0.019531	1.547852	1.416016
0.020000	2.392578	-0.405273	-1.376953	-0.517578	1.420898
0.025000	1.977539	1.264648	0.048828	-1.240234	1.420898
0.030000	-0.024414	0.654297	1.508789	-2.270508	1.420898
0.035000	0.244141	-1.875000	-0.307617	1.665039	1.420898
0.040000	2.924805	-0.273438	-1.474609	-0.703125	1.420898
0.045000	2.246094	1.396484	0.180664	-1.284180	1.420898
0.050000	0.131836	0.625000	1.069336	-1.865234	1.416016
0.055000	0.063477	-1.284180	-0.131836	1.201172	1.420898
0.060000	1.943359	-0.190430	-1.127930	-0.566406	1.420898
0.065000	1.381836	1.137695	0.092773	-1.079102	1.420898
0.070000	-0.371094	0.273438	2.324219	-0.292969	1.420898
0.075000	0.986328	-2.294922	-1.025391	1.606445	1.420898
0.080000	3.798828	0.185547	-1.455078	-1.152344	1.420898
0.085000	2.412109	1.572266	0.498047	-1.245117	1.420898
0.090000	0.258789	0.419922	0.639648	-0.312500	1.420898
0.095000	0.048828	-0.283203	-0.244141	0.117188	1.420898
0.100000	0.283203	0.312500	-0.366211	-1.176758	1.420898
0.105000	-0.468750	-0.068359	2.011719	1.064453	1.420898
0.110000	1.123047	-1.855469	-1.147461	1.093750	1.420898
0.115000	3.159180	0.468750	-1.088867	-1.196289	1.420898
0.120000	1.582031	1.367188	0.541992	-1.010742	1.420898
0.125000	-0.209961	0.136719	1.499023	0.239258	1.420898
0.130000	0.673828	-1.303711	-0.791016	0.781250	1.425781
0.135000	2.119141	0.380859	-0.854492	-0.952148	1.420898
0.140000	0.859375	1.127930	0.375977	-2.158203	1.420898
0.145000	-0.566406	-0.766602	2.060547	2.065430	1.420898
0.150000	2.070312	-1.879883	-1.679688	0.761719	1.420898
0.155000	3.759766	0.927734	-0.869141	-1.508789	1.420898
0.160000	1.630859	1.367188	0.776367	-0.854492	1.420898
0.165000	0.004883	0.087891	0.517578	0.239258	1.420898
0.170000	0.205078	-0.239258	-0.424805	-0.053711	1.420898
0.175000	0.219727	0.498047	-0.195312	-2.500000	1.420898
0.180000	-0.541992	-0.781250	1.743164	1.875000	1.420898
0.185000	1.884766	-1.606445	-1.557617	0.576172	1.420898
0.190000	3.251953	0.932617	-0.732422	-1.416016	1.420898
0.195000	1.220703	1.245117	0.717773	-0.771484	1.416016
0.200000	-0.253906	-0.195312	1.201172	0.942383	1.420898
0.205000	0.864258	-0.932617	-0.903320	0.327148	1.420898
0.210000	1.630859	0.629883	-0.541992	-0.991211	1.420898
0.215000	0.205078	0.947266	0.957031	-3.881836	1.416016
0.220000	-0.278320	-2.055664	0.625000	2.470703	1.420898
0.225000	3.374023	-1.171875	-2.011719	-0.166016	1.420898
0.230000	3.715820	1.513672	-0.224609	-1.660156	1.420898
0.235000	1.132812	1.030273	0.903320	-0.434570	1.416016
0.240000	0.126953	-0.156250	0.063477	0.195312	1.420898
0.245000	0.371094	0.102539	-0.410156	-0.375977	1.420898
0.250000	-0.122070	0.537109	1.010742	-2.861328	1.420898
0.255000	0.009766	-1.762695	-0.039062	1.733398	1.420898
0.260000	2.724609	-0.468750	-1.513672	-0.541992	1.420898
0.265000	2.324219	1.357422	0.058594	-1.318359	1.416016
0.270000	0.185547	0.717773	1.059570	-2.202148	1.420898
0.275000	-0.004883	-1.396484	0.000000	1.391602	1.420898
0.280000	2.153320	-0.346680	-1.264648	-0.493164	1.416016
0.285000	1.738281	1.191406	0.039062	-1.166992	1.416016
0.290000	-0.151367	0.576172	1.801758	-1.962891	1.420898
0.295000	0.449219	-2.094727	-0.532227	1.738281	1.416016
0.300000	3.310547	-0.166016	-1.528320	-0.854492	1.420898
0.305000	2.426758	1.494141	0.283203	-1.313477	1.420898
0.310000	0.234375	0.581055	0.830078	-1.298828	1.420898
0.315000	0.004883	-0.834961	-0.097656	0.771484	1.420898
0.320000	1.206055	-0.034180	-0.825195	-0.517578	1.420898
0.325000	0.620117	0.927734	0.063477	-2.685547	1.420898
0.330000	-0.639648	-0.888672	2.299805	2.333984	1.420898
0.335000	2.343750	-2.133789	-1.860352	0.898438	1.420898
0.340000	4.301758	0.981445	-0.971680	-1.630859	1.420898
0.345000	2.006836	1.474609	0.859375	-0.908203	1.425781
0.350000	0.263672	0.063477	0.405273	0.200195	1.420898
0.355000	0.410156	-0.112305	-0.400391	-0.161133	1.420898
0.360000	0.249023	0.527344	-0.122070	-2.412109	1.420898
0.365000	-0.517578	-0.766602	1.630859	1.796875	1.420898
0.370000	1.821289	-1.508789	-1.503906	0.517578	1.420898
0.375000	3.066406	0.922852	-0.688477	-1.381836	1.420898
0.380000	1.074219	1.206055	0.693359	-0.834961	1.416016
0.385000	-0.322266	-0.380859	1.308594	1.201172	1.420898
0.390000	1.162109	-1.079102	-1.079102	0.356445	1.420898
0.395000	2.026367	0.732422	-0.566406	-1.103516	1.420898
0.400000	0.424805	1.010742	0.688477	-3.422852	1.420898
0.405000	-0.410156	-1.625977	0.991211	2.290039	1.420898
0.410000	2.836914	-1.313477	-1.865234	0.073242	1.420898
0.415000	3.510742	1.323242	-0.390625	-1.586914	1.420898
0.420000	1.103516	1.103516	0.849609	-0.546875	1.420898
0.425000	-0.058594	-0.117188	0.278320	0.297852	1.420898
0.430000	0.283203	-0.073242	-0.478516	-0.244141	1.420898
0.435000	0.014648	0.595703	0.483398	-3.315430	1.420898
0.440000	-0.297852	-1.577148	0.595703	1.977539	1.416016
0.445000	2.568359	-0.957031	-1.660156	-0.156250	1.420898
0.450000	2.817383	1.289062	-0.219727	-1.435547	1.416016
0.455000	0.590820	0.937500	0.756836	-1.743164	1.420898
0.460000	-0.244141	-0.859375	0.556641	1.230469	1.420898
0.465000	1.469727	-0.625000	-1.127930	-0.131836	1.416016
0.470000	1.586914	0.957031	-0.219727	-1.098633	1.420898
0.475000	-0.117188	0.722656	1.787109	-2.836914	1.420898
0.480000	0.317383	-2.358398	-0.341797	2.133789	1.420898
0.485000	3.735352	-0.449219	-1.801758	-0.756836	1.416016
0.490000	3.081055	1.621094	0.205078	-1.489258	1.416016
0.495000	0.634766	0.698242	0.795898	-0.175781	1.420898
0.500000	0.068359	-0.195312	-0.122070	0.107422	1.420898
0.505000	0.244141	0.244141	-0.361328	-0.883789	1.416016
0.510000	-0.400391	0.039062	1.791992	0.302734	1.416016
0.515000	0.883789	-1.708984	-0.976562	1.059570	1.420898
0.520000	2.812500	0.375977	-1.059570	-1.083984	1.420898
0.525000	1.406250	1.303711	0.463867	-0.996094	1.420898
0.530000	-0.341797	0.000000	1.899414	1.108398	1.420898
0.535000	1.030273	-1.655273	-1.054688	0.961914	1.420898
0.540000	2.832031	0.468750	-0.991211	-1.127930	1.420898
0.545000	1.328125	1.279297	0.502930	-0.952148	1.420898
0.550000	-0.346680	-0.073242	1.826172	1.225586	1.420898
0.555000	1.064453	-1.567383	-1.074219	0.859375	1.416016
0.560000	2.709961	0.522461	-0.917969	-1.132812	1.416016
0.565000	1.181641	1.240234	0.507812	-0.908203	1.420898
0.570000	-0.415039	-0.268555	1.894531	1.450195	1.420898
0.575000	1.323242	-1.611328	-1.240234	0.791016	1.420898
0.580000	2.924805	0.649414	-0.878906	-1.235352	1.420898
0.585000	1.225586	1.250000	0.581055	-0.874023	1.420898
0.590000	-0.356445	-0.214844	1.665039	1.250000	1.420898
0.595000	1.142578	-1.386719	-1.113281	0.649414	1.416016
0.600000	2.485352	0.625000	-0.771484	-1.137695	1.420898
0.605000	0.893555	1.157227	0.522461	-1.914062	1.420898
0.610000	-0.493164	-0.727539	1.743164	1.835938	1.420898
0.615000	1.865234	-1.586914	-1.523438	0.581055	1.420898
0.620000	3.217773	0.913086	-0.732422	-1.401367	1.411133
0.625000	1.215820	1.235352	0.703125	-0.771484	1.416016
0.630000	-0.258789	-0.180664	1.210938	0.932617	1.420898
0.635000	0.854492	-0.942383	-0.893555	0.341797	1.420898
0.640000	1.635742	0.620117	-0.551758	-0.986328	1.420898
0.645000	0.219727	0.952148	0.932617	-3.886719	1.420898
0.650000	-0.292969	-2.036133	0.659180	2.475586	1.420898
0.655000	3.354492	-1.196289	-2.011719	-0.146484	1.420898
0.660000	3.725586	1.503906	-0.234375	-1.665039	1.420898
0.665000	1.152344	1.040039	0.908203	-0.444336	1.420898
0.670000	0.122070	-0.151367	0.068359	0.195312	1.420898
0.675000	0.371094	0.087891	-0.415039	-0.371094	1.420898
0.680000	-0.117188	0.537109	0.991211	-2.885742	1.420898
0.685000	0.004883	-1.757812	-0.019531	1.743164	1.420898
0.690000	2.714844	-0.483398	-1.523438	-0.537109	1.416016
0.695000	2.329102	1.357422	0.053711	-1.323242	1.420898
0.700000	0.190430	0.722656	1.059570	-2.221680	1.420898
0.705000	-0.014648	-1.401367	0.009766	1.401367	1.420898
0.710000	2.153320	-0.361328	-1.269531	-0.488281	1.420898
0.715000	1.757812	1.191406	0.029297	-1.176758	1.420898
0.720000	-0.136719	0.590820	1.777344	-2.026367	1.416016
0.725000	0.429688	-2.084961	-0.512695	1.743164	1.420898
0.730000	3.295898	-0.185547	-1.533203	-0.834961	1.420898
0.735000	2.431641	1.494141	0.273438	-1.313477	1.420898
0.740000	0.239258	0.590820	0.834961	-1.337891	1.420898
0.745000	0.000000	-0.854492	-0.087891	0.791016	1.420898
0.750000	1.240234	-0.048828	-0.834961	-0.512695	1.420898
0.755000	0.659180	0.932617	0.063477	-2.514648	1.416016
0.760000	-0.639648	-0.795898	2.387695	2.290039	1.416016
0.765000	2.260742	-2.177734	-1.831055	0.966797	1.420898
0.770000	4.321289	0.932617	-1.020508	-1.616211	1.420898
0.775000	2.065430	1.499023	0.849609	-0.942383	1.420898
0.780000	0.273438	0.083008	0.429688	0.190430	1.420898
0.785000	0.400391	-0.122070	-0.400391	-0.146484	1.420898
0.790000	0.258789	0.517578	-0.151367	-2.314453	1.420898
0.795000	-0.517578	-0.708008	1.713867	1.777344	1.420898
0.800000	1.762695	-1.547852	-1.484375	0.561523	1.420898
0.805000	3.085938	0.893555	-0.722656	-1.372070	1.420898
0.810000	1.118164	1.220703	0.683594	-0.771484	1.420898
0.815000	-0.322266	-0.336914	1.352539	1.181641	1.420898
0.820000	1.127930	-1.113281	-1.064453	0.390625	1.420898
0.825000	2.045898	0.708008	-0.590820	-1.098633	1.420898
0.830000	0.463867	1.025391	0.639648	-3.359375	1.416016
0.835000	-0.439453	-1.562500	1.088867	2.280273	1.416016
0.840000	2.773438	-1.372070	-1.865234	0.131836	1.420898
0.845000	3.544922	1.298828	-0.429688	-1.586914	1.420898
0.850000	1.147461	1.132812	0.844727	-0.571289	1.420898
0.855000	-0.058594	-0.102539	0.312500	0.302734	1.420898
0.860000	0.288086	-0.097656	-0.478516	-0.224609	1.420898
0.865000	0.048828	0.600586	0.356445	-3.310547	1.420898
0.870000	-0.361328	-1.494141	0.771484	2.006836	1.420898
0.875000	2.509766	-1.074219	-1.684570	-0.048828	1.420898
0.880000	2.934570	1.254883	-0.297852	-1.450195	1.420898
0.885000	0.698242	0.991211	0.756836	-1.503906	1.420898
0.890000	-0.263672	-0.722656	0.668945	1.162109	1.420898
0.895000	1.318359	-0.664062	-1.079102	-0.053711	1.420898
0.900000	1.538086	0.898438	-0.273438	-1.079102	1.416016
0.905000	-0.112305	0.742188	1.757812	-3.012695	1.420898
0.910000	0.273438	-2.397461	-0.292969	2.202148	1.420898
0.915000	3.789062	-0.502930	-1.855469	-0.727539	1.416016
0.920000	3.198242	1.640625	0.185547	-1.528320	1.420898
0.925000	0.708008	0.727539	0.820312	-0.185547	1.420898
0.930000	0.112305	-0.205078	-0.112305	0.126953	1.416016
0.935000	0.312500	0.234375	-0.366211	-0.483398	1.416016
0.940000	-0.351562	0.214844	1.733398	-0.771484	1.420898
0.945000	0.673828	-1.826172	-0.805664	1.284180	1.420898
0.950000	2.915039	0.180664	-1.220703	-0.991211	1.420898
0.955000	1.704102	1.362305	0.395508	-1.108398	1.420898
0.960000	-0.200195	0.288086	1.665039	-0.478516	1.416016
0.965000	0.625000	-1.591797	-0.742188	1.098633	1.420898
0.970000	2.548828	0.224609	-1.083984	-0.942383	1.420898
0.975000	1.372070	1.259766	0.366211	-1.020508	1.420898
0.980000	-0.375977	0.034180	2.084961	0.971680	1.420898
0.985000	1.093750	-1.870117	-1.103516	1.137695	1.420898
0.990000	3.183594	0.429688	-1.118164	-1.171875	1.420898
0.995000	1.660156	1.376953	0.532227	-1.030273	1.420898
1.000000	-0.166016	0.205078	1.396484	-0.117188	1.420898
1.005000	0.561523	-1.245117	-0.698242	0.781250	1.420898
1.010000	1.967773	0.327148	-0.849609	-0.893555	1.420898
1.015000	0.791016	1.098633	0.336914	-2.407227	1.420898
1.020000	-0.585938	-0.864258	2.070312	2.177734	1.420898
1.025000	2.207031	-1.923828	-1.752930	0.761719	1.420898
1.030000	3.916016	0.976562	-0.874023	-1.562500	1.420898
1.035000	1.708984	1.386719	0.810547	-0.849609	1.420898
1.040000	0.073242	0.073242	0.361328	0.161133	1.420898
1.045000	0.180664	-0.063477	-0.380859	-0.185547	1.420898
1.050000	-0.034180	0.498047	0.478516	-2.919922	1.420898
1.055000	-0.234375	-1.416016	0.400391	1.669922	1.416016
1.060000	2.246094	-0.708008	-1.450195	-0.263672	1.416016
1.065000	2.255859	1.210938	-0.136719	-1.298828	1.420898
1.070000	0.209961	0.830078	1.088867	-2.792969	1.420898
1.075000	-0.083008	-1.655273	0.180664	1.777344	1.420898
1.080000	2.607422	-0.620117	-1.533203	-0.405273	1.420898
1.085000	2.426758	1.313477	-0.034180	-1.337891	1.420898
1.090000	0.288086	0.786133	0.927734	-2.275391	1.420898
1.095000	-0.112305	-1.293945	0.195312	1.420898	1.416016
1.100000	2.026367	-0.483398	-1.279297	-0.375977	1.420898
1.105000	1.806641	1.152344	-0.048828	-1.186523	1.420898
1.110000	-0.078125	0.668945	1.665039	-2.460938	1.416016
1.115000	0.297852	-2.099609	-0.356445	1.865234	1.420898
1.120000	3.305664	-0.327148	-1.611328	-0.747070	1.420898
1.125000	2.597656	1.508789	0.209961	-1.367188	1.420898
1.130000	0.341797	0.649414	0.766602	-1.215820	1.420898
1.135000	-0.053711	-0.708008	0.009766	0.712891	1.420898
1.140000	1.020508	-0.078125	-0.776367	-0.444336	1.420898
1.145000	0.532227	0.874023	0.019531	-2.851562	1.416016
1.150000	-0.639648	-0.961914	2.202148	2.358398	1.420898
1.155000	2.402344	-2.080078	-1.879883	0.834961	1.420898
1.160000	4.272461	1.020508	-0.927734	-1.640625	1.420898
1.165000	1.938477	1.450195	0.869141	-0.883789	1.416016
1.170000	0.239258	0.043945	0.380859	0.200195	1.420898
1.175000	0.395508	-0.092773	-0.400391	-0.170898	1.420898
1.180000	0.214844	0.537109	-0.073242	-2.583008	1.416016
1.185000	-0.502930	-0.883789	1.479492	1.835938	1.416016
1.190000	1.918945	-1.430664	-1.538086	0.415039	1.420898
1.195000	3.017578	0.981445	-0.620117	-1.396484	1.420898
1.200000	0.986328	1.166992	0.703125	-1.103516	1.420898
1.205000	-0.332031	-0.488281	1.225586	1.254883	1.420898
1.210000	1.254883	-1.044922	-1.132812	0.283203	1.420898
1.215000	2.036133	0.786133	-0.517578	-1.137695	1.416016
1.220000	0.380859	0.991211	0.761719	-3.452148	1.416016
1.225000	-0.366211	-1.699219	0.854492	2.260742	1.420898
1.230000	2.885742	-1.230469	-1.860352	-0.014648	1.420898
1.235000	3.427734	1.352539	-0.327148	-1.567383	1.420898
1.240000	1.020508	1.059570	0.839844	-0.512695	1.420898
1.245000	-0.087891	-0.166016	0.307617	0.361328	1.420898
1.250000	0.356445	-0.122070	-0.522461	-0.229492	1.420898
1.255000	0.122070	0.625000	0.214844	-3.354492	1.420898
1.260000	-0.454102	-1.416016	1.088867	2.128906	1.420898
1.265000	2.519531	-1.308594	-1.757812	0.136719	1.420898
1.270000	3.261719	1.230469	-0.434570	-1.518555	1.420898
1.275000	0.976562	1.098633	0.795898	-0.585938	1.420898
1.280000	-0.205078	-0.332031	0.717773	0.786133	1.420898
1.285000	0.786133	-0.541992	-0.805664	0.000000	1.420898
1.290000	1.005859	0.712891	-0.297852	-0.913086	1.420898
1.295000	-0.371094	0.444336	2.343750	-1.503906	1.420898
1.300000	0.815430	-2.592773	-0.874023	2.011719	1.420898
1.305000	4.213867	-0.073242	-1.738281	-1.088867	1.420898
1.310000	3.022461	1.713867	0.444336	-1.420898	1.420898
1.315000	0.605469	0.532227	0.761719	-0.029297	1.420898
1.320000	0.273438	-0.234375	-0.229492	0.073242	1.420898
1.325000	0.429688	0.322266	-0.336914	-0.551758	1.420898
1.330000	-0.351562	0.253906	1.826172	-0.888672	1.420898
1.335000	0.693359	-1.943359	-0.815430	1.396484	1.416016
1.340000	3.110352	0.141602	-1.293945	-1.005859	1.420898
1.345000	1.899414	1.416016	0.405273	-1.152344	1.420898
1.350000	-0.078125	0.390625	1.352539	-0.981445	1.416016
1.355000	0.385742	-1.352539	-0.537109	1.000977	1.420898
1.360000	2.089844	0.131836	-1.005859	-0.800781	1.420898
1.365000	1.113281	1.162109	0.263672	-1.035156	1.420898
1.370000	-0.517578	-0.253906	2.407227	1.752930	1.420898
1.375000	1.572266	-2.124023	-1.435547	1.171875	1.420898
1.380000	3.828125	0.615234	-1.152344	-1.386719	1.420898
1.385000	1.982422	1.484375	0.678711	-1.040039	1.420898
1.390000	0.097656	0.229492	0.581055	-0.102539	1.420898
1.395000	0.131836	-0.288086	-0.356445	0.048828	1.416016
1.400000	0.288086	0.415039	-0.322266	-1.733398	1.420898
1.405000	-0.522461	-0.336914	2.084961	1.625977	1.420898
1.410000	1.459961	-1.835938	-1.362305	0.932617	1.420898
1.415000	3.320312	0.659180	-0.976562	-1.318359	1.420898
1.420000	1.513672	1.352539	0.634766	-0.932617	1.416016
1.425000	-0.195312	0.058594	1.293945	0.566406	1.420898
1.430000	0.639648	-1.064453	-0.766602	0.551758	1.420898
1.435000	1.704102	0.458984	-0.688477	-0.917969	1.420898
1.440000	0.444336	1.015625	0.512695	-3.583984	1.420898
1.445000	-0.507812	-1.601562	1.308594	2.465820	1.420898
1.450000	2.929688	-1.586914	-1.987305	0.263672	1.420898
1.455000	3.935547	1.323242	-0.532227	-1.674805	1.420898
1.460000	1.435547	1.225586	0.908203	-0.625000	1.420898
1.465000	0.122070	-0.078125	0.205078	0.205078	1.416016
1.470000	0.351562	0.009766	-0.419922	-0.288086	1.420898
1.475000	-0.009766	0.566406	0.561523	-3.129883	1.420898
1.480000	-0.239258	-1.552734	0.424805	1.835938	1.420898
1.485000	2.480469	-0.791016	-1.567383	-0.253906	1.420898
1.490000	2.539062	1.274414	-0.146484	-1.372070	1.416016
1.495000	0.390625	0.864258	0.849609	-2.338867	1.416016
1.500000	-0.190430	-1.245117	0.375977	1.494141	1.420898
1.505000	2.001953	-0.625000	-1.323242	-0.258789	1.420898
1.510000	1.972656	1.132812	-0.131836	-1.220703	1.420898
1.515000	0.058594	0.781250	1.357422	-2.885742	1.420898
1.520000	0.073242	-1.958008	-0.048828	1.918945	1.420898
1.525000	3.076172	-0.537109	-1.645508	-0.561523	1.416016
1.530000	2.675781	1.450195	0.068359	-1.406250	1.420898
1.535000	0.410156	0.742188	0.771484	-1.464844	1.420898
1.540000	-0.112305	-0.810547	0.161133	0.913086	1.420898
1.545000	1.230469	-0.249023	-0.913086	-0.361328	1.420898
1.550000	0.913086	0.927734	-0.048828	-1.088867	1.416016
1.555000	-0.571289	-0.136719	2.690430	1.831055	1.420898
1.560000	1.591797	-2.460938	-1.474609	1.474609	1.420898
1.565000	4.345703	0.512695	-1.372070	-1.425781	1.420898
1.570000	2.495117	1.635742	0.698242	-1.176758	1.420898
1.575000	0.380859	0.273438	0.585938	0.112305	1.420898
1.580000	0.341797	-0.190430	-0.336914	-0.039062	1.420898
1.585000	0.346680	0.439453	-0.253906	-1.430664	1.420898
1.590000	-0.483398	-0.219727	2.016602	1.479492	1.416016
1.595000	1.284180	-1.787109	-1.254883	0.952148	1.416016
1.600000	3.144531	0.590820	-0.991211	-1.254883	1.420898
1.605000	1.450195	1.333008	0.585938	-0.942383	1.416016
1.610000	-0.258789	0.014648	1.513672	0.864258	1.420898
1.615000	0.805664	-1.269531	-0.883789	0.683594	1.420898
1.620000	2.124023	0.478516	-0.786133	-1.000977	1.420898
1.625000	0.756836	1.108398	0.419922	-2.539062	1.420898
1.630000	-0.556641	-0.981445	1.811523	2.148438	1.420898
1.635000	2.255859	-1.757812	-1.748047	0.600586	1.420898
1.640000	3.720703	1.035156	-0.756836	-1.538086	1.420898
1.645000	1.489258	1.308594	0.795898	-0.781250	1.420898
1.650000	-0.024414	0.034180	0.498047	0.283203	1.420898
1.655000	0.244141	-0.229492	-0.454102	-0.083008	1.420898
1.660000	0.219727	0.532227	-0.156250	-2.641602	1.420898
1.665000	-0.551758	-0.859375	1.708984	1.943359	1.416016
1.670000	1.987305	-1.611328	-1.601562	0.546875	1.420898
1.675000	3.320312	0.971680	-0.717773	-1.450195	1.416016
1.680000	1.235352	1.245117	0.737305	-0.756836	1.420898
1.685000	-0.229492	-0.166016	1.093750	0.844727	1.416016
1.690000	0.771484	-0.830078	-0.834961	0.268555	1.420898
1.695000	1.416016	0.615234	-0.498047	-0.942383	1.420898
1.700000	0.043945	0.883789	1.269531	-3.852539	1.416016
1.705000	-0.083008	-2.304688	0.249023	2.465820	1.420898
1.710000	3.681641	-0.942383	-2.021484	-0.405273	1.420898
1.715000	3.647461	1.616211	-0.053711	-1.650391	1.420898
1.720000	1.030273	0.927734	0.903320	-0.327148	1.420898
1.725000	0.185547	-0.200195	-0.009766	0.185547	1.416016
1.730000	0.449219	0.146484	-0.410156	-0.419922	1.420898
1.735000	-0.122070	0.551758	1.074219	-2.890625	1.420898
1.740000	0.034180	-1.821289	-0.058594	1.782227	1.420898
1.745000	2.817383	-0.478516	-1.547852	-0.561523	1.416016
1.750000	2.402344	1.386719	0.068359	-1.337891	1.420898
1.755000	0.229492	0.722656	0.986328	-2.084961	1.420898
1.760000	-0.039062	-1.274414	0.039062	1.298828	1.420898
1.765000	1.953125	-0.336914	-1.201172	-0.463867	1.420898
1.770000	1.572266	1.137695	0.014648	-1.123047	1.420898
1.775000	-0.249023	0.498047	2.055664	-1.567383	1.420898
1.780000	0.639648	-2.260742	-0.717773	1.777344	1.420898
1.785000	3.627930	-0.073242	-1.562500	-0.971680	1.420898
1.790000	2.558594	1.562500	0.371094	-1.323242	1.420898
1.795000	0.317383	0.537109	0.698242	-0.649414	1.420898
1.800000	0.000000	-0.434570	-0.141602	0.332031	1.420898
1.805000	0.537109	0.166016	-0.517578	-0.517578	1.420898
1.810000	-0.151367	0.639648	1.323242	-3.222656	1.420898
1.815000	0.097656	-2.163086	-0.097656	2.089844	1.420898
1.820000	3.383789	-0.576172	-1.767578	-0.605469	1.416016
1.825000	2.958984	1.538086	0.097656	-1.479492	1.420898
1.830000	0.566406	0.761719	0.786133	-0.634766	1.416016
1.835000	-0.073242	-0.390625	0.063477	0.434570	1.420898
1.840000	0.546875	0.000000	-0.576172	-0.390625	1.420898
1.845000	0.078125	0.722656	0.537109	-3.730469	1.420898
1.850000	-0.366211	-1.777344	0.791016	2.299805	1.416016
1.855000	2.963867	-1.206055	-1.884766	-0.058594	1.420898
1.860000	3.442383	1.391602	-0.297852	-1.586914	1.420898
1.865000	1.000977	1.044922	0.849609	-0.488281	1.420898
1.870000	-0.073242	-0.166016	0.253906	0.332031	1.420898
1.875000	0.336914	-0.073242	-0.502930	-0.263672	1.416016
1.880000	0.043945	0.620117	0.444336	-3.417969	1.420898
1.885000	-0.341797	-1.591797	0.712891	2.060547	1.420898
1.890000	2.641602	-1.059570	-1.723633	-0.087891	1.420898
1.895000	3.012695	1.303711	-0.268555	-1.484375	1.425781
1.900000	0.727539	0.981445	0.776367	-1.245117	1.420898
1.905000	-0.234375	-0.615234	0.600586	1.005859	1.420898
1.910000	1.132812	-0.561523	-0.971680	-0.087891	1.420898
1.915000	1.259766	0.844727	-0.244141	-1.010742	1.420898
1.920000	-0.283203	0.566406	2.187500	-2.075195	1.420898
1.925000	0.639648	-2.553711	-0.698242	2.089844	1.420898
1.930000	4.106445	-0.209961	-1.787109	-0.976562	1.420898
1.935000	3.100586	1.708984	0.366211	-1.464844	1.416016
1.940000	0.639648	0.590820	0.781250	-0.078125	1.420898
1.945000	0.229492	-0.229492	-0.195312	0.097656	1.420898
1.950000	0.410156	0.297852	-0.346680	-0.532227	1.420898
1.955000	-0.341797	0.273438	1.777344	-1.025391	1.420898
1.960000	0.649414	-1.923828	-0.776367	1.401367	1.420898
1.965000	3.071289	0.117188	-1.298828	-0.986328	1.420898
1.970000	1.894531	1.411133	0.385742	-1.157227	1.420898
1.975000	-0.083008	0.395508	1.396484	-1.020508	1.416016
1.980000	0.395508	-1.401367	-0.541992	1.044922	1.420898
1.985000	2.172852	0.122070	-1.035156	-0.810547	1.420898
1.990000	1.191406	1.181641	0.268555	-1.000977	1.420898
1.995000	-0.488281	-0.136719	2.368164	1.625977	1.420898
2.000000	1.425781	-2.109375	-1.342773	1.220703	1.420898
2.005000	3.730469	0.541992	-1.186523	-1.323242	1.420898
2.010000	1.972656	1.479492	0.634766	-1.064453	1.420898
2.015000	0.058594	0.263672	0.703125	-0.307617	1.416016
2.020000	0.156250	-0.473633	-0.375977	0.219727	1.420898
2.025000	0.581055	0.356445	-0.444336	-0.649414	1.420898
2.030000	-0.336914	0.444336	1.997070	-1.831055	1.420898
2.035000	0.625000	-2.348633	-0.712891	1.865234	1.416016
2.040000	3.745117	-0.107422	-1.630859	-0.976562	1.420898
2.045000	2.695312	1.606445	0.371094	-1.362305	1.420898
2.050000	0.390625	0.551758	0.717773	-0.317383	1.420898
2.055000	0.019531	-0.263672	-0.170898	0.146484	1.420898
2.060000	0.268555	0.253906	-0.390625	-0.859375	1.416016
2.065000	-0.419922	0.063477	1.914062	0.195312	1.420898
2.070000	0.927734	-1.855469	-1.005859	1.186523	1.420898
2.075000	3.066406	0.346680	-1.152344	-1.113281	1.420898
2.080000	1.635742	1.372070	0.483398	-1.054688	1.420898
2.085000	-0.214844	0.200195	1.586914	-0.039062	1.420898
2.090000	0.664062	-1.435547	-0.781250	0.922852	1.420898
2.095000	2.324219	0.317383	-0.952148	-0.952148	1.420898
2.100000	1.088867	1.191406	0.375977	-1.220703	1.416016
2.105000	-0.507812	-0.371094	2.211914	1.748047	1.420898
2.110000	1.611328	-1.923828	-1.440430	0.966797	1.420898
2.115000	3.559570	0.703125	-1.005859	-1.372070	1.420898
2.120000	1.674805	1.396484	0.673828	-0.952148	1.420898
2.125000	-0.068359	0.151367	0.922852	0.019531	1.420898
2.130000	0.351562	-0.698242	-0.551758	0.332031	1.420898
2.135000	1.005859	0.415039	-0.527344	-0.761719	1.420898
2.140000	-0.073242	0.791016	1.401367	-3.715820	1.420898
2.145000	0.029297	-2.382812	0.043945	2.416992	1.420898
2.150000	3.769531	-0.800781	-1.992188	-0.532227	1.420898
2.155000	3.544922	1.645508	0.039062	-1.625977	1.420898
2.160000	0.937500	0.859375	0.888672	-0.278320	1.416016
2.165000	0.185547	-0.209961	-0.048828	0.175781	1.420898
2.170000	0.439453	0.175781	-0.400391	-0.444336	1.420898
2.175000	-0.170898	0.517578	1.240234	-2.631836	1.420898
2.180000	0.151367	-1.875000	-0.234375	1.713867	1.420898
2.185000	2.885742	-0.341797	-1.503906	-0.654297	1.420898
2.190000	2.290039	1.401367	0.146484	-1.303711	1.420898
2.195000	0.146484	0.659180	1.079102	-1.967773	1.420898
2.200000	0.043945	-1.328125	-0.097656	1.254883	1.416016
2.205000	2.016602	-0.239258	-1.176758	-0.546875	1.420898
2.210000	1.494141	1.157227	0.078125	-1.103516	1.416016
2.215000	-0.307617	0.380859	2.177734	-0.937500	1.420898
2.220000	0.805664	-2.250977	-0.869141	1.665039	1.420898
2.225000	3.662109	0.063477	-1.489258	-1.059570	1.420898
2.230000	2.431641	1.557617	0.434570	-1.269531	1.420898
2.235000	0.253906	0.473633	0.693359	-0.634766	1.420898
2.240000	0.024414	-0.454102	-0.200195	0.322266	1.420898
2.245000	0.566406	0.209961	-0.512695	-0.551758	1.420898
2.250000	-0.175781	0.625000	1.445312	-3.095703	1.416016
2.255000	0.170898	-2.216797	-0.205078	2.080078	1.420898
2.260000	3.466797	-0.507812	-1.767578	-0.659180	1.420898
2.265000	2.944336	1.557617	0.141602	-1.469727	1.420898
2.270000	0.551758	0.732422	0.781250	-0.517578	1.416016
2.275000	-0.048828	-0.341797	0.004883	0.341797	1.416016
2.280000	0.454102	0.068359	-0.517578	-0.424805	1.420898
2.285000	-0.087891	0.644531	1.025391	-3.393555	1.420898
2.290000	-0.068359	-1.987305	0.136719	2.075195	1.420898
2.295000	3.115234	-0.712891	-1.748047	-0.454102	1.420898
2.300000	2.924805	1.464844	-0.009766	-1.474609	1.420898
2.305000	0.571289	0.825195	0.776367	-1.049805	1.420898
2.310000	-0.136719	-0.566406	0.239258	0.722656	1.420898
2.315000	0.893555	-0.224609	-0.781250	-0.302734	1.420898
2.320000	0.629883	0.815430	-0.087891	-2.094727	1.420898
2.325000	-0.629883	-0.546875	2.548828	2.124023	1.420898
2.330000	1.992188	-2.275391	-1.704102	1.147461	1.420898
2.335000	4.301758	0.786133	-1.147461	-1.552734	1.420898
2.340000	2.187500	1.547852	0.800781	-1.025391	1.420898
2.345000	0.283203	0.151367	0.483398	0.161133	1.420898
2.350000	0.351562	-0.146484	-0.375977	-0.107422	1.420898
2.355000	0.263672	0.488281	-0.190430	-2.163086	1.420898
2.360000	-0.517578	-0.615234	1.782227	1.718750	1.420898
2.365000	1.669922	-1.577148	-1.440430	0.625000	1.420898
2.370000	3.071289	0.839844	-0.761719	-1.352539	1.411133
2.375000	1.152344	1.240234	0.664062	-0.795898	1.416016
2.380000	-0.327148	-0.302734	1.425781	1.191406	1.420898
2.385000	1.123047	-1.171875	-1.079102	0.449219	1.420898
2.390000	2.133789	0.688477	-0.625000	-1.103516	1.420898
2.395000	0.546875	1.054688	0.561523	-3.120117	1.416016
2.400000	-0.473633	-1.386719	1.250000	2.216797	1.420898
2.405000	2.587891	-1.450195	-1.816406	0.244141	1.416016
2.410000	3.510742	1.225586	-0.512695	-1.562500	1.420898
2.415000	1.181641	1.162109	0.825195	-0.620117	1.420898
2.420000	-0.092773	-0.102539	0.498047	0.415039	1.416016
2.425000	0.375977	-0.258789	-0.556641	-0.117188	1.420898
2.430000	0.336914	0.595703	-0.195312	-2.490234	1.420898
2.435000	-0.595703	-0.732422	2.089844	2.036133	1.420898
2.440000	2.001953	-1.894531	-1.655273	0.795898	1.420898
2.445000	3.735352	0.903320	-0.888672	-1.499023	1.420898
2.450000	1.625977	1.372070	0.771484	-0.869141	1.420898
2.455000	-0.019531	0.087891	0.615234	0.253906	1.420898
2.460000	0.249023	-0.341797	-0.468750	0.029297	1.420898
2.465000	0.405273	0.488281	-0.312500	-1.523438	1.416016
2.470000	-0.546875	-0.219727	2.329102	1.674805	1.416016
2.475000	1.459961	-2.089844	-1.376953	1.181641	1.420898
2.480000	3.710938	0.581055	-1.157227	-1.347656	1.420898
2.485000	1.918945	1.474609	0.649414	-1.044922	1.416016
2.490000	0.024414	0.239258	0.751953	-0.268555	1.420898
2.495000	0.200195	-0.532227	-0.415039	0.253906	1.420898
2.500000	0.693359	0.366211	-0.468750	-0.673828	1.420898
2.505000	-0.263672	0.576172	1.840820	-2.587891	1.420898
2.510000	0.429688	-2.407227	-0.502930	2.070312	1.420898
2.515000	3.798828	-0.322266	-1.762695	-0.854492	1.420898
2.520000	2.988281	1.640625	0.278320	-1.459961	1.416016
2.525000	0.566406	0.644531	0.776367	-0.136719	1.420898
2.530000	0.063477	-0.205078	-0.156250	0.102539	1.420898
2.535000	0.229492	0.268555	-0.346680	-1.118164	1.420898
2.540000	-0.424805	-0.063477	1.826172	0.908203	1.420898
2.545000	1.000977	-1.669922	-1.059570	0.966797	1.420898
2.550000	2.817383	0.468750	-0.996094	-1.132812	1.420898
2.555000	1.308594	1.284180	0.507812	-0.957031	1.420898
2.560000	-0.375977	-0.122070	1.889648	1.303711	1.420898
2.565000	1.162109	-1.616211	-1.137695	0.864258	1.416016
2.570000	2.832031	0.556641	-0.927734	-1.176758	1.420898
2.575000	1.245117	1.259766	0.532227	-0.908203	1.420898
2.580000	-0.375977	-0.185547	1.801758	1.308594	1.420898
2.585000	1.176758	-1.523438	-1.142578	0.761719	1.420898
2.590000	2.690430	0.600586	-0.854492	-1.176758	1.420898
2.595000	1.088867	1.215820	0.537109	-1.123047	1.416016
2.600000	-0.439453	-0.410156	1.826172	1.547852	1.420898
2.605000	1.464844	-1.557617	-1.318359	0.683594	1.420898
2.610000	2.924805	0.737305	-0.800781	-1.279297	1.420898
2.615000	1.142578	1.235352	0.610352	-0.830078	1.420898
2.620000	-0.366211	-0.322266	1.591797	1.308594	1.420898
2.625000	1.230469	-1.323242	-1.157227	0.556641	1.420898
2.630000	2.436523	0.693359	-0.708008	-1.171875	1.420898
2.635000	0.786133	1.123047	0.537109	-2.270508	1.420898
2.640000	-0.488281	-0.917969	1.552734	1.923828	1.420898
2.645000	2.045898	-1.513672	-1.596680	0.454102	1.420898
2.650000	3.222656	1.000977	-0.644531	-1.430664	1.420898
2.655000	1.137695	1.201172	0.727539	-0.712891	1.420898
2.660000	-0.253906	-0.244141	1.098633	0.927734	1.420898
2.665000	0.874023	-0.844727	-0.898438	0.244141	1.420898
2.670000	1.499023	0.664062	-0.483398	-0.981445	1.420898
2.675000	0.068359	0.893555	1.245117	-3.833008	1.420898
2.680000	-0.102539	-2.270508	0.278320	2.451172	1.420898
2.685000	3.632812	-0.957031	-2.006836	-0.390625	1.420898
2.690000	3.623047	1.601562	-0.068359	-1.645508	1.420898
2.695000	1.020508	0.927734	0.903320	-0.336914	1.420898
2.700000	0.161133	-0.190430	-0.004883	0.185547	1.420898
2.705000	0.419922	0.141602	-0.405273	-0.415039	1.420898
2.710000	-0.146484	0.532227	1.137695	-2.768555	1.420898
2.715000	0.087891	-1.831055	-0.136719	1.738281	1.420898
2.720000	2.817383	-0.410156	-1.518555	-0.605469	1.416016
2.725000	2.324219	1.386719	0.107422	-1.313477	1.420898
2.730000	0.170898	0.683594	1.054688	-2.070312	1.420898
2.735000	0.014648	-1.342773	-0.039062	1.308594	1.420898
2.740000	2.055664	-0.292969	-1.215820	-0.522461	1.416016
2.745000	1.591797	1.162109	0.053711	-1.132812	1.420898
2.750000	-0.244141	0.478516	2.031250	-1.445312	1.420898
2.755000	0.644531	-2.202148	-0.727539	1.718750	1.420898
2.760000	3.549805	-0.039062	-1.523438	-0.971680	1.420898
2.765000	2.460938	1.542969	0.371094	-1.293945	1.420898
2.770000	0.258789	0.522461	0.727539	-0.874023	1.420898
2.775000	0.009766	-0.581055	-0.151367	0.473633	1.416016
2.780000	0.771484	0.117188	-0.620117	-0.532227	1.420898
2.785000	0.097656	0.800781	0.688477	-3.935547	1.420898
2.790000	-0.341797	-1.953125	0.747070	2.446289	1.420898
2.795000	3.237305	-1.235352	-1.992188	-0.092773	1.420898
2.800000	3.686523	1.469727	-0.273438	-1.650391	1.420898
2.805000	1.137695	1.059570	0.898438	-0.468750	1.416016
2.810000	0.073242	-0.136719	0.087891	0.190430	1.420898
2.815000	0.307617	0.083008	-0.410156	-0.356445	1.416016
2.820000	-0.161133	0.493164	1.103516	-2.631836	1.420898
2.825000	0.097656	-1.757812	-0.166016	1.640625	1.420898
2.830000	2.695312	-0.351562	-1.455078	-0.615234	1.420898
2.835000	2.153320	1.352539	0.117188	-1.274414	1.416016
2.840000	0.068359	0.654297	1.254883	-2.119141	1.420898
2.845000	0.126953	-1.567383	-0.195312	1.435547	1.420898
2.850000	2.416992	-0.253906	-1.303711	-0.620117	1.420898
2.855000	1.821289	1.264648	0.122070	-1.181641	1.420898
2.860000	-0.122070	0.546875	1.689453	-1.787109	1.420898
2.865000	0.415039	-1.918945	-0.517578	1.572266	1.420898
2.870000	3.017578	-0.112305	-1.411133	-0.830078	1.420898
2.875000	2.128906	1.416016	0.273438	-1.240234	1.420898
2.880000	0.048828	0.546875	1.166992	-1.611328	1.416016
2.885000	0.161133	-1.303711	-0.283203	1.118164	1.420898
2.890000	1.972656	-0.063477	-1.079102	-0.649414	1.420898
2.895000	1.250000	1.142578	0.156250	-1.040039	1.420898
2.900000	-0.454102	0.053711	2.441406	0.927734	1.420898
2.905000	1.254883	-2.265625	-1.235352	1.435547	1.420898
2.910000	3.881836	0.380859	-1.337891	-1.269531	1.420898
2.915000	2.265625	1.552734	0.590820	-1.166992	1.420898
2.920000	0.200195	0.332031	0.590820	-0.136719	1.416016
2.925000	0.078125	-0.224609	-0.288086	0.024414	1.420898
2.930000	0.180664	0.380859	-0.273438	-2.060547	1.416016
2.935000	-0.498047	-0.546875	1.723633	1.611328	1.420898
2.940000	1.542969	-1.503906	-1.367188	0.605469	1.420898
2.945000	2.875977	0.805664	-0.742188	-1.298828	1.420898
2.950000	1.035156	1.206055	0.629883	-2.255859	1.420898
2.955000	-0.327148	-1.069336	0.825195	1.601562	1.420898
2.960000	1.904297	-0.942383	-1.391602	0.009766	1.420898
2.965000	2.333984	1.064453	-0.327148	-1.279297	1.416016
2.970000	0.380859	0.942383	0.839844	-2.929688	1.420898
2.975000	-0.273438	-1.503906	0.595703	1.894531	1.420898
2.980000	2.485352	-0.922852	-1.606445	-0.151367	1.420898
2.985000	2.719727	1.254883	-0.219727	-1.401367	1.420898
2.990000	0.541992	0.927734	0.742188	-1.943359	1.416016
2.995000	-0.253906	-0.966797	0.561523	1.323242	1.420898
3.000000	1.630859	-0.668945	-1.206055	-0.136719	1.420898
3.005000	1.762695	1.005859	-0.214844	-1.152344	1.420898
3.010000	-0.019531	0.781250	1.547852	-3.066406	1.420898
3.015000	0.151367	-2.207031	-0.146484	2.114258	1.420898
3.020000	3.486328	-0.561523	-1.787109	-0.625000	1.420898
3.025000	3.022461	1.557617	0.117188	-1.484375	1.420898
3.030000	0.610352	0.751953	0.791016	-0.302734	1.420898
3.035000	-0.034180	-0.258789	-0.019531	0.239258	1.420898
3.040000	0.312500	0.131836	-0.449219	-0.429688	1.420898
3.045000	-0.253906	0.429688	1.489258	-2.148438	1.416016
3.050000	0.346680	-1.943359	-0.473633	1.630859	1.420898
3.055000	3.027344	-0.161133	-1.455078	-0.805664	1.420898
3.060000	2.182617	1.430664	0.253906	-1.259766	1.420898
3.065000	0.073242	0.571289	1.152344	-1.684570	1.420898
3.070000	0.141602	-1.303711	-0.249023	1.147461	1.420898
3.075000	1.982422	-0.102539	-1.098633	-0.629883	1.420898
3.080000	1.289062	1.142578	0.141602	-1.049805	1.420898
3.085000	-0.429688	0.126953	2.407227	0.541992	1.420898
3.090000	1.171875	-2.270508	-1.176758	1.484375	1.420898
3.095000	3.842773	0.322266	-1.372070	-1.240234	1.420898
3.100000	2.299805	1.557617	0.566406	-1.186523	1.420898
3.105000	0.214844	0.356445	0.615234	-0.224609	1.420898
3.110000	0.068359	-0.263672	-0.278320	0.068359	1.420898
3.115000	0.239258	0.356445	-0.332031	-1.625977	1.420898
3.120000	-0.493164	-0.292969	1.962891	1.508789	1.416016
3.125000	1.337891	-1.723633	-1.274414	0.878906	1.416016
3.130000	3.085938	0.639648	-0.937500	-1.264648	1.420898
3.135000	1.352539	1.303711	0.600586	-0.913086	1.420898
3.140000	-0.302734	-0.083008	1.582031	1.083984	1.420898
3.145000	0.947266	-1.308594	-0.981445	0.659180	1.420898
3.150000	2.255859	0.546875	-0.771484	-1.064453	1.416016
3.155000	0.791016	1.123047	0.458984	-2.363281	1.416016
3.160000	-0.532227	-0.917969	1.757812	2.050781	1.420898
3.165000	2.143555	-1.684570	-1.679688	0.571289	1.420898
3.170000	3.540039	1.000977	-0.737305	-1.494141	1.420898
3.175000	1.381836	1.279297	0.766602	-0.766602	1.416016
3.180000	-0.112305	-0.014648	0.766602	0.493164	1.420898
3.185000	0.424805	-0.502930	-0.600586	0.102539	1.420898
3.190000	0.737305	0.541992	-0.366211	-0.786133	1.420898
3.195000	-0.410156	0.346680	2.329102	-1.074219	1.420898
3.200000	0.883789	-2.500000	-0.957031	1.860352	1.420898
3.205000	4.077148	0.034180	-1.630859	-1.123047	1.420898
3.210000	2.788086	1.669922	0.473633	-1.357422	1.420898
3.215000	0.473633	0.483398	0.712891	-0.014648	1.420898
3.220000	0.180664	-0.209961	-0.244141	0.048828	1.420898
3.225000	0.292969	0.341797	-0.317383	-1.215820	1.420898
3.230000	-0.454102	-0.107422	1.933594	1.250000	1.420898
3.235000	1.113281	-1.752930	-1.147461	0.996094	1.420898
3.240000	3.002930	0.507812	-1.015625	-1.186523	1.420898
3.245000	1.416016	1.318359	0.537109	-0.966797	1.420898
3.250000	-0.302734	-0.009766	1.704102	1.040039	1.416016
3.255000	0.932617	-1.455078	-0.976562	0.805664	1.420898
3.260000	2.465820	0.483398	-0.878906	-1.074219	1.420898
3.265000	1.025391	1.196289	0.458984	-1.450195	1.420898
3.270000	-0.493164	-0.502930	2.006836	1.748047	1.420898
3.275000	1.674805	-1.743164	-1.455078	0.781250	1.420898
3.280000	3.325195	0.786133	-0.874023	-1.367188	1.420898
3.285000	1.406250	1.313477	0.678711	-0.864258	1.420898
3.290000	-0.200195	-0.014648	1.206055	0.766602	1.420898
3.295000	0.659180	-0.947266	-0.771484	0.429688	1.420898
3.300000	1.542969	0.517578	-0.605469	-0.917969	1.420898
3.305000	0.249023	0.961914	0.810547	-3.940430	1.420898
3.310000	-0.356445	-1.982422	0.830078	2.519531	1.420898
3.315000	3.320312	-1.308594	-2.045898	-0.048828	1.420898
3.320000	3.847656	1.484375	-0.307617	-1.694336	1.420898
3.325000	1.254883	1.098633	0.927734	-0.488281	1.420898
3.330000	0.156250	-0.141602	0.102539	0.214844	1.420898
3.335000	0.419922	0.068359	-0.419922	-0.351562	1.420898
3.340000	-0.034180	0.585938	0.727539	-3.154297	1.420898
3.345000	-0.170898	-1.669922	0.292969	1.855469	1.420898
3.350000	2.622070	-0.717773	-1.586914	-0.341797	1.420898
3.355000	2.548828	1.323242	-0.083008	-1.381836	1.420898
3.360000	0.371094	0.834961	0.854492	-2.192383	1.420898
3.365000	-0.161133	-1.191406	0.302734	1.386719	1.420898
3.370000	1.879883	-0.532227	-1.254883	-0.302734	1.420898
3.375000	1.767578	1.103516	-0.097656	-1.171875	1.416016
3.380000	-0.078125	0.693359	1.684570	-2.602539	1.416016
3.385000	0.288086	-2.167969	-0.336914	1.943359	1.416016
3.390000	3.422852	-0.375977	-1.674805	-0.732422	1.420898
3.395000	2.749023	1.538086	0.200195	-1.411133	1.420898
3.400000	0.439453	0.673828	0.742188	-0.844727	1.420898
3.405000	-0.063477	-0.498047	0.004883	0.498047	1.420898
3.410000	0.683594	0.004883	-0.629883	-0.429688	1.420898
3.415000	0.170898	0.771484	0.410156	-3.774414	1.420898
3.420000	-0.458984	-1.704102	1.069336	2.412109	1.416016
3.425000	2.963867	-1.411133	-1.958008	0.112305	1.420898
3.430000	3.730469	1.362305	-0.424805	-1.645508	1.420898
3.435000	1.240234	1.142578	0.888672	-0.566406	1.416016
3.440000	0.034180	-0.087891	0.156250	0.190430	1.420898
3.445000	0.253906	0.043945	-0.400391	-0.322266	1.420898
3.450000	-0.156250	0.473633	1.040039	-2.587891	1.420898
3.455000	0.073242	-1.689453	-0.151367	1.586914	1.420898
3.460000	2.583008	-0.346680	-1.416016	-0.600586	1.420898
3.465000	2.055664	1.318359	0.107422	-1.254883	1.420898
3.470000	0.009766	0.639648	1.391602	-2.128906	1.420898
3.475000	0.205078	-1.708984	-0.278320	1.523438	1.416016
3.480000	2.646484	-0.239258	-1.367188	-0.673828	1.420898
3.485000	1.987305	1.323242	0.166016	-1.225586	1.420898
3.490000	-0.024414	0.581055	1.430664	-1.889648	1.420898
3.495000	0.263672	-1.669922	-0.361328	1.430664	1.420898
3.500000	2.587891	-0.151367	-1.303711	-0.717773	1.420898
3.505000	1.835938	1.303711	0.200195	-1.176758	1.420898
3.510000	-0.122070	0.498047	1.640625	-1.533203	1.420898
3.515000	0.434570	-1.801758	-0.546875	1.430664	1.420898
3.520000	2.822266	-0.034180	-1.308594	-0.839844	1.420898
3.525000	1.884766	1.357422	0.288086	-1.176758	1.420898
3.530000	-0.087891	0.468750	1.494141	-1.352539	1.420898
3.535000	0.385742	-1.591797	-0.517578	1.245117	1.420898
3.540000	2.480469	0.019531	-1.181641	-0.805664	1.420898
3.545000	1.542969	1.264648	0.263672	-1.093750	1.420898
3.550000	-0.292969	0.268555	2.016602	-0.302734	1.420898
3.555000	0.830078	-1.953125	-0.908203	1.347656	1.416016
3.560000	3.198242	0.219727	-1.264648	-1.059570	1.420898
3.565000	1.899414	1.420898	0.444336	-1.132812	1.420898
3.570000	-0.058594	0.366211	1.250000	-0.883789	1.420898
3.575000	0.346680	-1.220703	-0.507812	0.878906	1.420898
3.580000	1.855469	0.166016	-0.913086	-0.776367	1.420898
3.585000	0.878906	1.093750	0.253906	-1.977539	1.420898
3.590000	-0.595703	-0.625000	2.358398	2.089844	1.420898
3.595000	2.016602	-2.099609	-1.689453	0.981445	1.420898
3.600000	4.057617	0.849609	-1.025391	-1.528320	1.420898
3.605000	1.938477	1.469727	0.781250	-0.952148	1.420898
3.610000	0.156250	0.126953	0.429688	0.146484	1.420898
3.615000	0.224609	-0.107422	-0.366211	-0.141602	1.420898
3.620000	0.078125	0.498047	0.122070	-2.856445	1.420898
3.625000	-0.410156	-1.152344	0.942383	1.772461	1.420898
3.630000	2.050781	-1.088867	-1.503906	0.073242	1.420898
3.635000	2.612305	1.103516	-0.380859	-1.357422	1.420898
3.640000	0.566406	1.000977	0.717773	-2.402344	1.420898
3.645000	-0.327148	-1.152344	0.805664	1.669922	1.420898
3.650000	2.016602	-0.952148	-1.440430	-0.009766	1.420898
3.655000	2.431641	1.098633	-0.317383	-1.303711	1.420898
3.660000	0.429688	0.942383	0.791016	-2.734375	1.420898
3.665000	-0.278320	-1.372070	0.629883	1.782227	1.420898
3.670000	2.299805	-0.898438	-1.533203	-0.126953	1.420898
3.675000	2.543945	1.196289	-0.239258	-1.347656	1.420898
3.680000	0.454102	0.917969	0.786133	-2.392578	1.420898
3.685000	-0.249023	-1.215820	0.537109	1.567383	1.420898
3.690000	2.006836	-0.751953	-1.372070	-0.166016	1.420898
3.695000	2.148438	1.118164	-0.205078	-1.254883	1.420898
3.700000	0.195312	0.854492	1.108398	-3.002930	1.420898
3.705000	-0.097656	-1.762695	0.219727	1.904297	1.420898
3.710000	2.788086	-0.698242	-1.625977	-0.385742	1.420898
3.715000	2.666016	1.367188	-0.053711	-1.401367	1.420898
3.720000	0.439453	0.820312	0.786133	-1.806641	1.420898
3.725000	-0.170898	-0.957031	0.307617	1.162109	1.420898
3.730000	1.508789	-0.444336	-1.088867	-0.283203	1.420898
3.735000	1.376953	0.996094	-0.107422	-1.069336	1.420898
3.740000	-0.307617	0.483398	2.246094	-1.542969	1.420898
3.745000	0.747070	-2.470703	-0.810547	1.928711	1.420898
3.750000	3.994141	-0.078125	-1.679688	-1.040039	1.420898
3.755000	2.861328	1.665039	0.410156	-1.386719	1.420898
3.760000	0.502930	0.537109	0.732422	-0.053711	1.420898
3.765000	0.146484	-0.205078	-0.209961	0.063477	1.420898
3.770000	0.278320	0.322266	-0.322266	-1.147461	1.420898
3.775000	-0.444336	-0.078125	1.899414	1.069336	1.420898
3.780000	1.069336	-1.733398	-1.103516	1.000977	1.420898
3.785000	2.949219	0.483398	-1.020508	-1.166992	1.420898
3.790000	1.401367	1.313477	0.522461	-0.971680	1.416016
3.795000	-0.317383	-0.019531	1.762695	1.113281	1.416016
3.800000	0.971680	-1.508789	-1.010742	0.839844	1.420898
3.805000	2.568359	0.488281	-0.903320	-1.093750	1.420898
3.810000	1.098633	1.215820	0.483398	-1.118164	1.420898
3.815000	-0.458984	-0.380859	1.982422	1.616211	1.420898
3.820000	1.508789	-1.704102	-1.352539	0.805664	1.420898
3.825000	3.164062	0.712891	-0.888672	-1.308594	1.420898
3.830000	1.342773	1.289062	0.629883	-0.874023	1.420898
3.835000	-0.268555	-0.073242	1.420898	0.966797	1.420898
3.840000	0.844727	-1.162109	-0.903320	0.551758	1.420898
3.845000	1.958008	0.541992	-0.688477	-1.010742	1.420898
3.850000	0.556641	1.049805	0.483398	-3.222656	1.420898
3.855000	-0.522461	-1.386719	1.420898	2.329102	1.420898
3.860000	2.666016	-1.596680	-1.879883	0.346680	1.420898
3.865000	3.769531	1.225586	-0.585938	-1.616211	1.420898
3.870000	1.376953	1.230469	0.854492	-0.659180	1.416016
3.875000	0.024414	-0.034180	0.229492	0.180664	1.420898
3.880000	0.200195	0.004883	-0.400391	-0.273438	1.420898
3.885000	-0.136719	0.468750	0.917969	-2.622070	1.420898
3.890000	0.014648	-1.606445	-0.073242	1.547852	1.416016
3.895000	2.451172	-0.375977	-1.386719	-0.551758	1.420898
3.900000	1.992188	1.284180	0.068359	-1.240234	1.420898
3.905000	-0.019531	0.644531	1.494141	-2.207031	1.420898
3.910000	0.244141	-1.835938	-0.317383	1.621094	1.420898
3.915000	2.866211	-0.253906	-1.440430	-0.708008	1.420898
3.920000	2.172852	1.386719	0.185547	-1.259766	1.416016
3.925000	0.083008	0.615234	1.166992	-1.894531	1.416016
3.930000	0.117188	-1.391602	-0.200195	1.254883	1.420898
3.935000	2.124023	-0.180664	-1.181641	-0.610352	1.420898
3.940000	1.499023	1.186523	0.122070	-1.103516	1.420898
3.945000	-0.312500	0.346680	2.158203	-0.737305	1.420898
3.950000	0.830078	-2.192383	-0.898438	1.591797	1.420898
3.955000	3.583984	0.107422	-1.440430	-1.069336	1.420898
3.960000	2.319336	1.533203	0.444336	-1.245117	1.420898
3.965000	0.185547	0.454102	0.751953	-0.820312	1.416016
3.970000	0.058594	-0.605469	-0.229492	0.458984	1.420898
3.975000	0.805664	0.166016	-0.610352	-0.571289	1.416016
3.980000	0.058594	0.805664	0.834961	-3.959961	1.420898
3.985000	-0.273438	-2.060547	0.590820	2.446289	1.420898
3.990000	3.359375	-1.142578	-1.997070	-0.190430	1.420898
3.995000	3.652344	1.513672	-0.205078	-1.650391	1.416016
4.000000	1.088867	1.015625	0.898438	-0.424805	1.420898
4.005000	0.087891	-0.156250	0.058594	0.185547	1.420898
4.010000	0.332031	0.107422	-0.405273	-0.375977	1.420898
4.015000	-0.170898	0.493164	1.152344	-2.607422	1.420898
4.020000	0.122070	-1.791992	-0.200195	1.650391	1.420898
4.025000	2.749023	-0.336914	-1.459961	-0.634766	1.420898
4.030000	2.177734	1.362305	0.131836	-1.279297	1.420898
4.035000	0.078125	0.649414	1.230469	-2.075195	1.420898
4.040000	0.117188	-1.518555	-0.185547	1.391602	1.420898
4.045000	2.338867	-0.244141	-1.269531	-0.610352	1.420898
4.050000	1.748047	1.240234	0.117188	-1.166992	1.420898
4.055000	-0.166016	0.517578	1.801758	-1.630859	1.420898
4.060000	0.502930	-1.997070	-0.600586	1.596680	1.420898
4.065000	3.168945	-0.073242	-1.435547	-0.883789	1.420898
4.070000	2.202148	1.455078	0.307617	-1.250000	1.420898
4.075000	0.097656	0.532227	1.035156	-1.464844	1.416016
4.080000	0.117188	-1.123047	-0.239258	0.961914	1.420898
4.085000	1.665039	-0.029297	-0.961914	-0.615234	1.420898
4.090000	0.966797	1.059570	0.136719	-1.406250	1.420898
4.095000	-0.581055	-0.332031	2.578125	1.938477	1.420898
4.100000	1.757812	-2.290039	-1.562500	1.250000	1.420898
4.105000	4.184570	0.659180	-1.220703	-1.469727	1.420898
4.110000	2.221680	1.557617	0.737305	-1.074219	1.420898
4.115000	0.263672	0.209961	0.522461	0.126953	1.420898
4.120000	0.263672	-0.151367	-0.351562	-0.083008	1.420898
4.125000	0.205078	0.463867	-0.170898	-2.324219	1.420898
4.130000	-0.498047	-0.717773	1.591797	1.718750	1.420898
4.135000	1.723633	-1.455078	-1.445312	0.493164	1.420898
4.140000	2.919922	0.898438	-0.668945	-1.342773	1.420898
4.145000	0.981445	1.181641	0.668945	-1.279297	1.420898
4.150000	-0.375977	-0.537109	1.372070	1.401367	1.420898
4.155000	1.406250	-1.196289	-1.230469	0.371094	1.420898
4.160000	2.348633	0.815430	-0.581055	-1.201172	1.420898
4.165000	0.605469	1.059570	0.595703	-2.783203	1.425781
4.170000	-0.439453	-1.240234	1.191406	2.021484	1.420898
4.175000	2.338867	-1.328125	-1.679688	0.214844	1.420898
4.180000	3.164062	1.152344	-0.488281	-1.474609	1.420898
4.185000	0.971680	1.113281	0.761719	-0.717773	1.420898
4.190000	-0.244141	-0.375977	0.878906	0.927734	1.420898
4.195000	0.932617	-0.698242	-0.908203	0.087891	1.420898
4.200000	1.308594	0.732422	-0.366211	-0.981445	1.420898
4.205000	-0.141602	0.747070	1.796875	-3.144531	1.420898
4.210000	0.288086	-2.500000	-0.297852	2.299805	1.420898
4.215000	3.955078	-0.541992	-1.918945	-0.737305	1.420898
4.220000	3.364258	1.689453	0.190430	-1.567383	1.416016
4.225000	0.805664	0.742188	0.854492	-0.180664	1.420898
4.230000	0.214844	-0.229492	-0.117188	0.146484	1.420898
4.235000	0.444336	0.229492	-0.380859	-0.488281	1.420898
4.240000	-0.234375	0.454102	1.464844	-2.167969	1.416016
4.245000	0.327148	-1.918945	-0.454102	1.621094	1.420898
4.250000	2.978516	-0.170898	-1.445312	-0.786133	1.420898
4.255000	2.163086	1.416016	0.239258	-1.254883	1.420898
4.260000	0.063477	0.571289	1.181641	-1.718750	1.416016
4.265000	0.156250	-1.352539	-0.258789	1.186523	1.420898
4.270000	2.060547	-0.107422	-1.123047	-0.639648	1.420898
4.275000	1.367188	1.162109	0.141602	-1.064453	1.420898
4.280000	-0.390625	0.195312	2.333984	0.136719	1.416016
4.285000	1.064453	-2.236328	-1.088867	1.508789	1.416016
4.290000	3.740234	0.268555	-1.386719	-1.186523	1.420898
4.295000	2.280273	1.547852	0.527344	-1.201172	1.420898
4.300000	0.185547	0.385742	0.668945	-0.478516	1.420898
4.305000	0.068359	-0.410156	-0.273438	0.229492	1.416016
4.310000	0.483398	0.283203	-0.449219	-0.585938	1.420898
4.315000	-0.327148	0.415039	1.894531	-1.772461	1.420898
4.320000	0.585938	-2.226562	-0.693359	1.762695	1.420898
4.325000	3.544922	-0.078125	-1.557617	-0.957031	1.420898
4.330000	2.500000	1.547852	0.361328	-1.318359	1.420898
4.335000	0.273438	0.541992	0.751953	-0.913086	1.416016
4.340000	0.004883	-0.600586	-0.136719	0.507812	1.420898
4.345000	0.810547	0.092773	-0.629883	-0.522461	1.425781
4.350000	0.151367	0.815430	0.566406	-3.920898	1.420898
4.355000	-0.405273	-1.865234	0.922852	2.475586	1.420898
4.360000	3.154297	-1.347656	-2.006836	0.019531	1.416016
4.365000	3.779297	1.430664	-0.351562	-1.665039	1.420898
4.370000	1.235352	1.118164	0.903320	-0.517578	1.420898
4.375000	0.097656	-0.122070	0.122070	0.200195	1.420898
4.380000	0.332031	0.058594	-0.415039	-0.336914	1.420898
4.385000	-0.102539	0.537109	0.908203	-2.929688	1.420898
4.390000	-0.043945	-1.708984	0.048828	1.738281	1.420898
4.395000	2.636719	-0.527344	-1.513672	-0.488281	1.420898
4.400000	2.324219	1.333008	0.019531	-1.328125	1.416016
4.405000	0.195312	0.747070	1.064453	-2.314453	1.420898
4.410000	-0.024414	-1.435547	0.034180	1.464844	1.416016
4.415000	2.231445	-0.405273	-1.318359	-0.478516	1.420898
4.420000	1.865234	1.215820	0.019531	-1.201172	1.420898
4.425000	-0.073242	0.639648	1.611328	-2.265625	1.416016
4.430000	0.302734	-1.987305	-0.375977	1.733398	1.420898
4.435000	3.110352	-0.263672	-1.523438	-0.751953	1.420898
4.440000	2.377930	1.450195	0.214844	-1.308594	1.420898
4.445000	0.209961	0.620117	0.922852	-1.635742	1.416016
4.450000	0.004883	-1.054688	-0.073242	1.000977	1.416016
4.455000	1.562500	-0.146484	-0.981445	-0.512695	1.416016
4.460000	1.035156	1.030273	0.058594	-0.991211	1.420898
4.465000	-0.551758	-0.122070	2.626953	1.777344	1.416016
4.470000	1.547852	-2.392578	-1.440430	1.430664	1.420898
4.475000	4.218750	0.512695	-1.337891	-1.406250	1.420898
4.480000	2.402344	1.606445	0.683594	-1.157227	1.420898
4.485000	0.322266	0.273438	0.576172	0.102539	1.425781
4.490000	0.263672	-0.170898	-0.327148	-0.048828	1.420898
4.495000	0.258789	0.439453	-0.244141	-1.909180	1.416016
4.500000	-0.502930	-0.468750	1.850586	1.611328	1.420898
4.505000	1.508789	-1.616211	-1.357422	0.712891	1.420898
4.510000	3.017578	0.751953	-0.820312	-1.298828	1.420898
4.515000	1.186523	1.250000	0.629883	-0.834961	1.416016
4.520000	-0.346680	-0.278320	1.552734	1.245117	1.420898
4.525000	1.157227	-1.274414	-1.103516	0.546875	1.416016
4.530000	2.329102	0.668945	-0.698242	-1.137695	1.420898
4.535000	0.722656	1.108398	0.517578	-2.543945	1.420898
4.540000	-0.502930	-1.049805	1.513672	2.036133	1.420898
4.545000	2.211914	-1.538086	-1.674805	0.419922	1.420898
4.550000	3.374023	1.064453	-0.629883	-1.484375	1.420898
4.555000	1.201172	1.210938	0.766602	-0.703125	1.420898
4.560000	-0.185547	-0.151367	0.893555	0.703125	1.420898
4.565000	0.644531	-0.634766	-0.747070	0.136719	1.416016
4.570000	1.054688	0.610352	-0.395508	-0.878906	1.416016
4.575000	-0.244141	0.644531	1.992188	-2.709961	1.416016
4.580000	0.458984	-2.558594	-0.512695	2.216797	1.420898
4.585000	4.072266	-0.375977	-1.870117	-0.869141	1.420898
4.590000	3.271484	1.708984	0.283203	-1.533203	1.420898
4.595000	0.737305	0.664062	0.830078	-0.126953	1.420898
4.600000	0.239258	-0.234375	-0.161133	0.126953	1.420898
4.605000	0.454102	0.263672	-0.371094	-0.512695	1.420898
4.610000	-0.268555	0.410156	1.572266	-1.889648	1.420898
4.615000	0.424805	-1.943359	-0.556641	1.572266	1.420898
4.620000	3.037109	-0.087891	-1.416016	-0.854492	1.416016
4.625000	2.109375	1.425781	0.288086	-1.240234	1.420898
4.630000	0.029297	0.532227	1.215820	-1.557617	1.420898
4.635000	0.205078	-1.337891	-0.327148	1.123047	1.420898
4.640000	2.036133	-0.043945	-1.083984	-0.673828	1.420898
4.645000	1.274414	1.157227	0.175781	-1.040039	1.420898
4.650000	-0.444336	0.068359	2.407227	0.874023	1.420898
4.655000	1.230469	-2.231445	-1.215820	1.420898	1.416016
4.660000	3.808594	0.380859	-1.328125	-1.259766	1.416016
4.665000	2.216797	1.542969	0.585938	-1.157227	1.420898
4.670000	0.170898	0.336914	0.615234	-0.297852	1.420898
4.675000	0.078125	-0.322266	-0.297852	0.122070	1.420898
4.680000	0.332031	0.346680	-0.371094	-1.083984	1.420898
4.685000	-0.468750	-0.024414	2.114258	0.849609	1.420898
4.690000	1.127930	-1.977539	-1.157227	1.215820	1.420898
4.695000	3.359375	0.424805	-1.171875	-1.210938	1.420898
4.700000	1.791992	1.425781	0.551758	-1.064453	1.420898
4.705000	-0.092773	0.258789	1.220703	-0.385742	1.416016
4.710000	0.419922	-1.079102	-0.585938	0.683594	1.420898
4.715000	1.645508	0.292969	-0.781250	-0.815430	1.420898
4.720000	0.576172	1.025391	0.312500	-3.193359	1.420898
4.725000	-0.590820	-1.269531	1.757812	2.426758	1.420898
4.730000	2.651367	-1.840820	-1.938477	0.551758	1.420898
4.735000	4.091797	1.176758	-0.727539	-1.660156	1.411133
4.740000	1.669922	1.337891	0.888672	-0.751953	1.420898
4.745000	0.166016	-0.014648	0.292969	0.205078	1.420898
4.750000	0.361328	-0.043945	-0.410156	-0.234375	1.420898
4.755000	0.087891	0.561523	0.229492	-3.051758	1.420898
4.760000	-0.395508	-1.289062	0.888672	1.879883	1.416016
4.765000	2.250977	-1.093750	-1.586914	0.034180	1.420898
4.770000	2.768555	1.171875	-0.356445	-1.406250	1.420898
4.775000	0.634766	1.000977	0.722656	-1.987305	1.420898
4.780000	-0.312500	-0.942383	0.776367	1.450195	1.420898
4.785000	1.699219	-0.849609	-1.279297	-0.009766	1.420898
4.790000	2.055664	1.000977	-0.312500	-1.215820	1.420898
4.795000	0.209961	0.898438	1.079102	-3.291016	1.416016
4.800000	-0.156250	-1.865234	0.346680	2.094727	1.420898
4.805000	2.993164	-0.849609	-1.757812	-0.322266	1.420898
4.810000	3.012695	1.416016	-0.102539	-1.484375	1.420898
4.815000	0.664062	0.888672	0.786133	-0.932617	1.416016
4.820000	-0.156250	-0.498047	0.341797	0.722656	1.420898
4.825000	0.834961	-0.283203	-0.776367	-0.234375	1.420898
4.830000	0.673828	0.786133	-0.131836	-1.718750	1.420898
4.835000	-0.615234	-0.351562	2.631836	1.992188	1.420898
4.840000	1.791992	-2.358398	-1.601562	1.289062	1.420898
4.845000	4.306641	0.664062	-1.245117	-1.494141	1.420898
4.850000	2.314453	1.586914	0.756836	-1.088867	1.416016
4.855000	0.312500	0.205078	0.527344	0.141602	1.420898
4.860000	0.332031	-0.166016	-0.361328	-0.078125	1.420898
4.865000	0.288086	0.463867	-0.229492	-1.923828	1.420898
4.870000	-0.512695	-0.473633	1.889648	1.645508	1.420898
4.875000	1.533203	-1.650391	-1.381836	0.737305	1.420898
4.880000	3.095703	0.761719	-0.839844	-1.318359	1.420898
4.885000	1.245117	1.269531	0.644531	-0.849609	1.420898
4.890000	-0.317383	-0.200195	1.494141	1.137695	1.420898
4.895000	1.035156	-1.225586	-1.030273	0.537109	1.420898
4.900000	2.163086	0.625000	-0.683594	-1.088867	1.420898
4.905000	0.634766	1.083984	0.502930	-2.900391	1.420898
4.910000	-0.512695	-1.230469	1.455078	2.177734	1.420898
4.915000	2.446289	-1.552734	-1.782227	0.371094	1.420898
4.920000	3.559570	1.152344	-0.600586	-1.552734	1.420898
4.925000	1.269531	1.215820	0.810547	-0.673828	1.420898
4.930000	-0.092773	-0.063477	0.561523	0.415039	1.420898
4.935000	0.366211	-0.307617	-0.551758	-0.063477	1.420898
4.940000	0.410156	0.576172	-0.249023	-2.016602	1.420898
4.945000	-0.595703	-0.473633	2.324219	1.909180	1.416016
4.950000	1.762695	-2.060547	-1.557617	1.025391	1.420898
4.955000	3.833008	0.747070	-1.049805	-1.450195	1.420898
4.960000	1.850586	1.450195	0.727539	-0.976562	1.420898
4.965000	0.048828	0.170898	0.571289	0.039062	1.420898
4.970000	0.166016	-0.283203	-0.395508	0.019531	1.420898
4.975000	0.288086	0.454102	-0.302734	-1.933594	1.420898
4.980000	-0.546875	-0.439453	2.070312	1.723633	1.420898
4.985000	1.582031	-1.821289	-1.425781	0.869141	1.420898
4.990000	3.369141	0.732422	-0.937500	-1.357422	1.420898
4.995000	1.489258	1.347656	0.668945	-0.908203	1.420898
5.000000	-0.185547	0.034180	1.220703	0.644531	1.416016
5.005000	0.615234	-0.966797	-0.742188	0.468750	1.420898
5.010000	1.547852	0.478516	-0.634766	-0.903320	1.420898
5.015000	0.292969	0.966797	0.712891	-3.901367	1.420898
5.020000	-0.405273	-1.894531	0.961914	2.524414	1.420898
5.025000	3.232422	-1.396484	-2.041016	0.034180	1.420898
5.030000	3.901367	1.445312	-0.366211	-1.694336	1.420898
5.035000	1.318359	1.132812	0.922852	-0.527344	1.420898
5.040000	0.161133	-0.131836	0.131836	0.214844	1.420898
5.045000	0.419922	0.053711	-0.424805	-0.336914	1.420898
5.050000	-0.019531	0.590820	0.634766	-3.183594	1.420898
5.055000	-0.219727	-1.616211	0.390625	1.875000	1.416016
5.060000	2.568359	-0.786133	-1.601562	-0.278320	1.420898
5.065000	2.597656	1.298828	-0.126953	-1.391602	1.420898
5.070000	0.415039	0.864258	0.820312	-2.182617	1.420898
5.075000	-0.195312	-1.152344	0.380859	1.396484	1.420898
5.080000	1.850586	-0.585938	-1.259766	-0.253906	1.420898
5.085000	1.811523	1.088867	-0.136719	-1.176758	1.420898
5.090000	-0.039062	0.737305	1.582031	-2.802734	1.420898
5.095000	0.205078	-2.143555	-0.224609	1.987305	1.420898
5.100000	3.369141	-0.458984	-1.699219	-0.673828	1.420898
5.105000	2.807617	1.528320	0.151367	-1.425781	1.420898
5.110000	0.473633	0.708008	0.751953	-0.859375	1.420898
5.115000	-0.078125	-0.493164	0.053711	0.527344	1.420898
5.120000	0.693359	-0.029297	-0.634766	-0.405273	1.420898
5.125000	0.224609	0.771484	0.268555	-3.657227	1.420898
5.130000	-0.517578	-1.547852	1.298828	2.412109	1.420898
5.135000	2.836914	-1.557617	-1.953125	0.258789	1.420898
5.140000	3.828125	1.298828	-0.527344	-1.645508	1.420898
5.145000	1.362305	1.210938	0.888672	-0.625000	1.420898
5.150000	0.058594	-0.063477	0.200195	0.195312	1.416016
5.155000	0.263672	0.014648	-0.405273	-0.288086	1.416016
5.160000	-0.097656	0.522461	0.820312	-2.895508	1.420898
5.165000	-0.073242	-1.630859	0.087891	1.694336	1.420898
5.170000	2.519531	-0.532227	-1.474609	-0.458984	1.416016
5.175000	2.241211	1.303711	0.000000	-1.298828	1.416016
5.180000	0.146484	0.747070	1.157227	-2.446289	1.420898
5.185000	0.009766	-1.577148	-0.004883	1.572266	1.420898
5.190000	2.456055	-0.424805	-1.396484	-0.512695	1.420898
5.195000	2.055664	1.274414	0.043945	-1.250000	1.420898
5.200000	0.043945	0.678711	1.337891	-2.343750	1.420898
5.205000	0.141602	-1.728516	-0.195312	1.601562	1.420898
5.210000	2.685547	-0.322266	-1.420898	-0.625000	1.420898
5.215000	2.119141	1.337891	0.126953	-1.254883	1.420898
5.220000	0.058594	0.639648	1.254883	-2.080078	1.416016
5.225000	0.136719	-1.552734	-0.209961	1.411133	1.420898
5.230000	2.397461	-0.234375	-1.289062	-0.625000	1.420898
5.235000	1.787109	1.259766	0.131836	-1.176758	1.420898
5.240000	-0.141602	0.522461	1.743164	-1.684570	1.420898
5.245000	0.463867	-1.948242	-0.566406	1.567383	1.420898
5.250000	3.081055	-0.083008	-1.411133	-0.859375	1.420898
5.255000	2.143555	1.425781	0.288086	-1.235352	1.416016
5.260000	0.058594	0.537109	1.127930	-1.538086	1.416016
5.265000	0.156250	-1.245117	-0.278320	1.059570	1.420898
5.270000	1.870117	-0.043945	-1.035156	-0.639648	1.420898
5.275000	1.152344	1.113281	0.151367	-1.015625	1.420898
5.280000	-0.507812	-0.083008	2.519531	1.650391	1.416016
5.285000	1.440430	-2.280273	-1.362305	1.372070	1.420898
5.290000	4.003906	0.488281	-1.298828	-1.347656	1.420898
5.295000	2.255859	1.562500	0.649414	-1.132812	1.420898
5.300000	0.224609	0.288086	0.556641	0.078125	1.420898
5.305000	0.136719	-0.151367	-0.317383	-0.053711	1.420898
5.310000	0.102539	0.429688	-0.068359	-2.519531	1.420898
5.315000	-0.449219	-0.888672	1.210938	1.669922	1.420898
5.320000	1.782227	-1.196289	-1.420898	0.249023	1.416016
5.325000	2.583008	0.981445	-0.498047	-1.313477	1.420898
5.330000	0.634766	1.059570	0.664062	-2.441406	1.416016
5.335000	-0.390625	-1.113281	1.030273	1.791992	1.420898
5.340000	2.070312	-1.142578	-1.513672	0.131836	1.420898
5.345000	2.714844	1.088867	-0.419922	-1.367188	1.420898
5.350000	0.668945	1.030273	0.688477	-2.036133	1.416016
5.355000	-0.341797	-0.937500	0.908203	1.528320	1.416016
5.360000	1.752930	-0.957031	-1.333008	0.063477	1.420898
5.365000	2.246094	1.000977	-0.366211	-1.245117	1.420898
5.370000	0.361328	0.952148	0.854492	-3.110352	1.420898
5.375000	-0.278320	-1.596680	0.615234	2.011719	1.420898
5.380000	2.646484	-0.976562	-1.684570	-0.146484	1.420898
5.385000	2.919922	1.298828	-0.229492	-1.450195	1.420898
5.390000	0.664062	0.947266	0.761719	-1.396484	1.420898
5.395000	-0.234375	-0.683594	0.566406	1.054688	1.420898
5.400000	1.215820	-0.556641	-1.005859	-0.117188	1.420898
5.405000	1.308594	0.878906	-0.224609	-1.025391	1.420898
5.410000	-0.273438	0.576172	2.158203	-2.119141	1.420898
5.415000	0.615234	-2.534180	-0.678711	2.084961	1.420898
5.420000	4.072266	-0.224609	-1.782227	-0.961914	1.420898
5.425000	3.081055	1.694336	0.356445	-1.464844	1.420898
5.430000	0.629883	0.600586	0.786133	-0.087891	1.420898
5.435000	0.214844	-0.224609	-0.190430	0.092773	1.420898
5.440000	0.380859	0.292969	-0.346680	-0.527344	1.420898
5.445000	-0.356445	0.234375	1.801758	-0.810547	1.420898
5.450000	0.698242	-1.899414	-0.815430	1.352539	1.420898
5.455000	3.056641	0.161133	-1.264648	-1.010742	1.420898
5.460000	1.831055	1.401367	0.405273	-1.137695	1.420898
5.465000	-0.122070	0.356445	1.464844	-0.830078	1.420898
5.470000	0.463867	-1.430664	-0.605469	1.035156	1.420898
5.475000	2.246094	0.161133	-1.025391	-0.849609	1.420898
5.480000	1.196289	1.196289	0.297852	-0.996094	1.420898
5.485000	-0.478516	-0.146484	2.329102	1.606445	1.420898
5.490000	1.411133	-2.055664	-1.333008	1.171875	1.420898
5.495000	3.652344	0.551758	-1.152344	-1.318359	1.425781
5.500000	1.899414	1.455078	0.629883	-1.040039	1.420898
5.505000	0.019531	0.249023	0.805664	-0.332031	1.420898
5.510000	0.214844	-0.605469	-0.424805	0.322266	1.420898
5.515000	0.805664	0.346680	-0.512695	-0.688477	1.420898
5.520000	-0.146484	0.712891	1.533203	-3.383789	1.420898
5.525000	0.156250	-2.382812	-0.151367	2.285156	1.416016
5.530000	3.754883	-0.625000	-1.904297	-0.639648	1.420898
5.535000	3.315430	1.640625	0.122070	-1.562500	1.420898
5.540000	0.781250	0.776367	0.849609	-0.224609	1.420898
5.545000	0.117188	-0.200195	-0.083008	0.146484	1.420898
5.550000	0.332031	0.214844	-0.380859	-0.463867	1.420898
5.555000	-0.307617	0.317383	1.621094	-1.411133	1.420898
5.560000	0.522461	-1.860352	-0.659180	1.416016	1.416016
5.565000	2.924805	0.039062	-1.308594	-0.908203	1.416016
5.570000	1.870117	1.386719	0.332031	-1.171875	1.416016
5.575000	-0.112305	0.415039	1.508789	-1.118164	1.420898
5.580000	0.439453	-1.557617	-0.576172	1.181641	1.420898
5.585000	2.436523	0.083008	-1.127930	-0.834961	1.420898
5.590000	1.435547	1.245117	0.288086	-1.059570	1.420898
5.595000	-0.356445	0.146484	2.133789	0.356445	1.416016
5.600000	1.000977	-1.982422	-1.044922	1.289062	1.420898
5.605000	3.325195	0.322266	-1.230469	-1.142578	1.420898
5.610000	1.875000	1.430664	0.502930	-1.098633	1.420898
5.615000	-0.053711	0.322266	1.166992	-0.688477	1.420898
5.620000	0.332031	-1.074219	-0.512695	0.737305	1.420898
5.625000	1.616211	0.224609	-0.810547	-0.766602	1.420898
5.630000	0.625000	1.025391	0.258789	-2.998047	1.416016
5.635000	-0.615234	-1.137695	1.938477	2.392578	1.420898
5.640000	2.534180	-1.933594	-1.904297	0.668945	1.420898
5.645000	4.150391	1.113281	-0.805664	-1.655273	1.425781
5.650000	1.772461	1.381836	0.878906	-0.805664	1.420898
5.655000	0.190430	0.014648	0.332031	0.205078	1.420898
5.660000	0.361328	-0.063477	-0.405273	-0.209961	1.420898
5.665000	0.126953	0.546875	0.112305	-2.934570	1.420898
5.670000	-0.444336	-1.171875	1.083984	1.875000	1.420898
5.675000	2.143555	-1.206055	-1.572266	0.156250	1.420898
5.680000	2.851562	1.113281	-0.439453	-1.406250	1.420898
5.685000	0.742188	1.059570	0.717773	-1.767578	1.420898
5.690000	-0.327148	-0.805664	0.932617	1.411133	1.420898
5.695000	1.572266	-0.922852	-1.254883	0.087891	1.420898
5.700000	2.075195	0.937500	-0.380859	-1.196289	1.420898
5.705000	0.278320	0.937500	0.957031	-3.359375	1.420898
5.710000	-0.234375	-1.801758	0.522461	2.148438	1.420898
5.715000	2.934570	-0.976562	-1.787109	-0.214844	1.420898
5.720000	3.134766	1.391602	-0.180664	-1.513672	1.420898
5.725000	0.771484	0.947266	0.805664	-0.678711	1.420898
5.730000	-0.156250	-0.395508	0.385742	0.644531	1.420898
5.735000	0.703125	-0.283203	-0.712891	-0.205078	1.420898
5.740000	0.581055	0.737305	-0.156250	-1.972656	1.420898
5.745000	-0.620117	-0.463867	2.543945	2.045898	1.420898
5.750000	1.884766	-2.270508	-1.645508	1.181641	1.420898
5.755000	4.213867	0.737305	-1.166992	-1.513672	1.420898
5.760000	2.167969	1.547852	0.771484	-1.040039	1.420898
5.765000	0.253906	0.175781	0.498047	0.146484	1.420898
5.770000	0.292969	-0.141602	-0.361328	-0.097656	1.420898
5.775000	0.209961	0.478516	-0.156250	-2.368164	1.420898
5.780000	-0.502930	-0.742188	1.591797	1.748047	1.420898
5.785000	1.757812	-1.464844	-1.469727	0.488281	1.416016
5.790000	2.958984	0.913086	-0.668945	-1.357422	1.420898
5.795000	1.000977	1.181641	0.673828	-1.186523	1.420898
5.800000	-0.361328	-0.502930	1.352539	1.347656	1.420898
5.805000	1.347656	-1.162109	-1.196289	0.366211	1.420898
5.810000	2.265625	0.795898	-0.571289	-1.181641	1.416016
5.815000	0.551758	1.044922	0.615234	-2.978516	1.420898
5.820000	-0.439453	-1.347656	1.142578	2.099609	1.420898
5.825000	2.480469	-1.328125	-1.733398	0.175781	1.420898
5.830000	3.271484	1.201172	-0.458984	-1.508789	1.420898
5.835000	1.010742	1.113281	0.791016	-0.595703	1.420898
5.840000	-0.200195	-0.288086	0.742188	0.756836	1.420898
5.845000	0.742188	-0.541992	-0.786133	0.014648	1.420898
5.850000	0.981445	0.683594	-0.312500	-0.898438	1.416016
5.855000	-0.371094	0.449219	2.338867	-1.508789	1.420898
5.860000	0.815430	-2.583008	-0.874023	2.006836	1.420898
5.865000	4.208984	-0.068359	-1.733398	-1.088867	1.416016
5.870000	3.017578	1.713867	0.444336	-1.420898	1.420898
5.875000	0.600586	0.532227	0.761719	-0.029297	1.420898
5.880000	0.268555	-0.229492	-0.224609	0.073242	1.420898
5.885000	0.424805	0.327148	-0.336914	-0.556641	1.420898
5.890000	-0.356445	0.244141	1.831055	-0.839844	1.420898
5.895000	0.703125	-1.938477	-0.820312	1.386719	1.420898
5.900000	3.110352	0.151367	-1.289062	-1.010742	1.420898
5.905000	1.889648	1.411133	0.410156	-1.152344	1.420898
5.910000	-0.083008	0.380859	1.367188	-0.952148	1.416016
5.915000	0.395508	-1.357422	-0.546875	1.000977	1.420898
5.920000	2.099609	0.141602	-1.000977	-0.805664	1.420898
5.925000	1.108398	1.162109	0.268555	-1.040039	1.420898
5.930000	-0.522461	-0.253906	2.402344	1.752930	1.420898
5.935000	1.577148	-2.114258	-1.435547	1.162109	1.420898
5.940000	3.808594	0.620117	-1.147461	-1.381836	1.420898
5.945000	1.967773	1.479492	0.678711	-1.030273	1.420898
5.950000	0.083008	0.224609	0.595703	-0.112305	1.420898
5.955000	0.136719	-0.307617	-0.366211	0.058594	1.416016
5.960000	0.312500	0.415039	-0.327148	-1.577148	1.420898
5.965000	-0.517578	-0.253906	2.143555	1.586914	1.420898
5.970000	1.391602	-1.909180	-1.328125	1.030273	1.416016
5.975000	3.393555	0.610352	-1.044922	-1.303711	1.420898
5.980000	1.635742	1.391602	0.625000	-0.976562	1.420898
5.985000	-0.141602	0.146484	1.201172	0.131836	1.420898
5.990000	0.507812	-0.996094	-0.664062	0.551758	1.420898
5.995000	1.547852	0.395508	-0.683594	-0.859375	1.420898
6.000000	0.375977	0.986328	0.541992	-3.764648	1.420898
6.005000	-0.493164	-1.713867	1.230469	2.519531	1.416016
6.010000	3.066406	-1.562500	-2.031250	0.209961	1.420898
6.015000	3.999023	1.372070	-0.488281	-1.699219	1.416016
6.020000	1.445312	1.210938	0.927734	-0.605469	1.420898
6.025000	0.170898	-0.097656	0.180664	0.219727	1.416016
6.030000	0.415039	0.009766	-0.419922	-0.302734	1.420898
6.035000	0.039062	0.590820	0.449219	-3.188477	1.420898
6.040000	-0.312500	-1.489258	0.620117	1.899414	1.420898
6.045000	2.451172	-0.937500	-1.611328	-0.136719	1.420898
6.050000	2.705078	1.254883	-0.229492	-1.406250	1.420898
6.055000	0.532227	0.932617	0.756836	-2.070312	1.420898
6.060000	-0.253906	-1.035156	0.566406	1.396484	1.420898
6.065000	1.738281	-0.698242	-1.254883	-0.141602	1.420898
6.070000	1.879883	1.040039	-0.214844	-1.186523	1.420898
6.075000	0.048828	0.810547	1.396484	-3.129883	1.420898
6.080000	0.053711	-2.084961	-0.014648	2.075195	1.420898
6.085000	3.291016	-0.625000	-1.757812	-0.546875	1.420898
6.090000	2.949219	1.508789	0.058594	-1.474609	1.420898
6.095000	0.581055	0.781250	0.781250	-0.712891	1.425781
6.100000	-0.087891	-0.419922	0.122070	0.498047	1.420898
6.105000	0.615234	-0.058594	-0.620117	-0.361328	1.420898
6.110000	0.214844	0.742188	0.234375	-3.579102	1.420898
6.115000	-0.512695	-1.503906	1.293945	2.363281	1.416016
6.120000	2.758789	-1.533203	-1.909180	0.258789	1.420898
6.125000	3.740234	1.274414	-0.522461	-1.625977	1.420898
6.130000	1.308594	1.201172	0.874023	-0.625000	1.420898
6.135000	0.019531	-0.053711	0.205078	0.185547	1.420898
6.140000	0.205078	0.014648	-0.400391	-0.288086	1.420898
6.145000	-0.161133	0.458984	1.000977	-2.524414	1.420898
6.150000	0.068359	-1.635742	-0.151367	1.538086	1.420898
6.155000	2.490234	-0.317383	-1.372070	-0.600586	1.420898
6.160000	1.958008	1.293945	0.107422	-1.230469	1.420898
6.165000	-0.048828	0.610352	1.542969	-2.036133	1.420898
6.170000	0.297852	-1.840820	-0.385742	1.577148	1.420898
6.175000	2.866211	-0.195312	-1.411133	-0.742188	1.420898
6.180000	2.109375	1.381836	0.209961	-1.250000	1.420898
6.185000	0.039062	0.581055	1.235352	-1.801758	1.416016
6.190000	0.170898	-1.435547	-0.273438	1.250000	1.420898
6.195000	2.197266	-0.126953	-1.176758	-0.654297	1.420898
6.200000	1.499023	1.201172	0.151367	-1.098633	1.420898
6.205000	-0.322266	0.317383	2.153320	-0.566406	1.420898
6.210000	0.854492	-2.148438	-0.922852	1.538086	1.420898
6.215000	3.530273	0.151367	-1.396484	-1.083984	1.420898
6.220000	2.231445	1.513672	0.454102	-1.215820	1.420898
6.225000	0.136719	0.439453	0.815430	-0.898438	1.420898
6.230000	0.092773	-0.712891	-0.263672	0.541992	1.420898
6.235000	0.991211	0.156250	-0.664062	-0.605469	1.416016
6.240000	0.214844	0.864258	0.537109	-3.955078	1.420898
6.245000	-0.449219	-1.845703	1.059570	2.539062	1.420898
6.250000	3.178711	-1.459961	-2.050781	0.097656	1.416016
6.255000	3.945312	1.425781	-0.410156	-1.704102	1.420898
6.260000	1.362305	1.166992	0.927734	-0.556641	1.420898
6.265000	0.166016	-0.122070	0.151367	0.219727	1.416016
6.270000	0.419922	0.034180	-0.424805	-0.322266	1.420898
6.275000	0.009766	0.590820	0.561523	-3.193359	1.416016
6.280000	-0.258789	-1.572266	0.483398	1.889648	1.420898
6.285000	2.524414	-0.849609	-1.606445	-0.219727	1.420898
6.290000	2.651367	1.284180	-0.170898	-1.401367	1.416016
6.295000	0.468750	0.893555	0.786133	-2.119141	1.416016
6.300000	-0.219727	-1.093750	0.458984	1.391602	1.420898
6.305000	1.782227	-0.629883	-1.245117	-0.200195	1.420898
6.310000	1.821289	1.054688	-0.170898	-1.176758	1.420898
6.315000	-0.009766	0.766602	1.528320	-2.944336	1.420898
6.320000	0.156250	-2.138672	-0.156250	2.031250	1.416016
6.325000	3.364258	-0.517578	-1.728516	-0.634766	1.420898
6.330000	2.880859	1.528320	0.122070	-1.450195	1.420898
6.335000	0.527344	0.737305	0.766602	-0.727539	1.420898
6.340000	-0.083008	-0.434570	0.063477	0.468750	1.420898
6.345000	0.600586	-0.014648	-0.610352	-0.395508	1.420898
6.350000	0.141602	0.742188	0.415039	-3.730469	1.420898
6.355000	-0.439453	-1.689453	1.010742	2.358398	1.420898
6.360000	2.915039	-1.352539	-1.914062	0.078125	1.420898
6.365000	3.613281	1.352539	-0.395508	-1.616211	1.420898
6.370000	1.162109	1.118164	0.869141	-0.551758	1.420898
6.375000	-0.014648	-0.087891	0.166016	0.200195	1.420898
6.380000	0.209961	0.034180	-0.410156	-0.312500	1.420898
6.385000	-0.185547	0.439453	1.127930	-2.377930	1.420898
6.390000	0.146484	-1.689453	-0.258789	1.513672	1.420898
6.395000	2.573242	-0.244141	-1.362305	-0.659180	1.420898
6.400000	1.928711	1.318359	0.151367	-1.220703	1.416016
6.405000	-0.078125	0.566406	1.567383	-1.840820	1.420898
6.410000	0.346680	-1.801758	-0.444336	1.508789	1.416016
6.415000	2.817383	-0.126953	-1.357422	-0.776367	1.420898
6.420000	1.987305	1.362305	0.234375	-1.210938	1.420898
6.425000	-0.034180	0.532227	1.376953	-1.640625	1.420898
6.430000	0.283203	-1.547852	-0.400391	1.279297	1.420898
6.435000	2.397461	-0.068359	-1.201172	-0.737305	1.420898
6.440000	1.577148	1.245117	0.214844	-1.113281	1.420898
6.445000	-0.273438	0.332031	2.011719	-0.664062	1.420898
6.450000	0.766602	-2.011719	-0.849609	1.440430	1.416016
6.455000	3.271484	0.146484	-1.328125	-1.030273	1.416016
6.460000	2.036133	1.450195	0.419922	-1.176758	1.420898
6.465000	0.009766	0.424805	1.103516	-1.093750	1.420898
6.470000	0.229492	-1.103516	-0.390625	0.839844	1.420898
6.475000	1.625977	0.112305	-0.878906	-0.698242	1.420898
6.480000	0.766602	1.040039	0.195312	-2.363281	1.420898
6.485000	-0.620117	-0.776367	2.329102	2.231445	1.420898
6.490000	2.207031	-2.119141	-1.791992	0.927734	1.416016
6.495000	4.194336	0.927734	-1.000977	-1.586914	1.416016
6.500000	1.972656	1.469727	0.830078	-0.927734	1.420898
6.505000	0.219727	0.092773	0.415039	0.180664	1.420898
6.510000	0.332031	-0.102539	-0.390625	-0.156250	1.420898
6.515000	0.170898	0.517578	-0.043945	-2.661133	1.420898
6.520000	-0.483398	-0.947266	1.347656	1.821289	1.416016
6.525000	1.943359	-1.342773	-1.523438	0.327148	1.420898
6.530000	2.910156	1.010742	-0.561523	-1.381836	1.420898
6.535000	0.874023	1.123047	0.693359	-1.499023	1.420898
6.540000	-0.356445	-0.654297	1.152344	1.391602	1.420898
6.545000	1.459961	-1.054688	-1.230469	0.234375	1.420898
6.550000	2.177734	0.874023	-0.483398	-1.191406	1.416016
6.555000	0.419922	0.996094	0.747070	-3.227539	1.420898
6.560000	-0.361328	-1.577148	0.844727	2.133789	1.420898
6.565000	2.695312	-1.171875	-1.767578	-0.009766	1.420898
6.570000	3.203125	1.298828	-0.327148	-1.513672	1.420898
6.575000	0.893555	1.035156	0.800781	-0.595703	1.420898
6.580000	-0.185547	-0.346680	0.571289	0.717773	1.420898
6.585000	0.737305	-0.419922	-0.761719	-0.087891	1.420898
6.590000	0.800781	0.717773	-0.239258	-0.874023	1.420898
6.595000	-0.517578	0.087891	2.607422	0.595703	1.420898
6.600000	1.293945	-2.514648	-1.274414	1.660156	1.420898
6.605000	4.277344	0.317383	-1.503906	-1.313477	1.420898
6.610000	2.651367	1.669922	0.615234	-1.259766	1.420898
6.615000	0.429688	0.361328	0.649414	0.068359	1.420898
6.620000	0.292969	-0.205078	-0.297852	0.000000	1.420898
6.625000	0.351562	0.395508	-0.283203	-1.181641	1.420898
6.630000	-0.463867	-0.102539	2.011719	1.274414	1.420898
6.635000	1.152344	-1.821289	-1.166992	1.049805	1.420898
6.640000	3.125000	0.502930	-1.054688	-1.206055	1.416016
6.645000	1.533203	1.352539	0.551758	-0.986328	1.420898
6.650000	-0.239258	0.087891	1.542969	0.493164	1.420898
6.655000	0.747070	-1.328125	-0.839844	0.771484	1.420898
6.660000	2.182617	0.419922	-0.849609	-0.981445	1.420898
6.665000	0.869141	1.142578	0.400391	-2.104492	1.420898
6.670000	-0.556641	-0.756836	2.016602	2.031250	1.420898
6.675000	2.036133	-1.840820	-1.655273	0.747070	1.420898
6.680000	3.691406	0.917969	-0.854492	-1.489258	1.420898
6.685000	1.572266	1.347656	0.761719	-0.844727	1.420898
6.690000	-0.034180	0.078125	0.629883	0.288086	1.420898
6.695000	0.268555	-0.361328	-0.483398	0.039062	1.420898
6.700000	0.449219	0.493164	-0.322266	-1.333008	1.420898
6.705000	-0.537109	-0.136719	2.368164	1.601562	1.420898
6.710000	1.386719	-2.163086	-1.337891	1.274414	1.420898
6.715000	3.779297	0.512695	-1.230469	-1.333008	1.420898
6.720000	2.045898	1.508789	0.629883	-1.088867	1.420898
6.725000	0.092773	0.278320	0.668945	-0.283203	1.420898
6.730000	0.141602	-0.410156	-0.356445	0.170898	1.420898
6.735000	0.488281	0.361328	-0.405273	-0.629883	1.420898
6.740000	-0.410156	0.273438	2.124023	-0.830078	1.420898
6.745000	0.839844	-2.246094	-0.927734	1.625977	1.420898
6.750000	3.662109	0.112305	-1.459961	-1.093750	1.420898
6.755000	2.368164	1.552734	0.458984	-1.254883	1.420898
6.760000	0.209961	0.449219	0.722656	-0.698242	1.420898
6.765000	0.053711	-0.527344	-0.224609	0.375977	1.420898
6.770000	0.673828	0.200195	-0.551758	-0.571289	1.420898
6.775000	-0.083008	0.727539	1.206055	-3.608398	1.420898
6.780000	-0.024414	-2.207031	0.102539	2.275391	1.420898
6.785000	3.476562	-0.776367	-1.884766	-0.483398	1.420898
6.790000	3.281250	1.562500	0.004883	-1.562500	1.420898
6.795000	0.786133	0.849609	0.844727	-0.297852	1.420898
6.800000	0.014648	-0.170898	-0.034180	0.146484	1.420898
6.805000	0.219727	0.180664	-0.380859	-0.600586	1.416016
6.810000	-0.351562	0.156250	1.655273	-0.488281	1.420898
6.815000	0.688477	-1.694336	-0.825195	1.147461	1.420898
6.820000	2.709961	0.249023	-1.113281	-0.996094	1.420898
6.825000	1.455078	1.298828	0.395508	-1.040039	1.420898
6.830000	-0.341797	0.083008	1.982422	0.673828	1.420898
6.835000	0.986328	-1.782227	-1.025391	1.103516	1.416016
6.840000	3.007812	0.395508	-1.093750	-1.118164	1.420898
6.845000	1.547852	1.337891	0.493164	-1.015625	1.420898
6.850000	-0.244141	0.136719	1.625977	0.258789	1.420898
6.855000	0.747070	-1.450195	-0.839844	0.888672	1.420898
6.860000	2.368164	0.366211	-0.937500	-0.991211	1.420898
6.865000	1.069336	1.191406	0.400391	-1.293945	1.420898
6.870000	-0.502930	-0.410156	2.158203	1.752930	1.420898
6.875000	1.630859	-1.870117	-1.445312	0.908203	1.420898
6.880000	3.486328	0.727539	-0.966797	-1.372070	1.420898
6.885000	1.596680	1.367188	0.673828	-0.922852	1.420898
6.890000	-0.107422	0.117188	1.005859	0.200195	1.420898
6.895000	0.429688	-0.776367	-0.605469	0.371094	1.416016
6.900000	1.166992	0.434570	-0.561523	-0.805664	1.420898
6.905000	0.029297	0.859375	1.186523	-3.959961	1.420898
6.910000	-0.126953	-2.290039	0.322266	2.500000	1.420898
6.915000	3.671875	-1.000977	-2.041016	-0.361328	1.420898
6.920000	3.715820	1.606445	-0.083008	-1.674805	1.420898
6.925000	1.079102	0.952148	0.917969	-0.351562	1.420898
6.930000	0.205078	-0.200195	0.004883	0.200195	1.416016
6.935000	0.473633	0.136719	-0.415039	-0.410156	1.420898
6.940000	-0.083008	0.581055	0.937500	-3.061523	1.420898
6.945000	-0.053711	-1.787109	0.083008	1.840820	1.420898
6.950000	2.773438	-0.585938	-1.577148	-0.468750	1.420898
6.955000	2.500000	1.372070	0.004883	-1.367188	1.420898
6.960000	0.307617	0.771484	0.893555	-2.080078	1.420898
6.965000	-0.102539	-1.191406	0.166016	1.289062	1.420898
6.970000	1.845703	-0.415039	-1.186523	-0.380859	1.420898
6.975000	1.577148	1.098633	-0.039062	-1.127930	1.420898
6.980000	-0.219727	0.556641	2.006836	-1.899414	1.416016
6.985000	0.566406	-2.299805	-0.639648	1.870117	1.416016
6.990000	3.671875	-0.156250	-1.625977	-0.927734	1.420898
6.995000	2.690430	1.586914	0.332031	-1.367188	1.420898
7.000000	0.395508	0.571289	0.712891	-0.434570	1.420898
7.005000	-0.004883	-0.312500	-0.141602	0.219727	1.420898
7.010000	0.351562	0.214844	-0.439453	-0.502930	1.416016
7.015000	-0.332031	0.336914	1.772461	-1.445312	1.420898
7.020000	0.585938	-2.026367	-0.712891	1.552734	1.420898
7.025000	3.217773	0.014648	-1.406250	-0.952148	1.420898
7.030000	2.128906	1.464844	0.361328	-1.230469	1.420898
7.035000	0.048828	0.488281	1.113281	-1.318359	1.416016
7.040000	0.185547	-1.162109	-0.327148	0.937500	1.420898
7.045000	1.733398	0.034180	-0.952148	-0.668945	1.420898
7.050000	0.942383	1.074219	0.170898	-1.582031	1.420898
7.055000	-0.585938	-0.419922	2.519531	1.987305	1.420898
7.060000	1.835938	-2.236328	-1.601562	1.171875	1.420898
7.065000	4.140625	0.717773	-1.162109	-1.494141	1.420898
7.070000	2.133789	1.533203	0.756836	-1.035156	1.420898
7.075000	0.224609	0.180664	0.488281	0.136719	1.420898
7.080000	0.249023	-0.136719	-0.356445	-0.102539	1.420898
7.085000	0.161133	0.473633	-0.097656	-2.534180	1.420898
7.090000	-0.478516	-0.864258	1.381836	1.752930	1.420898
7.095000	1.835938	-1.337891	-1.479492	0.356445	1.420898
7.100000	2.827148	0.971680	-0.581055	-1.357422	1.420898
7.105000	0.844727	1.118164	0.678711	-1.699219	1.420898
7.110000	-0.380859	-0.732422	1.210938	1.503906	1.420898
7.115000	1.596680	-1.132812	-1.308594	0.258789	1.420898
7.120000	2.387695	0.908203	-0.502930	-1.245117	1.420898
7.125000	0.551758	1.035156	0.654297	-2.807617	1.420898
7.130000	-0.395508	-1.298828	1.005859	1.958008	1.420898
7.135000	2.338867	-1.196289	-1.635742	0.102539	1.420898
7.140000	2.978516	1.176758	-0.400391	-1.440430	1.420898
7.145000	0.805664	1.049805	0.742188	-1.293945	1.420898
7.150000	-0.283203	-0.605469	0.839844	1.152344	1.420898
7.155000	1.235352	-0.756836	-1.064453	0.048828	1.420898
7.160000	1.611328	0.844727	-0.346680	-1.074219	1.420898
7.165000	-0.009766	0.830078	1.499023	-3.427734	1.420898
7.170000	0.083008	-2.314453	-0.024414	2.294922	1.420898
7.175000	3.662109	-0.708008	-1.909180	-0.566406	1.420898
7.180000	3.339844	1.611328	0.063477	-1.567383	1.420898
7.185000	0.815430	0.815430	0.849609	-0.258789	1.420898
7.190000	0.097656	-0.195312	-0.063477	0.146484	1.420898
7.195000	0.312500	0.190430	-0.385742	-0.449219	1.420898
7.200000	-0.302734	0.312500	1.591797	-1.406250	1.420898
7.205000	0.507812	-1.831055	-0.649414	1.391602	1.420898
7.210000	2.866211	0.043945	-1.284180	-0.903320	1.420898
7.215000	1.821289	1.372070	0.327148	-1.152344	1.420898
7.220000	-0.136719	0.400391	1.586914	-1.025391	1.420898
7.225000	0.488281	-1.611328	-0.620117	1.210938	1.420898
7.230000	2.543945	0.102539	-1.152344	-0.869141	1.420898
7.235000	1.503906	1.274414	0.307617	-1.069336	1.420898
7.240000	-0.317383	0.195312	2.016602	0.063477	1.420898
7.245000	0.893555	-1.894531	-0.957031	1.254883	1.420898
7.250000	3.139648	0.288086	-1.201172	-1.088867	1.416016
7.255000	1.777344	1.396484	0.463867	-1.093750	1.420898
7.260000	-0.126953	0.297852	1.381836	-0.585938	1.420898
7.265000	0.468750	-1.298828	-0.620117	0.893555	1.416016
7.270000	2.031250	0.234375	-0.927734	-0.849609	1.420898
7.275000	0.952148	1.132812	0.302734	-1.738281	1.416016
7.280000	-0.566406	-0.541992	2.314453	1.982422	1.420898
7.285000	1.884766	-2.041016	-1.606445	0.976562	1.420898
7.290000	3.886719	0.800781	-1.020508	-1.479492	1.416016
7.295000	1.855469	1.440430	0.751953	-0.947266	1.420898
7.300000	0.083008	0.146484	0.463867	0.151367	1.420898
7.305000	0.136719	-0.136719	-0.366211	-0.107422	1.420898
7.310000	0.043945	0.478516	0.156250	-2.861328	1.420898
7.315000	-0.380859	-1.186523	0.839844	1.733398	1.420898
7.320000	2.050781	-1.000977	-1.489258	0.009766	1.420898
7.325000	2.500000	1.118164	-0.332031	-1.333008	1.420898
7.330000	0.468750	0.961914	0.776367	-2.651367	1.420898
7.335000	-0.292969	-1.318359	0.668945	1.762695	1.420898
7.340000	2.231445	-0.908203	-1.503906	-0.097656	1.420898
7.345000	2.514648	1.171875	-0.253906	-1.342773	1.420898
7.350000	0.449219	0.922852	0.781250	-2.475586	1.420898
7.355000	-0.253906	-1.250000	0.561523	1.621094	1.416016
7.360000	2.080078	-0.786133	-1.411133	-0.156250	1.420898
7.365000	2.246094	1.137695	-0.209961	-1.274414	1.416016
7.370000	0.258789	0.869141	0.996094	-2.905273	1.420898
7.375000	-0.151367	-1.630859	0.317383	1.840820	1.420898
7.380000	2.597656	-0.727539	-1.572266	-0.322266	1.420898
7.385000	2.553711	1.303711	-0.092773	-1.372070	1.420898
7.390000	0.390625	0.839844	0.820312	-2.143555	1.416016
7.395000	-0.175781	-1.142578	0.336914	1.357422	1.416016
7.400000	1.821289	-0.546875	-1.235352	-0.278320	1.420898
7.405000	1.738281	1.083984	-0.117188	-1.162109	1.420898
7.410000	-0.087891	0.698242	1.704102	-2.626953	1.420898
7.415000	0.297852	-2.207031	-0.341797	1.972656	1.420898
7.420000	3.481445	-0.380859	-1.689453	-0.747070	1.420898
7.425000	2.802734	1.552734	0.205078	-1.416016	1.420898
7.430000	0.468750	0.673828	0.747070	-0.659180	1.420898
7.435000	-0.048828	-0.400391	-0.014648	0.390625	1.420898
7.440000	0.537109	0.068359	-0.556641	-0.439453	1.420898
7.445000	-0.019531	0.703125	0.859375	-3.666992	1.420898
7.450000	-0.195312	-1.972656	0.390625	2.226562	1.420898
7.455000	3.144531	-0.932617	-1.850586	-0.302734	1.420898
7.460000	3.222656	1.469727	-0.122070	-1.547852	1.420898
7.465000	0.791016	0.922852	0.830078	-0.380859	1.420898
7.470000	-0.092773	-0.283203	0.209961	0.419922	1.420898
7.475000	0.458984	-0.078125	-0.566406	-0.297852	1.420898
7.480000	0.131836	0.683594	0.297852	-3.530273	1.420898
7.485000	-0.449219	-1.542969	1.049805	2.236328	1.420898
7.490000	2.700195	-1.328125	-1.835938	0.112305	1.420898
7.495000	3.427734	1.289062	-0.415039	-1.567383	1.420898
7.500000	1.064453	1.113281	0.830078	-0.566406	1.420898
7.505000	-0.122070	-0.185547	0.488281	0.493164	1.420898
7.510000	0.478516	-0.283203	-0.610352	-0.131836	1.420898
7.515000	0.439453	0.639648	-0.205078	-2.211914	1.420898
7.520000	-0.610352	-0.581055	2.338867	2.026367	1.420898
7.525000	1.914062	-2.080078	-1.640625	0.991211	1.420898
7.530000	3.955078	0.810547	-1.030273	-1.499023	1.416016
7.535000	1.889648	1.459961	0.761719	-0.952148	1.420898
7.540000	0.107422	0.146484	0.434570	0.141602	1.420898
7.545000	0.151367	-0.102539	-0.356445	-0.136719	1.420898
7.550000	0.004883	0.483398	0.288086	-2.875977	1.420898
7.555000	-0.317383	-1.269531	0.615234	1.679688	1.420898
7.560000	2.094727	-0.849609	-1.450195	-0.126953	1.416016
7.565000	2.329102	1.152344	-0.234375	-1.303711	1.420898
7.570000	0.307617	0.893555	0.952148	-2.880859	1.420898
7.575000	-0.190430	-1.572266	0.395508	1.831055	1.420898
7.580000	2.524414	-0.771484	-1.567383	-0.278320	1.420898
7.585000	2.553711	1.279297	-0.126953	-1.372070	1.420898
7.590000	0.405273	0.859375	0.810547	-2.197266	1.420898
7.595000	-0.200195	-1.162109	0.385742	1.406250	1.420898
7.600000	1.865234	-0.595703	-1.264648	-0.253906	1.420898
7.605000	1.831055	1.088867	-0.136719	-1.181641	1.420898
7.610000	-0.019531	0.742188	1.552734	-2.827148	1.416016
7.615000	0.190430	-2.124023	-0.205078	1.982422	1.420898
7.620000	3.334961	-0.468750	-1.694336	-0.654297	1.420898
7.625000	2.797852	1.513672	0.141602	-1.425781	1.420898
7.630000	0.473633	0.712891	0.751953	-0.908203	1.420898
7.635000	-0.083008	-0.517578	0.063477	0.556641	1.420898
7.640000	0.737305	-0.053711	-0.668945	-0.395508	1.420898
7.645000	0.292969	0.781250	0.166016	-3.505859	1.416016
7.650000	-0.561523	-1.406250	1.523438	2.416992	1.420898
7.655000	2.729492	-1.694336	-1.943359	0.400391	1.420898
7.660000	3.945312	1.235352	-0.620117	-1.650391	1.420898
7.665000	1.503906	1.264648	0.888672	-0.688477	1.420898
7.670000	0.102539	-0.039062	0.249023	0.200195	1.420898
7.675000	0.302734	-0.009766	-0.410156	-0.258789	1.420898
7.680000	-0.014648	0.546875	0.551758	-3.090820	1.420898
7.685000	-0.234375	-1.523438	0.419922	1.806641	1.420898
7.690000	2.426758	-0.776367	-1.542969	-0.258789	1.420898
7.695000	2.480469	1.259766	-0.141602	-1.357422	1.420898
7.700000	0.351562	0.859375	0.888672	-2.460938	1.420898
7.705000	-0.175781	-1.333008	0.346680	1.557617	1.420898
7.710000	2.133789	-0.629883	-1.372070	-0.288086	1.420898
7.715000	2.084961	1.171875	-0.117188	-1.254883	1.420898
7.720000	0.117188	0.786133	1.240234	-2.827148	1.420898
7.725000	0.009766	-1.816406	0.024414	1.831055	1.416016
7.730000	2.846680	-0.551758	-1.577148	-0.502930	1.420898
7.735000	2.519531	1.381836	0.034180	-1.362305	1.420898
7.740000	0.322266	0.751953	0.854492	-1.923828	1.420898
7.745000	-0.107422	-1.088867	0.166016	1.196289	1.420898
7.750000	1.674805	-0.366211	-1.118164	-0.375977	1.420898
7.755000	1.396484	1.049805	-0.034180	-1.079102	1.420898
7.760000	-0.322266	0.429688	2.270508	-1.191406	1.416016
7.765000	0.815430	-2.416992	-0.878906	1.831055	1.420898
7.770000	3.930664	0.004883	-1.601562	-1.074219	1.416016
7.775000	2.714844	1.630859	0.439453	-1.342773	1.420898
7.780000	0.424805	0.502930	0.703125	-0.039062	1.420898
7.785000	0.102539	-0.190430	-0.224609	0.039062	1.420898
7.790000	0.200195	0.336914	-0.307617	-1.660156	1.420898
7.795000	-0.468750	-0.336914	1.782227	1.435547	1.420898
7.800000	1.293945	-1.542969	-1.240234	0.722656	1.420898
7.805000	2.783203	0.673828	-0.825195	-1.230469	1.420898
7.810000	1.083984	1.225586	0.576172	-1.157227	1.416016
7.815000	-0.419922	-0.439453	1.738281	1.523438	1.420898
7.820000	1.459961	-1.484375	-1.298828	0.620117	1.420898
7.825000	2.802734	0.751953	-0.751953	-1.254883	1.416016
7.830000	1.030273	1.191406	0.605469	-1.220703	1.416016
7.835000	-0.400391	-0.483398	1.591797	1.474609	1.420898
7.840000	1.435547	-1.362305	-1.269531	0.517578	1.420898
7.845000	2.612305	0.781250	-0.683594	-1.240234	1.416016
7.850000	0.849609	1.142578	0.590820	-1.909180	1.420898
7.855000	-0.449219	-0.776367	1.479492	1.728516	1.420898
7.860000	1.801758	-1.391602	-1.455078	0.419922	1.420898
7.865000	2.890625	0.932617	-0.620117	-1.342773	1.420898
7.870000	0.932617	1.147461	0.668945	-1.342773	1.420898
7.875000	-0.366211	-0.571289	1.284180	1.381836	1.425781
7.880000	1.406250	-1.137695	-1.220703	0.317383	1.416016
7.885000	2.260742	0.830078	-0.541992	-1.191406	1.420898
7.890000	0.522461	1.035156	0.639648	-3.022461	1.420898
7.895000	-0.419922	-1.391602	1.059570	2.089844	1.420898
7.900000	2.500000	-1.274414	-1.728516	0.122070	1.420898
7.905000	3.217773	1.220703	-0.419922	-1.499023	1.420898
7.910000	0.952148	1.088867	0.781250	-0.595703	1.420898
7.915000	-0.209961	-0.336914	0.722656	0.800781	1.416016
7.920000	0.800781	-0.551758	-0.815430	0.000000	1.420898
7.925000	1.025391	0.712891	-0.302734	-0.917969	1.420898
7.930000	-0.356445	0.473633	2.314453	-1.645508	1.420898
7.935000	0.781250	-2.592773	-0.834961	2.031250	1.416016
7.940000	4.204102	-0.102539	-1.748047	-1.064453	1.420898
7.945000	3.046875	1.718750	0.429688	-1.435547	1.420898
7.950000	0.620117	0.541992	0.766602	-0.039062	1.420898
7.955000	0.268555	-0.234375	-0.219727	0.078125	1.420898
7.960000	0.434570	0.317383	-0.336914	-0.546875	1.420898
7.965000	-0.341797	0.278320	1.796875	-1.040039	1.416016
7.970000	0.654297	-1.948242	-0.776367	1.425781	1.420898
7.975000	3.105469	0.112305	-1.313477	-0.986328	1.420898
7.980000	1.933594	1.420898	0.385742	-1.171875	1.416016
7.985000	-0.063477	0.415039	1.333008	-1.079102	1.420898
7.990000	0.351562	-1.347656	-0.498047	1.020508	1.420898
7.995000	2.075195	0.102539	-1.010742	-0.781250	1.420898
8.000000	1.127930	1.157227	0.253906	-0.991211	1.420898
8.005000	-0.512695	-0.209961	2.421875	1.723633	1.420898
8.010000	1.533203	-2.143555	-1.411133	1.206055	1.420898
8.015000	3.833008	0.590820	-1.176758	-1.367188	1.420898
8.020000	2.016602	1.494141	0.664062	-1.054688	1.416016
8.025000	0.107422	0.244141	0.581055	-0.112305	1.420898
8.030000	0.122070	-0.283203	-0.346680	0.043945	1.420898
8.035000	0.263672	0.410156	-0.317383	-1.811523	1.420898
8.040000	-0.522461	-0.375977	2.031250	1.635742	1.420898
8.045000	1.479492	-1.782227	-1.367188	0.874023	1.416016
8.050000	3.251953	0.693359	-0.937500	-1.323242	1.420898
8.055000	1.430664	1.328125	0.639648	-0.908203	1.420898
8.060000	-0.234375	-0.004883	1.367188	0.864258	1.420898
8.065000	0.751953	-1.123047	-0.839844	0.551758	1.420898
8.070000	1.855469	0.502930	-0.693359	-0.966797	1.420898
8.075000	0.512695	1.040039	0.483398	-3.374023	1.416016
8.080000	-0.522461	-1.469727	1.391602	2.392578	1.420898
8.085000	2.773438	-1.606445	-1.928711	0.317383	1.420898
8.090000	3.852539	1.259766	-0.571289	-1.645508	1.420898
8.095000	1.406250	1.230469	0.883789	-0.649414	1.420898
8.100000	0.068359	-0.048828	0.224609	0.190430	1.416016
8.105000	0.263672	0.000000	-0.405273	-0.278320	1.420898
8.110000	-0.073242	0.527344	0.737305	-2.954102	1.416016
8.115000	-0.117188	-1.596680	0.175781	1.713867	1.420898
8.120000	2.480469	-0.590820	-1.489258	-0.405273	1.420898
8.125000	2.285156	1.289062	-0.034180	-1.313477	1.420898
8.130000	0.190430	0.776367	1.093750	-2.509766	1.420898
8.135000	-0.034180	-1.547852	0.073242	1.591797	1.420898
8.140000	2.416992	-0.478516	-1.406250	-0.463867	1.420898
8.145000	2.104492	1.259766	0.004883	-1.254883	1.420898
8.150000	0.083008	0.712891	1.269531	-2.456055	1.416016
8.155000	0.083008	-1.704102	-0.107422	1.630859	1.420898
8.160000	2.651367	-0.380859	-1.440430	-0.581055	1.420898
8.165000	2.167969	1.328125	0.092773	-1.269531	1.420898
8.170000	0.092773	0.668945	1.206055	-2.192383	1.416016
8.175000	0.087891	-1.533203	-0.131836	1.440430	1.420898
8.180000	2.368164	-0.292969	-1.308594	-0.581055	1.420898
8.185000	1.831055	1.250000	0.097656	-1.186523	1.420898
8.190000	-0.112305	0.571289	1.679688	-1.904297	1.420898
8.195000	0.390625	-1.938477	-0.488281	1.616211	1.416016
8.200000	3.056641	-0.146484	-1.440430	-0.810547	1.416016
8.205000	2.192383	1.425781	0.258789	-1.259766	1.416016
8.210000	0.097656	0.571289	1.083984	-1.640625	1.420898
8.215000	0.112305	-1.235352	-0.219727	1.083984	1.416016
8.220000	1.845703	-0.087891	-1.049805	-0.615234	1.420898
8.225000	1.186523	1.108398	0.126953	-1.020508	1.420898
8.230000	-0.483398	0.000000	2.509766	1.269531	1.416016
8.235000	1.352539	-2.314453	-1.303711	1.440430	1.420898
8.240000	3.999023	0.424805	-1.347656	-1.318359	1.420898
8.245000	2.319336	1.572266	0.625000	-1.166992	1.420898
8.250000	0.249023	0.312500	0.581055	0.063477	1.420898
8.255000	0.131836	-0.166016	-0.302734	-0.043945	1.420898
8.260000	0.122070	0.419922	-0.117188	-2.426758	1.420898
8.265000	-0.458984	-0.815430	1.298828	1.650391	1.420898
8.270000	1.718750	-1.245117	-1.406250	0.312500	1.420898
8.275000	2.612305	0.947266	-0.546875	-1.303711	1.416016
8.280000	0.693359	1.079102	0.644531	-2.309570	1.420898
8.285000	-0.405273	-1.025391	1.137695	1.767578	1.420898
8.290000	1.997070	-1.196289	-1.499023	0.200195	1.420898
8.295000	2.739258	1.049805	-0.463867	-1.352539	1.420898
8.300000	0.712891	1.054688	0.683594	-1.953125	1.420898
8.305000	-0.356445	-0.883789	0.996094	1.528320	1.420898
8.310000	1.708984	-1.015625	-1.333008	0.126953	1.420898
8.315000	2.294922	0.976562	-0.410156	-1.250000	1.416016
8.320000	0.419922	0.976562	0.781250	-3.032227	1.420898
8.325000	-0.322266	-1.508789	0.737305	1.992188	1.420898
8.330000	2.539062	-1.044922	-1.669922	-0.068359	1.420898
8.335000	2.929688	1.259766	-0.283203	-1.450195	1.420898
8.340000	0.703125	0.981445	0.751953	-1.406250	1.416016
8.345000	-0.253906	-0.673828	0.649414	1.103516	1.416016
8.350000	1.245117	-0.629883	-1.035156	-0.063477	1.420898
8.355000	1.430664	0.878906	-0.258789	-1.049805	1.416016
8.360000	-0.175781	0.688477	1.914062	-2.749023	1.416016
8.365000	0.400391	-2.470703	-0.444336	2.177734	1.420898
8.370000	3.920898	-0.405273	-1.840820	-0.820312	1.420898
8.375000	3.183594	1.669922	0.249023	-1.503906	1.416016
8.380000	0.688477	0.678711	0.810547	-0.146484	1.416016
8.385000	0.166016	-0.214844	-0.141602	0.117188	1.420898
8.390000	0.361328	0.258789	-0.366211	-0.498047	1.420898
8.395000	-0.336914	0.263672	1.728516	-1.020508	1.420898
8.400000	0.629883	-1.879883	-0.766602	1.367188	1.420898
8.405000	2.983398	0.122070	-1.269531	-0.971680	1.416016
8.410000	1.826172	1.391602	0.380859	-1.142578	1.420898
8.415000	-0.131836	0.366211	1.513672	-0.878906	1.420898
8.420000	0.478516	-1.499023	-0.620117	1.093750	1.420898
8.425000	2.363281	0.141602	-1.074219	-0.859375	1.420898
8.430000	1.303711	1.220703	0.302734	-1.020508	1.420898
8.435000	-0.424805	-0.004883	2.236328	1.240234	1.420898
8.440000	1.220703	-2.011719	-1.201172	1.225586	1.420898
8.445000	3.466797	0.449219	-1.181641	-1.235352	1.420898
8.450000	1.865234	1.440430	0.571289	-1.064453	1.420898
8.455000	-0.034180	0.278320	1.010742	-0.493164	1.420898
8.460000	0.297852	-0.869141	-0.483398	0.546875	1.420898
8.465000	1.264648	0.292969	-0.673828	-0.742188	1.420898
8.470000	0.278320	0.932617	0.581055	-3.945312	1.420898
8.475000	-0.463867	-1.845703	1.108398	2.568359	1.420898
8.480000	3.203125	-1.499023	-2.070312	0.122070	1.416016
8.485000	4.018555	1.425781	-0.429688	-1.713867	1.420898
8.490000	1.416016	1.181641	0.937500	-0.561523	1.420898
8.495000	0.200195	-0.122070	0.161133	0.224609	1.420898
8.500000	0.463867	0.029297	-0.429688	-0.317383	1.420898
8.505000	0.063477	0.605469	0.405273	-3.198242	1.416016
8.510000	-0.336914	-1.469727	0.693359	1.928711	1.420898
8.515000	2.451172	-0.996094	-1.625977	-0.087891	1.420898
8.520000	2.783203	1.245117	-0.263672	-1.420898	1.420898
8.525000	0.595703	0.961914	0.742188	-1.889648	1.420898
8.530000	-0.268555	-0.922852	0.629883	1.333008	1.420898
8.535000	1.596680	-0.712891	-1.206055	-0.092773	1.420898
8.540000	1.796875	0.986328	-0.249023	-1.157227	1.420898
8.545000	0.019531	0.810547	1.450195	-3.198242	1.420898
8.550000	0.078125	-2.167969	-0.039062	2.143555	1.416016
8.555000	3.417969	-0.634766	-1.806641	-0.566406	1.420898
8.560000	3.066406	1.547852	0.063477	-1.499023	1.425781
8.565000	0.644531	0.791016	0.800781	-0.302734	1.420898
8.570000	-0.048828	-0.263672	0.014648	0.268555	1.420898
8.575000	0.332031	0.097656	-0.468750	-0.410156	1.420898
8.580000	-0.200195	0.512695	1.308594	-2.646484	1.420898
8.585000	0.190430	-1.948242	-0.273438	1.757812	1.416016
8.590000	3.017578	-0.341797	-1.538086	-0.683594	1.420898
8.595000	2.382812	1.435547	0.166016	-1.323242	1.420898
8.600000	0.205078	0.659180	0.971680	-1.816406	1.416016
8.605000	0.000000	-1.162109	-0.048828	1.127930	1.420898
8.610000	1.748047	-0.209961	-1.074219	-0.507812	1.420898
8.615000	1.250000	1.079102	0.048828	-1.044922	1.420898
8.620000	-0.434570	0.175781	2.475586	0.239258	1.420898
8.625000	1.152344	-2.382812	-1.162109	1.611328	1.420898
8.630000	4.013672	0.268555	-1.459961	-1.240234	1.420898
8.635000	2.495117	1.611328	0.561523	-1.245117	1.420898
8.640000	0.327148	0.380859	0.629883	0.029297	1.416016
8.645000	0.136719	-0.180664	-0.278320	-0.009766	1.420898
8.650000	0.175781	0.385742	-0.244141	-2.055664	1.420898
8.655000	-0.478516	-0.566406	1.640625	1.577148	1.416016
8.660000	1.518555	-1.430664	-1.342773	0.541992	1.420898
8.665000	2.763672	0.815430	-0.698242	-1.279297	1.420898
8.670000	0.932617	1.166992	0.620117	-1.586914	1.420898
8.675000	-0.419922	-0.644531	1.489258	1.582031	1.420898
8.680000	1.616211	-1.333008	-1.352539	0.434570	1.416016
8.685000	2.695312	0.864258	-0.625000	-1.279297	1.420898
8.690000	0.839844	1.123047	0.625000	-1.816406	1.420898
8.695000	-0.415039	-0.756836	1.342773	1.616211	1.420898
8.700000	1.704102	-1.259766	-1.381836	0.336914	1.420898
8.705000	2.641602	0.922852	-0.561523	-1.293945	1.420898
8.710000	0.747070	1.088867	0.634766	-2.070312	1.420898
8.715000	-0.405273	-0.898438	1.201172	1.674805	1.425781
8.720000	1.835938	-1.201172	-1.425781	0.244141	1.420898
8.725000	2.631836	0.986328	-0.493164	-1.313477	1.420898
8.730000	0.683594	1.054688	0.649414	-2.167969	1.420898
8.735000	-0.380859	-0.966797	1.059570	1.660156	1.420898
8.740000	1.870117	-1.108398	-1.420898	0.156250	1.420898
8.745000	2.524414	1.020508	-0.434570	-1.303711	1.420898
8.750000	0.571289	1.010742	0.678711	-2.480469	1.420898
8.755000	-0.361328	-1.162109	0.903320	1.748047	1.420898
8.760000	2.080078	-1.049805	-1.489258	0.048828	1.420898
8.765000	2.597656	1.108398	-0.361328	-1.337891	1.420898
8.770000	0.561523	0.981445	0.708008	-2.319336	1.420898
8.775000	-0.322266	-1.108398	0.776367	1.616211	1.420898
8.780000	1.943359	-0.922852	-1.396484	-0.014648	1.416016
8.785000	2.329102	1.079102	-0.307617	-1.279297	1.420898
8.790000	0.371094	0.927734	0.849609	-2.890625	1.420898
8.795000	-0.253906	-1.494141	0.556641	1.860352	1.416016
8.800000	2.465820	-0.883789	-1.582031	-0.175781	1.416016
8.805000	2.651367	1.245117	-0.200195	-1.386719	1.420898
8.810000	0.502930	0.903320	0.751953	-2.045898	1.420898
8.815000	-0.239258	-1.030273	0.527344	1.367188	1.420898
8.820000	1.708984	-0.664062	-1.230469	-0.161133	1.420898
8.825000	1.816406	1.030273	-0.200195	-1.166992	1.420898
8.830000	0.004883	0.781250	1.484375	-3.041992	1.420898
8.835000	0.122070	-2.138672	-0.102539	2.065430	1.420898
8.840000	3.364258	-0.566406	-1.752930	-0.600586	1.420898
8.845000	2.944336	1.523438	0.097656	-1.464844	1.420898
8.850000	0.571289	0.756836	0.776367	-0.581055	1.420898
8.855000	-0.073242	-0.361328	0.053711	0.395508	1.420898
8.860000	0.493164	0.014648	-0.556641	-0.390625	1.416016
8.865000	0.024414	0.698242	0.678711	-3.671875	1.420898
8.870000	-0.283203	-1.850586	0.571289	2.226562	1.420898
8.875000	3.002930	-1.040039	-1.840820	-0.185547	1.420898
8.880000	3.256836	1.411133	-0.200195	-1.547852	1.420898
8.885000	0.849609	0.976562	0.830078	-0.429688	1.420898
8.890000	-0.112305	-0.283203	0.302734	0.478516	1.420898
8.895000	0.507812	-0.161133	-0.605469	-0.239258	1.420898
8.900000	0.288086	0.683594	-0.014648	-3.105469	1.416016
8.905000	-0.581055	-1.137695	1.699219	2.236328	1.420898
8.910000	2.402344	-1.728516	-1.811523	0.527344	1.420898
8.915000	3.754883	1.103516	-0.703125	-1.567383	1.420898
8.920000	1.464844	1.289062	0.830078	-0.742188	1.420898
8.925000	-0.009766	0.009766	0.371094	0.224609	1.416016
8.930000	0.200195	-0.102539	-0.419922	-0.180664	1.420898
8.935000	0.009766	0.532227	0.375977	-3.090820	1.420898
8.940000	-0.307617	-1.416016	0.615234	1.821289	1.420898
8.945000	2.329102	-0.903320	-1.552734	-0.136719	1.420898
8.950000	2.563477	1.215820	-0.229492	-1.372070	1.420898
8.955000	0.449219	0.917969	0.795898	-2.382812	1.420898
8.960000	-0.239258	-1.225586	0.522461	1.552734	1.420898
8.965000	2.006836	-0.732422	-1.367188	-0.175781	1.420898
8.970000	2.133789	1.118164	-0.195312	-1.254883	1.420898
8.975000	0.185547	0.844727	1.118164	-2.983398	1.420898
8.980000	-0.087891	-1.767578	0.200195	1.894531	1.420898
8.985000	2.792969	-0.683594	-1.616211	-0.400391	1.420898
8.990000	2.641602	1.362305	-0.043945	-1.396484	1.420898
8.995000	0.424805	0.810547	0.781250	-1.806641	1.420898
9.000000	-0.161133	-0.957031	0.297852	1.157227	1.420898
9.005000	1.508789	-0.434570	-1.083984	-0.292969	1.416016
9.010000	1.357422	0.991211	-0.102539	-1.064453	1.420898
9.015000	-0.317383	0.468750	2.255859	-1.464844	1.416016
9.020000	0.761719	-2.465820	-0.825195	1.909180	1.420898
9.025000	3.989258	-0.058594	-1.655273	-1.044922	1.420898
9.030000	2.832031	1.655273	0.419922	-1.381836	1.420898
9.035000	0.498047	0.527344	0.727539	-0.048828	1.420898
9.040000	0.151367	-0.205078	-0.214844	0.058594	1.420898
9.045000	0.278320	0.322266	-0.322266	-1.171875	1.420898
9.050000	-0.444336	-0.092773	1.899414	1.142578	1.420898
9.055000	1.083984	-1.723633	-1.113281	0.991211	1.420898
9.060000	2.944336	0.493164	-1.010742	-1.166992	1.420898
9.065000	1.386719	1.308594	0.527344	-0.957031	1.420898
9.070000	-0.322266	-0.029297	1.752930	1.137695	1.420898
9.075000	0.981445	-1.494141	-1.015625	0.825195	1.420898
9.080000	2.553711	0.498047	-0.893555	-1.093750	1.420898
9.085000	1.088867	1.210938	0.478516	-1.162109	1.420898
9.090000	-0.458984	-0.395508	1.967773	1.621094	1.420898
9.095000	1.523438	-1.694336	-1.357422	0.786133	1.420898
9.100000	3.159180	0.727539	-0.878906	-1.303711	1.420898
9.105000	1.337891	1.284180	0.629883	-0.869141	1.420898
9.110000	-0.268555	-0.073242	1.401367	0.961914	1.416016
9.115000	0.839844	-1.142578	-0.903320	0.537109	1.420898
9.120000	1.938477	0.546875	-0.683594	-1.005859	1.420898
9.125000	0.532227	1.044922	0.498047	-3.271484	1.420898
9.130000	-0.512695	-1.420898	1.381836	2.338867	1.416016
9.135000	2.700195	-1.577148	-1.889648	0.317383	1.420898
9.140000	3.759766	1.240234	-0.566406	-1.611328	1.420898
9.145000	1.367188	1.220703	0.864258	-0.649414	1.420898
9.150000	0.029297	-0.039062	0.219727	0.180664	1.420898
9.155000	0.209961	0.004883	-0.400391	-0.278320	1.420898
9.160000	-0.131836	0.473633	0.913086	-2.651367	1.420898
9.165000	0.004883	-1.611328	-0.058594	1.567383	1.420898
9.170000	2.465820	-0.390625	-1.391602	-0.541992	1.420898
9.175000	2.016602	1.284180	0.068359	-1.250000	1.420898
9.180000	0.000000	0.654297	1.440430	-2.241211	1.420898
9.185000	0.209961	-1.796875	-0.278320	1.611328	1.420898
9.190000	2.792969	-0.278320	-1.425781	-0.678711	1.420898
9.195000	2.148438	1.362305	0.166016	-1.254883	1.420898
9.200000	0.068359	0.615234	1.201172	-1.953125	1.420898
9.205000	0.122070	-1.450195	-0.205078	1.303711	1.420898
9.210000	2.221680	-0.195312	-1.220703	-0.620117	1.420898
9.215000	1.601562	1.210938	0.126953	-1.127930	1.420898
9.220000	-0.253906	0.419922	2.011719	-1.137695	1.420898
9.225000	0.688477	-2.109375	-0.776367	1.586914	1.416016
9.230000	3.403320	0.034180	-1.435547	-0.991211	1.420898
9.235000	2.260742	1.494141	0.385742	-1.245117	1.420898
9.240000	0.146484	0.483398	0.869141	-1.118164	1.420898
9.245000	0.078125	-0.834961	-0.224609	0.683594	1.420898
9.250000	1.191406	0.073242	-0.761719	-0.590820	1.416016
9.255000	0.463867	0.927734	0.180664	-3.334961	1.420898
9.260000	-0.615234	-1.289062	1.806641	2.480469	1.420898
9.265000	2.705078	-1.894531	-1.977539	0.581055	1.420898
9.270000	4.204102	1.191406	-0.747070	-1.689453	1.420898
9.275000	1.752930	1.362305	0.913086	-0.761719	1.420898
9.280000	0.224609	-0.019531	0.302734	0.219727	1.420898
9.285000	0.434570	-0.053711	-0.419922	-0.229492	1.420898
9.290000	0.170898	0.561523	0.048828	-2.851562	1.420898
9.295000	-0.473633	-1.083984	1.240234	1.889648	1.420898
9.300000	2.094727	-1.308594	-1.582031	0.258789	1.416016
9.305000	2.963867	1.079102	-0.512695	-1.411133	1.420898
9.310000	0.864258	1.103516	0.722656	-1.376953	1.416016
9.315000	-0.327148	-0.620117	1.040039	1.279297	1.420898
9.320000	1.352539	-0.937500	-1.157227	0.166016	1.420898
9.325000	1.943359	0.854492	-0.429688	-1.137695	1.420898
9.330000	0.253906	0.942383	0.966797	-3.544922	1.420898
9.335000	-0.244141	-1.899414	0.551758	2.260742	1.420898
9.340000	3.100586	-1.044922	-1.865234	-0.200195	1.420898
9.345000	3.334961	1.435547	-0.190430	-1.567383	1.420898
9.350000	0.903320	0.971680	0.839844	-0.424805	1.420898
9.355000	-0.063477	-0.190430	0.170898	0.302734	1.420898
9.360000	0.317383	-0.009766	-0.483398	-0.312500	1.416016
9.365000	-0.058594	0.595703	0.781250	-3.271484	1.420898
9.370000	-0.151367	-1.767578	0.268555	1.938477	1.420898
9.375000	2.773438	-0.737305	-1.645508	-0.361328	1.420898
9.380000	2.695312	1.367188	-0.073242	-1.411133	1.420898
9.385000	0.454102	0.839844	0.786133	-1.821289	1.420898
9.390000	-0.175781	-0.957031	0.336914	1.176758	1.420898
9.395000	1.528320	-0.463867	-1.098633	-0.268555	1.420898
9.400000	1.420898	1.000977	-0.122070	-1.074219	1.420898
9.405000	-0.273438	0.527344	2.163086	-1.796875	1.420898
9.410000	0.664062	-2.446289	-0.727539	1.958008	1.416016
9.415000	3.935547	-0.136719	-1.699219	-0.991211	1.420898
9.420000	2.880859	1.645508	0.375977	-1.406250	1.420898
9.425000	0.512695	0.561523	0.747070	-0.073242	1.420898
9.430000	0.126953	-0.209961	-0.195312	0.068359	1.420898
9.435000	0.258789	0.307617	-0.332031	-1.171875	1.420898
9.440000	-0.444336	-0.087891	1.875000	1.108398	1.420898
9.445000	1.064453	-1.704102	-1.103516	0.976562	1.420898
9.450000	2.905273	0.493164	-1.000977	-1.162109	1.420898
9.455000	1.357422	1.298828	0.522461	-0.957031	1.420898
9.460000	-0.341797	-0.068359	1.796875	1.201172	1.420898
9.465000	1.049805	-1.538086	-1.059570	0.830078	1.420898
9.470000	2.646484	0.522461	-0.903320	-1.123047	1.420898
9.475000	1.137695	1.230469	0.498047	-0.957031	1.420898
9.480000	-0.434570	-0.332031	1.923828	1.528320	1.420898
9.485000	1.411133	-1.640625	-1.293945	0.781250	1.420898
9.490000	3.012695	0.688477	-0.869141	-1.264648	1.420898
9.495000	1.254883	1.259766	0.605469	-0.869141	1.416016
9.500000	-0.322266	-0.170898	1.567383	1.152344	1.420898
9.505000	1.035156	-1.289062	-1.035156	0.605469	1.420898
9.510000	2.280273	0.600586	-0.737305	-1.098633	1.420898
9.515000	0.756836	1.113281	0.483398	-2.470703	1.420898
9.520000	-0.522461	-0.986328	1.645508	2.050781	1.420898
9.525000	2.187500	-1.616211	-1.679688	0.502930	1.420898
9.530000	3.471680	1.040039	-0.683594	-1.489258	1.420898
9.535000	1.298828	1.245117	0.771484	-0.737305	1.420898
9.540000	-0.136719	-0.063477	0.805664	0.571289	1.420898
9.545000	0.502930	-0.541992	-0.644531	0.107422	1.416016
9.550000	0.844727	0.571289	-0.371094	-0.815430	1.420898
9.555000	-0.361328	0.458984	2.246094	-1.669922	1.420898
9.560000	0.751953	-2.543945	-0.820312	1.992188	1.420898
9.565000	4.106445	-0.097656	-1.718750	-1.044922	1.420898
9.570000	2.968750	1.694336	0.419922	-1.416016	1.420898
9.575000	0.571289	0.541992	0.756836	-0.048828	1.420898
9.580000	0.219727	-0.219727	-0.214844	0.073242	1.420898
9.585000	0.366211	0.317383	-0.332031	-0.605469	1.420898
9.590000	-0.395508	0.141602	1.884766	-0.224609	1.420898
9.595000	0.834961	-1.879883	-0.932617	1.254883	1.420898
9.600000	3.061523	0.273438	-1.201172	-1.069336	1.420898
9.605000	1.728516	1.386719	0.454102	-1.088867	1.420898
9.610000	-0.166016	0.273438	1.523438	-0.415039	1.420898
9.615000	0.571289	-1.425781	-0.698242	0.961914	1.420898
9.620000	2.260742	0.249023	-0.976562	-0.908203	1.420898
9.625000	1.113281	1.186523	0.336914	-1.069336	1.416016
9.630000	-0.502930	-0.297852	2.280273	1.718750	1.420898
9.635000	1.562500	-1.987305	-1.420898	1.049805	1.416016
9.640000	3.627930	0.654297	-1.064453	-1.357422	1.420898
9.645000	1.777344	1.425781	0.668945	-0.981445	1.420898
9.650000	-0.014648	0.195312	0.815430	-0.151367	1.425781
9.655000	0.263672	-0.600586	-0.473633	0.283203	1.420898
9.660000	0.825195	0.385742	-0.493164	-0.712891	1.420898
9.665000	-0.190430	0.678711	1.679688	-3.144531	1.416016
9.670000	0.263672	-2.431641	-0.288086	2.236328	1.420898
9.675000	3.828125	-0.522461	-1.875000	-0.722656	1.420898
9.680000	3.242188	1.655273	0.185547	-1.533203	1.416016
9.685000	0.732422	0.732422	0.830078	-0.185547	1.416016
9.690000	0.136719	-0.205078	-0.112305	0.131836	1.420898
9.695000	0.336914	0.229492	-0.371094	-0.483398	1.420898
9.700000	-0.322266	0.288086	1.679688	-1.210938	1.420898
9.705000	0.581055	-1.870117	-0.712891	1.391602	1.416016
9.710000	2.949219	0.083008	-1.284180	-0.942383	1.420898
9.715000	1.845703	1.386719	0.361328	-1.152344	1.420898
9.720000	-0.122070	0.390625	1.518555	-0.991211	1.420898
9.725000	0.463867	-1.528320	-0.600586	1.137695	1.420898
9.730000	2.402344	0.112305	-1.098633	-0.849609	1.416016
9.735000	1.367188	1.240234	0.297852	-1.035156	1.420898
9.740000	-0.390625	0.073242	2.182617	0.786133	1.420898
9.745000	1.113281	-1.992188	-1.118164	1.254883	1.420898
9.750000	3.393555	0.385742	-1.201172	-1.191406	1.420898
9.755000	1.865234	1.435547	0.537109	-1.083984	1.420898
9.760000	-0.048828	0.297852	1.088867	-0.585938	1.420898
9.765000	0.317383	-0.976562	-0.502930	0.639648	1.420898
9.770000	1.445312	0.258789	-0.742188	-0.751953	1.420898
9.775000	0.458984	0.981445	0.351562	-3.535156	1.420898
9.780000	-0.566406	-1.484375	1.552734	2.509766	1.420898
9.785000	2.866211	-1.752930	-2.006836	0.419922	1.420898
9.790000	4.121094	1.269531	-0.634766	-1.694336	1.416016
9.795000	1.621094	1.298828	0.917969	-0.693359	1.420898
9.800000	0.200195	-0.053711	0.249023	0.224609	1.420898
9.805000	0.429688	-0.024414	-0.419922	-0.258789	1.416016
9.810000	0.122070	0.576172	0.200195	-3.046875	1.420898
9.815000	-0.419922	-1.269531	0.981445	1.914062	1.420898
9.820000	2.255859	-1.162109	-1.606445	0.087891	1.420898
9.825000	2.861328	1.162109	-0.390625	-1.411133	1.420898
9.830000	0.717773	1.035156	0.727539	-1.713867	1.420898
9.835000	-0.312500	-0.795898	0.839844	1.342773	1.420898
9.840000	1.513672	-0.849609	-1.206055	0.039062	1.420898
9.845000	1.918945	0.932617	-0.336914	-1.162109	1.420898
9.850000	0.161133	0.898438	1.152344	-3.442383	1.420898
9.855000	-0.126953	-2.001953	0.302734	2.197266	1.420898
9.860000	3.198242	-0.864258	-1.831055	-0.356445	1.420898
9.865000	3.183594	1.474609	-0.083008	-1.528320	1.420898
9.870000	0.766602	0.893555	0.820312	-0.356445	1.420898
9.875000	-0.083008	-0.268555	0.161133	0.371094	1.420898
9.880000	0.415039	-0.029297	-0.532227	-0.322266	1.416016
9.885000	0.029297	0.659180	0.561523	-3.554688	1.420898
9.890000	-0.312500	-1.728516	0.639648	2.148438	1.416016
9.895000	2.827148	-1.049805	-1.782227	-0.141602	1.420898
9.900000	3.134766	1.357422	-0.234375	-1.518555	1.420898
9.905000	0.786133	0.971680	0.800781	-0.795898	1.420898
9.910000	-0.175781	-0.434570	0.473633	0.742188	1.420898
9.915000	0.810547	-0.371094	-0.786133	-0.156250	1.420898
9.920000	0.781250	0.756836	-0.195312	-0.957031	1.420898
9.925000	-0.551758	-0.029297	2.656250	1.318359	1.420898
9.930000	1.440430	-2.480469	-1.376953	1.557617	1.420898
9.935000	4.301758	0.419922	-1.430664	-1.372070	1.420898
9.940000	2.558594	1.650391	0.659180	-1.215820	1.420898
9.945000	0.400391	0.312500	0.615234	0.092773	1.420898
9.950000	0.312500	-0.195312	-0.327148	-0.019531	1.420898
9.955000	0.341797	0.419922	-0.268555	-1.342773	1.420898
9.960000	-0.478516	-0.185547	2.011719	1.440430	1.420898
9.965000	1.240234	-1.796875	-1.220703	0.981445	1.420898
9.970000	3.129883	0.561523	-1.015625	-1.235352	1.420898
9.975000	1.474609	1.337891	0.576172	-0.957031	1.420898
9.980000	-0.249023	0.039062	1.533203	0.761719	1.420898
9.985000	0.791016	-1.293945	-0.878906	0.717773	1.420898
9.990000	2.153320	0.458984	-0.805664	-1.000977	1.420898
9.995000	0.800781	1.118164	0.415039	-2.358398	1.420898
10.000000	-0.556641	-0.883789	1.889648	2.089844	1.416016
